name,address,size_bytes,decompiled_lines,status
ca_main.cold,00401140,248,42,ok
dgst_main.cold,00401155,14,59,ok
dsa_main.cold,00401172,162,24,ok
rsa_main.cold,0040118d,27,23,ok
load_serial.cold,004011a8,72,15,ok
save_index.cold,004011b5,69,13,ok
SSL_has_pending.cold,004011ff,10,10,ok
SSL_accept.cold,00401209,11,10,ok
SSL_connect.cold,00401214,11,10,ok
SSL_set_accept_state.cold,0040121f,11,10,ok
SSL_set_connect_state.cold,0040122a,11,10,ok
SSL_dup.cold,00401235,11,10,ok
ossl_quic_reactor_wait_ctx_leave.cold,0040124b,10,10,ok
ossl_qrl_enc_level_set_have_el.cold,00401255,10,10,ok
ssl3_read_bytes.cold,0040125f,10,10,ok
fd_gets.cold,00401269,10,10,ok
GENERAL_NAME_get0_value.cold,00401273,3,8,ok
X509_check_purpose.cold,00401276,10,10,ok
insert_nl_gt16.cold,00401280,13,11,ok
ossl_DER_w_algorithmIdentifier_MDWithRSAEncryption.cold,0040128d,108,16,ok
ossl_cleanup_destructor,00401d80,214,37,ok
main,00401f50,1108,153,ok
sk_OPENSSL_STRING_freefunc_thunk,00403ff0,8,11,ok
asn1parse_main,00404000,2681,408,ok
sk_OPENSSL_STRING_freefunc_thunk,00404ac0,8,11,ok
do_revoke,00404ad0,1749,242,ok
lookup_conf,004051e0,66,15,ok
do_body.constprop.0,00405230,4847,598,ok
certify.constprop.0,00406570,524,60,ok
sk_X509_freefunc_thunk,00406790,8,11,ok
do_updatedb,004067a0,282,51,ok
unpack_revinfo,004068d0,743,128,ok
ca_main,00406be0,13253,1636,ok
dummy_psk,0040a170,3,8,ok
ciphers_main,0040a180,1585,270,ok
sk_ASN1_UTF8STRING_cmpfunc_thunk,0040a800,11,12,ok
sk_X509_freefunc_thunk,0040a810,8,11,ok
print_to_bio_err,0040a820,26,10,ok
print_to_bio_out,0040a840,26,10,ok
truststore_set_host_etc,0040a860,137,22,ok
load_trusted,0040a900,152,28,ok
write_PKIMESSAGE,0040a9a0,322,41,ok
read_PKIMESSAGE,0040ab00,428,49,ok
read_write_req_resp,0040acd0,971,115,ok
save_free_certs,0040b0d0,702,90,ok
prev_item.part.0,0040b3b0,346,70,ok
opt_str,0040b530,204,26,ok
sk_X509_EXTENSION_freefunc_thunk,0040b610,8,11,ok
save_cert_or_delete,0040b620,301,47,ok
get_opts,0040b760,2585,549,ok
setup_srv_ctx,0040c1a0,2756,298,ok
setup_request_ctx,0040ccb0,8529,901,ok
setup_client_ctx,0040ef20,10721,1367,ok
cmp_main,004119e0,13482,1431,ok
sk_OPENSSL_STRING_freefunc_thunk,00414ee0,8,11,ok
cms_cb,00414ef0,56,12,ok
load_content_info,00414f30,256,40,ok
make_names_stack,00415040,209,48,ok
save_certs,00415120,92,26,ok
gnames_stack_print,00415190,191,29,ok
sk_X509_freefunc_thunk,00415260,8,11,ok
sk_GENERAL_NAMES_freefunc_thunk,00415270,8,11,ok
cms_main,00415280,13253,1667,ok
print_section,00419370,399,76,ok
configutl_main,00419530,664,116,ok
crl_main,004197f0,2996,415,ok
sk_OPENSSL_STRING_freefunc_thunk,0041a430,8,11,ok
sk_X509_freefunc_thunk,0041a440,8,11,ok
sk_X509_CRL_freefunc_thunk,0041a450,8,11,ok
crl2pkcs7_main,0041a460,1411,246,ok
sk_OPENSSL_STRING_freefunc_thunk,0041aa20,8,11,ok
show_digests,0041aa30,221,45,ok
print_out,0041ab20,1317,1,failed
do_fp_oneshot_sign,0041b070,547,70,ok
do_fp,0041b2c0,768,94,ok
dgst_main,0041b5d0,4231,585,ok
dsa_to_dh,0041c6f0,440,74,ok
dhparam_main,0041c8b0,2076,334,ok
dsa_main,0041d130,1729,317,ok
dsaparam_main,0041d8c0,1560,248,ok
ec_main,0041df10,1784,298,ok
ech_main,0041e650,2018,281,ok
ecparam_main,0041ee90,2696,427,ok
sk_OPENSSL_STRING_freefunc_thunk,0041f980,8,11,ok
set_hex,0041f990,242,52,ok
show_ciphers,0041faa0,226,46,ok
enc_main,0041fb90,6344,824,ok
errstr_main,00421510,261,49,ok
sk_OPENSSL_STRING_freefunc_thunk,00421630,8,11,ok
self_test_events,00421640,375,72,ok
do_mac,004217c0,159,26,ok
write_config_fips_section.constprop.0,00421860,1332,205,ok
fipsinstall_main,00421da0,4842,717,ok
gendsa_main,00423160,885,140,ok
sk_OPENSSL_STRING_freefunc_thunk,00423500,8,11,ok
genpkey_main,00423510,2731,440,ok
init_gen_str,00424020,170,34,ok
genrsa_main,004240d0,1645,229,ok
info_main,00424780,355,73,ok
sk_OPENSSL_STRING_freefunc_thunk,00424910,8,11,ok
alloc_kdf_algorithm_name,00424920,191,33,ok
kdf_main,004249f0,1545,211,ok
sk_OPENSSL_CSTRING_freefunc_thunk,00425040,8,11,ok
sk_OPENSSL_CSTRING_cmpfunc_thunk,00425050,11,12,ok
provider_cmp,00425060,46,14,ok
display_random,00425090,438,80,ok
collect_providers,00425250,31,11,ok
md_cmp,00425270,62,17,ok
kdf_cmp,004252b0,62,17,ok
mac_cmp,004252f0,62,17,ok
list_type,00425330,723,137,ok
cipher_cmp,00425630,62,17,ok
encoder_cmp,00425670,62,17,ok
decoder_cmp,004256b0,62,17,ok
keymanager_cmp,004256f0,62,17,ok
skeymanager_cmp,00425730,62,17,ok
signature_cmp,00425770,62,17,ok
list_tls_sigalg_caps,004257b0,36,9,ok
list_provider_tls_sigalgs,004257e0,124,24,ok
asymcipher_cmp,00425870,62,17,ok
kex_cmp,004258b0,62,17,ok
kem_cmp,004258f0,62,17,ok
store_cmp,00425930,62,17,ok
collect_rands,00425970,133,31,ok
legacy_cipher_fn,00425a00,147,32,ok
collect_digests,00425aa0,133,31,ok
collect_kdfs,00425b30,133,31,ok
collect_macs,00425bc0,121,28,ok
collect_ciphers,00425c40,133,31,ok
collect_encoders,00425cd0,133,31,ok
collect_decoders,00425d60,133,31,ok
collect_keymanagers,00425df0,133,31,ok
collect_skeymanagers,00425e80,121,28,ok
collect_signatures,00425f00,133,31,ok
collect_asymciph,00425f90,133,31,ok
collect_kex,00426020,133,31,ok
collect_kem,004260b0,133,31,ok
collect_store_loaders,00426140,57,18,ok
list_store_loaders,00426180,483,65,ok
list_keyexchanges,00426380,498,69,ok
list_asymciphers,00426590,498,69,ok
list_kems,004267a0,498,69,ok
list_signatures,004269b0,498,69,ok
list_keymanagers,00426bc0,532,69,ok
list_decoders,00426de0,501,67,ok
list_encoders,00426ff0,501,67,ok
list_kdfs,00427200,539,69,ok
list_macs,00427440,539,69,ok
list_digests,00427680,607,74,ok
list_ciphers,00427900,607,74,ok
rand_cmp,00427b80,100,25,ok
legacy_md_fn,00427bf0,80,22,ok
sk_EVP_CIPHER_freefunc_thunk,00427c50,8,11,ok
sk_EVP_MD_freefunc_thunk,00427c60,8,11,ok
sk_EVP_MAC_freefunc_thunk,00427c70,8,11,ok
sk_EVP_KDF_freefunc_thunk,00427c80,8,11,ok
sk_EVP_RAND_freefunc_thunk,00427c90,8,11,ok
sk_OSSL_ENCODER_freefunc_thunk,00427ca0,8,11,ok
sk_OSSL_DECODER_freefunc_thunk,00427cb0,8,11,ok
sk_EVP_KEYMGMT_freefunc_thunk,00427cc0,8,11,ok
sk_EVP_SKEYMGMT_freefunc_thunk,00427cd0,8,11,ok
sk_EVP_SIGNATURE_freefunc_thunk,00427ce0,8,11,ok
sk_EVP_KEM_freefunc_thunk,00427cf0,8,11,ok
sk_EVP_ASYM_CIPHER_freefunc_thunk,00427d00,8,11,ok
sk_EVP_KEYEXCH_freefunc_thunk,00427d10,8,11,ok
sk_OSSL_STORE_LOADER_freefunc_thunk,00427d20,8,11,ok
sk_OSSL_PROVIDER_freefunc_thunk,00427d30,8,11,ok
sk_EVP_CIPHER_cmpfunc_thunk,00427d40,11,11,ok
sk_EVP_MD_cmpfunc_thunk,00427d50,11,11,ok
sk_EVP_MAC_cmpfunc_thunk,00427d60,11,11,ok
sk_EVP_KDF_cmpfunc_thunk,00427d70,11,11,ok
sk_EVP_RAND_cmpfunc_thunk,00427d80,11,11,ok
sk_OSSL_ENCODER_cmpfunc_thunk,00427d90,11,12,ok
sk_OSSL_DECODER_cmpfunc_thunk,00427da0,11,12,ok
sk_EVP_KEYMGMT_cmpfunc_thunk,00427db0,11,11,ok
sk_EVP_SKEYMGMT_cmpfunc_thunk,00427dc0,11,12,ok
sk_EVP_SIGNATURE_cmpfunc_thunk,00427dd0,11,12,ok
sk_EVP_KEM_cmpfunc_thunk,00427de0,11,11,ok
sk_EVP_ASYM_CIPHER_cmpfunc_thunk,00427df0,11,12,ok
sk_EVP_KEYEXCH_cmpfunc_thunk,00427e00,11,11,ok
sk_OSSL_STORE_LOADER_cmpfunc_thunk,00427e10,11,12,ok
sk_OSSL_PROVIDER_cmpfunc_thunk,00427e20,11,12,ok
list_main,00427e30,7317,846,ok
sk_OPENSSL_STRING_freefunc_thunk,00429b60,8,11,ok
alloc_mac_algorithm_name,00429b70,191,33,ok
mac_main,00429c40,1493,234,ok
sk_X509_freefunc_thunk,0042a260,8,11,ok
nseq_main,0042a270,754,125,ok
sk_OPENSSL_STRING_freefunc_thunk,0042a590,8,11,ok
sk_X509_freefunc_thunk,0042a5a0,8,11,ok
sk_OCSP_CERTID_freefunc_thunk,0042a5b0,8,11,ok
ocsp_main,0042a5c0,11986,1433,ok
process_responder,0042d600,228,36,ok
lh_FUNCTION_hfn_thunk,0042d6f0,2,11,ok
lh_FUNCTION_cfn_thunk,0042d700,2,11,ok
lh_FUNCTION_doall_thunk,0042d710,2,11,ok
lh_FUNCTION_doall_arg_thunk,0042d720,2,11,ok
function_cmp,0042d730,18,9,ok
function_hash,0042d750,9,9,ok
do_cmd,0042d760,536,87,ok
SortFnByName,0042d9a0,24,14,ok
prog_init,0042d9c0,215,39,ok
help_main,0042daa0,552,93,ok
md5crypt,0042dcf0,1827,197,ok
do_passwd.constprop.0,0042e450,5149,648,ok
passwd_main,0042f8c0,1305,241,ok
sk_OPENSSL_STRING_freefunc_thunk,0042fe30,8,11,ok
jdk_trust,0042fe40,103,19,ok
alg_print.isra.0,0042feb0,661,100,ok
cert_load,00430160,78,25,ok
print_attribute,004301c0,463,69,ok
print_attribs,004303b0,348,53,ok
dump_certs_pkeys_bag,00430530,1005,130,ok
dump_certs_pkeys_bags,00430970,129,26,ok
dump_certs_keys_p12,00430a00,482,75,ok
pkcs12_main,00430c00,7603,963,ok
pkcs7_main,00432ab0,1480,245,ok
pkcs8_main,004330d0,2573,402,ok
sk_OPENSSL_STRING_freefunc_thunk,00433b30,8,11,ok
pkey_main,00433b40,2487,400,ok
pkeyparam_main,00434560,659,129,ok
sk_OPENSSL_STRING_freefunc_thunk,00434820,8,11,ok
do_keyop,00434830,106,34,ok
pkeyutl_main,004348c0,7722,921,ok
process_num,004367a0,311,55,ok
prime_main,00436910,1021,187,ok
rand_main,00436d60,1181,203,ok
sk_OPENSSL_STRING_cmpfunc_thunk,00437240,11,12,ok
str_free,00437250,17,9,ok
sk_strcmp,00437270,11,9,ok
add_entry,00437280,751,160,ok
handle_symlink,004375a0,272,43,ok
do_dir,004376c0,2637,328,ok
rehash_main,00438170,506,98,ok
sk_OPENSSL_STRING_freefunc_thunk,004383a0,8,11,ok
lh_OPENSSL_STRING_hash_thunk,004383b0,2,11,ok
lh_OPENSSL_STRING_comp_thunk,004383c0,2,11,ok
lh_OPENSSL_STRING_doall_thunk,004383d0,2,11,ok
lh_OPENSSL_STRING_doall_arg_thunk,004383e0,2,12,ok
ext_name_cmp,004383f0,5,10,ok
exts_cleanup,00438400,17,9,ok
ext_name_hash,00438420,5,28,ok
build_data.constprop.0,00438430,907,132,ok
req_main,004387f0,13758,1741,ok
rsa_main,0043bee0,2780,419,ok
rsautl_main,0043ca20,2002,293,ok
sk_OPENSSL_STRING_freefunc_thunk,0043d260,8,11,ok
serverinfo_cli_parse_cb,0043d270,142,17,ok
next_proto_cb,0043d300,246,32,ok
psk_client_cb,0043d400,490,52,ok
psk_use_session_cb,0043d620,437,67,ok
checked_uint8,0043d7f0,214,39,ok
hexdecode,0043d8e0,345,80,ok
new_session_cb,0043da50,173,28,ok
ssl_servername_cb,0043db10,93,19,ok
print_stuff,0043db80,4286,458,ok
sk_X509_NAME_freefunc_thunk,0043ecf0,8,11,ok
sk_X509_CRL_freefunc_thunk,0043ed00,8,11,ok
ocsp_resp_cb,0043ed10,473,64,ok
user_data_process,0043ef10,1647,262,ok
s_client_main,0043f5c0,19891,2475,ok
sk_OPENSSL_STRING_freefunc_thunk,00445500,8,11,ok
sk_OCSP_RESPONSE_cmpfunc_thunk,00445510,11,12,ok
next_proto_cb,00445520,15,11,ok
not_resumable_sess_cb,00445530,3,8,ok
print_stats,00445540,382,38,ok
count_reads_callback,004456c0,170,23,ok
print_connection_info,00445770,974,108,ok
www_body,00445b70,4200,563,ok
ssl_ech_servername_cb,00446c50,1265,187,ok
psk_find_session_cb,00447190,395,56,ok
psk_server_cb,00447340,613,69,ok
alpn_cb,004475d0,339,43,ok
generate_session_id,00447730,138,32,ok
init_session_cache_ctx,004477c0,67,12,ok
del_session,00447810,194,42,ok
get_session,004478f0,180,33,ok
add_session,004479b0,419,50,ok
ech_print_cb,00447b70,49,12,ok
ech_load_dir.constprop.0,00447bb0,628,82,ok
sk_X509_CRL_freefunc_thunk,00447e40,8,11,ok
sk_OCSP_RESPONSE_freefunc_thunk,00447e50,8,11,ok
cert_status_cb,00447e60,4204,545,ok
rev_body,00448f50,1259,152,ok
sv_body,00449480,4680,977,ok
s_server_main,0044a780,13456,1644,ok
doConnection,0044dc90,384,63,ok
s_time_main,0044de30,2312,343,ok
sess_id_main,0044e7d0,1114,192,ok
sk_OPENSSL_STRING_freefunc_thunk,0044ec60,8,11,ok
skeyutl_main,0044ec70,888,160,ok
sk_OPENSSL_STRING_freefunc_thunk,0044f010,8,11,ok
smime_cb,0044f020,50,14,ok
sk_X509_freefunc_thunk,0044f060,8,11,ok
smime_main,0044f070,7289,1089,ok
sk_EVP_KEM_freefunc_thunk,00450e20,8,11,ok
sk_EVP_KEM_cmpfunc_thunk,00450e30,11,11,ok
alarmed,00450e40,36,10,ok
RAND_bytes_loop,00450e70,98,26,ok
SIG_keygen_loop,00450ee0,138,29,ok
KEM_keygen_loop,00450f70,172,30,ok
FFDH_derive_key_loop,00451020,133,30,ok
ECDH_EVP_derive_key_loop,004510b0,124,32,ok
KEM_encaps_loop,00451140,177,40,ok
KEM_decaps_loop,00451200,177,40,ok
SIG_verify_loop,004512c0,220,37,ok
EVP_Update_loop_aead_enc,004513b0,501,69,ok
get_ecdsa,004515b0,255,41,ok
SIG_sign_loop,004516c0,264,41,ok
ECDSA_verify_loop,004517e0,326,64,ok
ECDSA_sign_loop,00451940,356,65,ok
GHASH_loop,00451ac0,116,26,ok
EVP_Update_loop,00451b40,397,56,ok
EVP_Update_loop_aead_dec,00451ce0,621,90,ok
EVP_Cipher_loop,00451f60,139,36,ok
signatures_cmp,00452000,62,17,ok
kems_cmp,00452040,62,17,ok
init_evp_cipher_ctx,00452080,160,28,ok
mac_setup,00452120,168,37,ok
pkey_print_message,004521e0,91,18,ok
kskey_print_message,00452240,91,18,ok
mac_teardown,004522a0,74,21,ok
run_benchmark,004522f0,1184,196,ok
DSA_verify_loop,004527b0,184,34,ok
DSA_sign_loop,00452880,188,41,ok
RSA_decrypt_loop,00452950,203,42,ok
RSA_encrypt_loop,00452a30,188,41,ok
RSA_verify_loop,00452b00,184,34,ok
RSA_sign_loop,00452bd0,188,41,ok
print_result,00452ca0,200,23,ok
collect_signatures,00452d70,133,31,ok
collect_kem,00452e00,133,31,ok
EVP_MAC_loop.isra.0,00452e90,187,30,ok
HMAC_loop,00452f60,5,30,ok
CMAC_loop,00452f70,5,30,ok
KMAC128_loop,00452f80,5,30,ok
KMAC256_loop,00452f90,5,30,ok
EVP_Digest_loop.isra.0,00452fa0,387,62,ok
EVP_Digest_MD2_loop,00453140,15,9,ok
EVP_Digest_MDC2_loop,00453150,15,9,ok
EVP_Digest_MD4_loop,00453160,15,9,ok
MD5_loop,00453170,15,9,ok
SHA1_loop,00453180,15,9,ok
SHA256_loop,00453190,15,9,ok
SHA512_loop,004531a0,15,9,ok
WHIRLPOOL_loop,004531b0,15,9,ok
EVP_Digest_RMD160_loop,004531c0,15,9,ok
EVP_Digest_md_loop,004531d0,15,9,ok
sk_EVP_SIGNATURE_freefunc_thunk,004531e0,8,11,ok
sk_EVP_SIGNATURE_cmpfunc_thunk,004531f0,11,12,ok
multiblock_speed,00453200,1775,196,ok
do_multi,00453940,7990,1182,ok
get_dsa,004558e0,746,97,ok
speed_main,00455bf0,40043,5760,ok
spkac_main,0045fe80,1484,236,ok
srp_verify_user,00460470,377,55,ok
srp_create_user,00460600,300,38,ok
get_index,00460740,156,33,ok
print_user.part.0,004607f0,280,40,ok
srp_main,00460910,5185,586,ok
indent_printf,00461dc0,180,48,ok
process,00461e80,2415,257,ok
storeutl_main,00462890,1689,261,ok
verify_cb,00462f60,3,8,ok
next_serial,00462f70,327,64,ok
create_digest.constprop.0,004630d0,317,47,ok
serial_cb,00463220,166,29,ok
ts_main,004632e0,5182,735,ok
sk_OPENSSL_STRING_freefunc_thunk,00464770,8,11,ok
cb,00464780,331,60,ok
check,004648f0,754,105,ok
verify_main,00464c00,1592,225,ok
version_main,004652a0,813,144,ok
sk_OPENSSL_STRING_freefunc_thunk,00465600,8,11,ok
sk_X509_EXTENSION_cmpfunc_thunk,00465610,11,12,ok
callb,00465620,135,25,ok
sk_ASN1_OBJECT_freefunc_thunk,004656b0,8,11,ok
sk_X509_freefunc_thunk,004656c0,8,11,ok
sk_X509_EXTENSION_freefunc_thunk,004656d0,8,11,ok
x509_main,004656e0,13532,1720,ok
app_set_propq,00468d30,13,9,ok
app_get0_propq,00468d40,8,8,ok
app_get0_libctx,00468d50,8,8,ok
app_create_libctx,00468d60,96,26,ok
print_param_octet,00468dd0,196,34,ok
print_param_types,00468ea0,669,97,ok
print_param_value,00469180,406,60,ok
sk_OSSL_PROVIDER_freefunc_thunk,00469360,8,11,ok
provider_free,00469370,5,15,ok
set_prov_param,00469380,75,23,ok
app_provider_load,004693e0,204,34,ok
app_providers_cleanup,004694c0,54,13,ok
opt_provider,00469500,677,121,ok
opt_provider_option_given,004697f0,7,8,ok
sk_OPENSSL_STRING_freefunc_thunk,00469800,8,11,ok
app_RAND_load_conf,00469810,157,27,ok
app_RAND_load,004698c0,336,70,ok
app_RAND_write,00469a20,102,22,ok
opt_rand,00469a90,164,32,ok
x509_ctrl_string,00469b50,366,62,ok
x509_req_ctrl_string,00469cd0,366,62,ok
sk_X509_freefunc_thunk,00469e80,8,11,ok
index_name_qual,00469e90,13,8,ok
index_serial_LHASH_COMP,00469ea0,62,25,ok
index_name_LHASH_HASH,00469ee0,9,9,ok
index_serial_LHASH_HASH,00469ef0,30,18,ok
app_http_tls_cb,00469f10,522,101,ok
modestr.part.0,0046a140,28,10,ok
set_multi_opts.part.0,0046a160,265,62,ok
sk_X509_CRL_freefunc_thunk,0046a280,8,11,ok
index_name_LHASH_COMP,0046a290,13,9,ok
do_sign_init,0046a2a0,374,55,ok
bio_open_default_,0046a430,468,79,ok
app_get_pass,0046a630,837,93,ok
app_init,0046a9b0,6,8,ok
ctx_set_verify_locations,0046a9c0,209,36,ok
ctx_set_ctlog_list_file,0046aab0,15,13,ok
set_nameopt,0046aad0,91,21,ok
get_nameopt,0046ab40,22,14,ok
wrap_password_callback,0046ab60,5,77,ok
get_passwd,0046ab70,151,25,ok
app_passwd,0046ac20,286,77,ok
app_conf_try_string,0046ad60,66,17,ok
app_conf_try_number,0046adb0,86,17,ok
app_load_config_bio,0046ae10,221,37,ok
app_load_config_verbose,0046af00,360,62,ok
app_load_config_internal,0046b080,313,60,ok
app_load_modules,0046b1d0,218,42,ok
add_oid_section,0046b2c0,193,37,ok
app_load_config_modules,0046b3a0,244,51,ok
load_csr,0046b4a0,371,62,ok
cleanse,0046b630,27,15,ok
clear_free,0046b660,39,15,ok
app_bail_out,0046b6a0,172,53,ok
app_malloc,0046b750,69,17,ok
app_malloc_array,0046b7a0,71,17,ok
next_item,0046b7f0,193,50,ok
load_key_certs_crls,0046b8c0,4582,656,ok
load_cert_pass,0046cb70,280,34,ok
load_crl,0046cca0,267,33,ok
load_crl_crldp,0046cdc0,257,42,ok
crls_http_cb,0046ced0,234,37,ok
load_key,0046cfc0,65,9,ok
load_pubkey,0046d010,179,20,ok
load_keyparams_suppress,0046d0d0,184,12,ok
load_skey,0046d190,54,9,ok
load_cert_certs,0046d1d0,703,77,ok
load_certs_multifile,0046d4b0,345,55,ok
load_certstore,0046d610,325,57,ok
load_certs,0046d770,53,13,ok
load_crls,0046d7b0,56,15,ok
load_keyparams,0046d7f0,187,13,ok
load_rpk_file,0046d8b0,1057,142,ok
set_cert_ex,0046dd10,20,14,ok
set_name_ex,0046dd30,60,22,ok
set_dateopt,0046dd80,84,21,ok
set_ext_copy,0046dde0,110,27,ok
copy_extensions,0046de60,297,49,ok
print_name,0046dfa0,257,46,ok
dump_cert_text,0046e0c0,277,43,ok
print_bignum_var,0046e1f0,273,51,ok
print_array,0046e310,232,40,ok
setup_verify,0046e410,587,72,ok
index_name_cmp,0046e670,13,9,ok
load_serial,0046e680,323,67,ok
save_serial,0046e820,320,52,ok
rotate_serial,0046e980,358,49,ok
rand_serial,0046eaf0,175,35,ok
load_index,0046ebc0,716,166,ok
index_index,0046eeb0,182,32,ok
save_index,0046ef80,345,51,ok
rotate_index,0046f0e0,650,73,ok
free_index,0046f370,70,14,ok
parse_yesno,0046f3c0,88,31,ok
parse_name,0046f430,839,131,ok
bio_to_mem,0046f7b0,281,38,ok
pkey_ctrl_string,0046f8d0,124,25,ok
encode_private_key,0046f950,394,63,ok
policies_print,0046faf0,347,53,ok
next_protos_parse,0046fc60,301,63,ok
check_cert_attributes,0046fda0,338,56,ok
do_EXT_add_nconf,0046ff00,104,21,ok
do_EXT_REQ_add_nconf,0046ff70,93,17,ok
cert_matches_key,0046ffd0,44,13,ok
do_X509_sign,00470000,133,26,ok
do_X509_REQ_sign,00470090,91,19,ok
do_X509_CRL_sign,00470100,91,19,ok
do_X509_verify,00470170,138,25,ok
do_X509_REQ_verify,00470210,157,28,ok
load_csr_autofmt,004702c0,341,51,ok
store_setup_crl_download,00470430,12,9,ok
APP_HTTP_TLS_INFO_free,00470440,40,13,ok
app_http_get_asn1,00470480,521,58,ok
app_http_post_asn1,004706a0,287,35,ok
app_tminterval,004707c0,105,21,ok
app_access,00470830,5,11,ok
app_isdir,00470840,5,17,ok
fileno_stdin,00470850,12,9,ok
fileno_stdout,00470860,12,9,ok
raw_read_stdin,00470870,43,12,ok
raw_write_stdout,004708a0,43,12,ok
dup_bio_in,004708d0,36,12,ok
dup_bio_out,00470900,36,12,ok
dup_bio_err,00470930,36,12,ok
unbuffer,00470960,7,9,ok
bio_open_owner,00470970,423,59,ok
bio_open_default,00470b30,449,87,ok
bio_open_default_quiet,00470d10,257,51,ok
mem_bio_to_file,00470e30,194,32,ok
wait_for_async,00470f00,343,64,ok
corrupt_signature,00471060,98,21,ok
check_cert_time_string,004710d0,96,22,ok
set_cert_times,00471140,670,96,ok
set_crl_lastupdate,00471400,109,28,ok
set_crl_nextupdate,00471470,142,31,ok
make_uppercase,00471510,76,20,ok
app_params_new_from_opts,00471560,526,83,ok
app_params_free,00471780,81,23,ok
app_keygen,004717e0,243,37,ok
app_paramgen,004718f0,126,27,ok
get_str_from_file,00471980,424,62,ok
process_additional_mac_key_arguments,00471b40,1286,151,ok
opt_printf_stderr,00472080,158,51,ok
ui_prompt_construct,00472120,64,18,ok
ui_close,00472160,34,19,ok
ui_write,00472190,110,31,ok
ui_read,00472210,132,36,ok
ui_open,004722b0,34,19,ok
set_base_ui_method,004722e0,44,13,ok
setup_ui_method,00472320,176,21,ok
destroy_ui_method,004723e0,38,13,ok
get_ui_method,00472410,8,8,ok
password_callback,00472420,601,77,ok
calculate_columns,00472690,116,31,ok
FMT_istext,00472710,9,8,ok
noteterm,00472720,7,9,ok
killall,00472730,112,29,ok
socket_timeout,004727b0,19,12,ok
spawn_loop,004727d0,880,140,ok
http_server_init,00472b50,480,54,ok
http_server_get_asn1_req,00472d50,3197,352,ok
http_server_send_asn1_resp,00473a00,297,43,ok
http_server_send_status,00473b30,149,21,ok
log_get_verbosity,00473bd0,7,8,ok
trace_log_message,00473be0,439,82,ok
log_set_verbosity,00473da0,58,13,ok
name_cmp,00473df0,11,11,ok
collect_names,00473e00,14,9,ok
print_names,00473e10,211,37,ok
opt_number_error,00473f00,173,33,ok
valtype2param.isra.0,00473fc0,151,42,ok
opt_path_end,00474060,38,21,ok
opt_progname,004740a0,77,28,ok
opt_appname,00474110,69,14,ok
opt_getprog,00474160,8,8,ok
opt_init,00474170,471,84,ok
opt_set_unknown_name,00474370,8,9,ok
opt_format,00474380,2175,260,ok
print_format_error,00474c40,327,61,ok
opt_cipher_silent,00474da0,105,28,ok
opt_cipher_any,00474e20,144,32,ok
opt_cipher,00474ec0,245,46,ok
opt_md_silent,00474fe0,105,28,ok
opt_md,00475060,144,32,ok
opt_check_md,00475100,128,27,ok
opt_pair,00475190,164,31,ok
opt_string,00475240,128,30,ok
opt_int,004752d0,212,47,ok
opt_int_arg,004753b0,221,43,ok
opt_long,004754a0,145,29,ok
opt_intmax,00475540,145,29,ok
opt_uintmax,004755e0,132,29,ok
opt_ulong,00475670,132,29,ok
opt_verify,00475700,1154,166,ok
opt_begin,00475c30,33,11,ok
opt_next,00475c60,1214,193,ok
opt_arg,00476140,8,8,ok
opt_flag,00476150,8,8,ok
opt_unknown,00476160,8,8,ok
reset_unknown,00476170,12,9,ok
opt_rest,00476180,19,8,ok
opt_num_rest,004761a0,42,20,ok
opt_check_rest_arg,004761d0,201,35,ok
opt_help,004762c0,796,209,ok
opt_isdir,00476600,54,17,ok
set_cert_cb,00476640,546,78,ok
security_callback_debug,00476880,1174,177,ok
keylog_callback,00476d60,77,14,ok
hexencode.part.0,00476dc0,46,13,ok
do_print_sigalgs.constprop.0.isra.0,00476df0,345,50,ok
verify_callback,00476f60,1012,162,ok
set_cert_stuff,00477390,163,34,ok
set_cert_key_stuff,00477450,350,47,ok
ssl_print_sigalgs,004775d0,1069,151,ok
ssl_print_point_formats,00477a60,349,55,ok
ssl_print_groups,00477bf0,611,83,ok
ssl_print_tmp_key,00477e70,482,70,ok
bio_dump_callback,00478080,689,107,ok
apps_ssl_info_callback,00478360,223,47,ok
msg_cb,00478460,912,140,ok
tlsext_cb,00478840,135,29,ok
generate_stateless_cookie_callback,004788d0,490,68,ok
verify_stateless_cookie_callback,00478ae0,91,24,ok
generate_cookie_callback,00478b50,44,16,ok
verify_cookie_callback,00478b80,89,24,ok
ssl_ctx_set_excert,00478bf0,15,9,ok
ssl_excert_free,00478c00,92,21,ok
load_excert,00478c70,320,62,ok
args_excert,00478dd0,488,104,ok
print_verify_detail,00478fe0,1470,154,ok
print_ssl_summary,004795c0,900,101,ok
config_ctx,00479980,213,37,ok
ssl_ctx_add_crls,00479a70,109,26,ok
ssl_load_stores,00479af0,521,110,ok
ssl_ctx_security_debug,00479d30,67,13,ok
set_keylog_file,00479d80,190,25,ok
print_ca_names,00479e50,227,43,ok
ssl_print_secure_renegotiation_notes,00479f40,121,26,ok
progress_cb,00479fc0,101,20,ok
init_client,0047a030,1208,174,ok
get_sock_info_address,0047a530,152,33,ok
report_server_accept,0047a5d0,409,61,ok
do_server,0047a780,1356,182,ok
do_ssl_shutdown,0047ad00,50,23,ok
dummy_srp,0047ad40,8,8,ok
ssl_srp_verify_param_cb,0047ad50,581,83,ok
ssl_give_srp_client_pwd_cb,0047afb0,130,27,ok
ssl_srp_server_param_cb,0047b040,214,44,ok
set_up_srp_arg,0047b130,187,27,ok
set_up_dummy_srp,0047b200,12,9,ok
set_up_srp_verifier_file,0047b210,195,31,ok
lookup_srp_user,0047b2e0,90,18,ok
SSL_CTX_set1_echstore,0047b340,186,28,ok
SSL_set1_echstore,0047b410,178,35,ok
SSL_CTX_get1_echstore,0047b4d0,138,25,ok
SSL_get1_echstore,0047b570,182,27,ok
SSL_ech_set1_server_names,0047b640,249,38,ok
SSL_ech_set1_outer_server_name,0047b750,185,29,ok
SSL_ech_set1_outer_alpn_protos,0047b820,222,36,ok
SSL_ech_get1_status,0047b910,811,131,ok
SSL_ech_set1_grease_suite,0047bc70,249,39,ok
SSL_ech_set_grease_type,0047bd70,77,21,ok
SSL_ech_set_callback,0047bdd0,60,23,ok
SSL_ech_get1_retry_config,0047be20,603,87,ok
SSL_CTX_ech_set1_outer_alpn_protos,0047c0a0,237,35,ok
SSL_CTX_ech_set_callback,0047c1a0,69,15,ok
SSL_set1_ech_config_list,0047c1f0,392,55,ok
sk_OSSL_ECHEXT_freefunc_thunk,0047c390,8,11,ok
ech_final_config_checks,0047c3a0,510,98,ok
ossl_echstore_entry_free.part.0,0047c5c0,146,19,ok
ossl_echstore_entry_free,0047c660,11,12,ok
sk_OSSL_ECHSTORE_ENTRY_freefunc_thunk,0047c680,8,11,ok
ossl_echext_free,0047c690,61,13,ok
ech_decode_one_entry,0047c6e0,2219,287,ok
ech_read_priv_echconfiglist,0047cfb0,1671,225,ok
ossl_echext_dup,0047d660,152,29,ok
OSSL_ECHSTORE_new,0047d710,117,24,ok
OSSL_ECHSTORE_free,0047d790,91,17,ok
OSSL_ECHSTORE_new_config,0047d800,1514,181,ok
OSSL_ECHSTORE_write_pem,0047de10,937,140,ok
OSSL_ECHSTORE_read_echconfiglist,0047e1f0,9,9,ok
OSSL_ECHSTORE_get1_info,0047e200,1053,132,ok
OSSL_ECHSTORE_downselect,0047e650,283,57,ok
OSSL_ECHSTORE_set1_key_and_read_pem,0047e790,526,65,ok
OSSL_ECHSTORE_read_pem,0047e9c0,321,42,ok
OSSL_ECHSTORE_num_entries,0047eb10,90,21,ok
OSSL_ECHSTORE_num_keys,0047eb80,216,38,ok
OSSL_ECHSTORE_flush_keys,0047ec70,272,54,ok
ssl_callback_ctrl,0047ed90,60,18,ok
ssl_new,0047edd0,89,16,ok
ssl_puts,0047ee30,59,16,ok
ssl_read,0047ee70,419,68,ok
ssl_write,0047f040,340,60,ok
ssl_free,0047f1c0,161,31,ok
ssl_ctrl,0047f270,1539,246,ok
BIO_f_ssl,0047f890,8,10,ok
BIO_new_ssl_connect,0047f8a0,256,48,ok
BIO_new_buffer_ssl_connect,0047f9b0,164,37,ok
BIO_new_ssl,0047fa70,113,26,ok
BIO_ssl_copy_session_id,0047fb00,112,24,ok
BIO_ssl_shutdown,0047fb80,87,25,ok
dtls1_handshake_write,0047fbf0,10,9,ok
dtls1_default_timeout,0047fc00,11,8,ok
dtls1_new,0047fc10,210,34,ok
dtls1_clear_received_buffer,0047fcf0,62,16,ok
dtls1_clear_sent_buffer,0047fd40,95,22,ok
dtls1_free,0047fdb0,267,41,ok
dtls1_clear,0047fed0,437,103,ok
dtls1_start_timer,004800b0,299,51,ok
dtls1_get_timeout,004801f0,104,20,ok
dtls1_is_timer_expired,00480260,75,19,ok
dtls1_stop_timer,004802c0,168,32,ok
dtls1_check_timeout_num,00480370,172,36,ok
dtls1_handle_timeout,00480430,154,37,ok
dtls1_ctrl,004804e0,324,66,ok
DTLSv1_listen,00480660,2779,298,ok
dtls1_shutdown,00481160,5,51,ok
dtls1_query_mtu,00481170,332,50,ok
dtls1_min_mtu,004812d0,41,13,ok
DTLS_get_data_mtu,00481300,183,38,ok
DTLS_set_timer_cb,004813d0,26,11,ok
sk_SRTP_PROTECTION_PROFILE_freefunc_thunk,004813f0,8,11,ok
ssl_ctx_make_profiles,00481400,487,69,ok
SSL_CTX_set_tlsext_use_srtp,00481600,95,30,ok
SSL_set_tlsext_use_srtp,00481670,35,14,ok
SSL_get_srtp_profiles,004816a0,43,16,ok
SSL_get_selected_srtp_profile,004816e0,22,11,ok
TLS_method,00481700,8,8,ok
tlsv1_3_method,00481710,8,8,ok
tlsv1_2_method,00481720,8,8,ok
tlsv1_1_method,00481730,8,8,ok
tlsv1_method,00481740,8,8,ok
TLS_server_method,00481750,8,8,ok
tlsv1_3_server_method,00481760,8,8,ok
tlsv1_2_server_method,00481770,8,8,ok
tlsv1_1_server_method,00481780,8,8,ok
tlsv1_server_method,00481790,8,8,ok
TLS_client_method,004817a0,8,8,ok
tlsv1_3_client_method,004817b0,8,8,ok
tlsv1_2_client_method,004817c0,8,8,ok
tlsv1_1_client_method,004817d0,8,8,ok
tlsv1_client_method,004817e0,8,8,ok
dtlsv1_method,004817f0,8,8,ok
dtlsv1_2_method,00481800,8,8,ok
DTLS_method,00481810,8,8,ok
dtlsv1_server_method,00481820,8,8,ok
dtlsv1_2_server_method,00481830,8,8,ok
DTLS_server_method,00481840,8,8,ok
dtlsv1_client_method,00481850,8,8,ok
dtls_bad_ver_client_method,00481860,8,8,ok
dtlsv1_2_client_method,00481870,8,8,ok
DTLS_client_method,00481880,8,8,ok
pitem_new,004818a0,65,18,ok
pitem_free,004818f0,17,9,ok
pqueue_new,00481910,22,13,ok
pqueue_free,00481930,17,9,ok
pqueue_insert,00481950,126,40,ok
pqueue_peek,004819e0,4,8,ok
pqueue_pop,004819f0,16,14,ok
pqueue_find,00481a00,48,27,ok
pqueue_iterator,00481a50,4,8,ok
pqueue_next,00481a60,24,20,ok
pqueue_size,00481a80,33,15,ok
sk_X509_freefunc_thunk,00481ab0,8,11,ok
sk_OCSP_RESPONSE_cmpfunc_thunk,00481ac0,11,12,ok
cipher_compare,00481ad0,16,14,ok
srp_password_from_info_cb,00481ae0,70,22,ok
sk_OCSP_RESPONSE_freefunc_thunk,00481b40,8,11,ok
sk_SSL_CIPHER_cmpfunc_thunk,00481b50,11,11,ok
ssl_sort_cipher_list,00481b60,84,11,ok
ssl3_num_ciphers,00481bc0,6,8,ok
ssl3_get_cipher,00481bd0,39,14,ok
ssl3_set_handshake_header,00481c00,63,19,ok
ssl3_handshake_write,00481c60,10,9,ok
ssl3_new,00481c70,68,29,ok
ssl3_free,00481cd0,529,75,ok
ssl3_clear,00481f00,533,81,ok
ssl3_ctrl,00482130,2820,423,ok
ssl3_callback_ctrl,00482c60,131,40,ok
ssl3_ctx_ctrl,00482d00,1887,360,ok
ssl3_ctx_callback_ctrl,00483480,168,39,ok
SSL_CTX_set_tlsext_ticket_key_evp_cb,00483550,13,9,ok
ssl3_get_cipher_by_id,00483560,87,20,ok
ssl3_get_tls13_cipher_by_std_name,004835c0,72,19,ok
ssl3_get_cipher_by_std_name,00483610,125,32,ok
ssl3_get_cipher_by_char,00483690,102,20,ok
ssl3_put_cipher_by_char,00483700,67,20,ok
ssl3_choose_cipher,00483750,1252,189,ok
ssl3_get_req_cert_type,00483c70,467,68,ok
ssl3_shutdown,00483e60,249,51,ok
ssl3_write,00483f80,194,38,ok
ssl3_read,00484060,329,52,ok
ssl3_peek,004841d0,335,52,ok
ssl3_renegotiate,00484340,37,14,ok
ssl3_renegotiate_check,00484370,126,24,ok
ssl_get_algorithm2,00484400,80,30,ok
ssl_fill_hello_random,00484460,198,42,ok
ssl_generate_master_secret,00484550,607,82,ok
ssl_generate_pkey,004847c0,123,30,ok
ssl_generate_pkey_group,00484840,419,61,ok
ssl_generate_param_group,00484a00,213,43,ok
ssl_gensecret,00484af0,645,94,ok
ssl_derive,00484d80,596,74,ok
ssl_decapsulate,00484ff0,525,67,ok
ssl_encapsulate,00485220,653,78,ok
SSL_get0_group_name,004854c0,127,31,ok
SSL_group_to_name,00485560,46,22,ok
ssl3_do_change_cipher_spec,004855a0,183,32,ok
ssl3_send_alert,00485670,210,36,ok
ssl3_dispatch_alert,00485760,641,91,ok
i2d_SSL_SESSION,00485a00,1240,214,ok
d2i_SSL_SESSION_ex,00485f00,2132,384,ok
d2i_SSL_SESSION,004867b0,10,11,ok
sk_X509_NAME_freefunc_thunk,004867c0,8,11,ok
sk_X509_NAME_cmpfunc_thunk,004867d0,11,11,ok
lh_X509_NAME_hfn_thunk,004867e0,2,11,ok
lh_X509_NAME_cfn_thunk,004867f0,2,11,ok
lh_X509_NAME_doall_thunk,00486800,2,11,ok
lh_X509_NAME_doall_arg_thunk,00486810,2,11,ok
ssl_x509_store_ctx_init_ossl_,00486820,59,13,ok
xname_cmp,00486860,146,31,ok
xname_hash,00486900,11,9,ok
add_file_cert_subjects_to_stack,00486910,310,58,ok
ssl_cert_free.part.0,00486a60,307,39,ok
sk_X509_freefunc_thunk,00486ba0,8,11,ok
ssl_security_default_callback,00486bb0,407,80,ok
xname_sk_cmp,00486d70,149,33,ok
SSL_get_ex_data_X509_STORE_CTX_idx,00486e10,55,16,ok
ssl_cert_new,00486e50,166,28,ok
ssl_cert_dup,00486f00,910,139,ok
ssl_cert_clear_certs,004872a0,167,32,ok
ssl_cert_free,00487360,30,15,ok
ssl_cert_set0_chain,00487390,217,37,ok
ssl_cert_set1_chain,00487480,80,23,ok
ssl_cert_add0_chain_cert,004874e0,179,38,ok
ssl_cert_add1_chain_cert,004875a0,233,46,ok
ssl_cert_select_current,004876a0,170,46,ok
ssl_cert_set_current,00487770,132,41,ok
ssl_cert_set_cert_cb,00487800,9,10,ok
ssl_verify_rpk,00487810,684,96,ok
ssl_verify_cert_chain,00487ad0,779,108,ok
SSL_dup_CA_list,00487e00,239,41,ok
SSL_set0_CA_list,00487f00,81,21,ok
SSL_CTX_set0_CA_list,00487f70,45,10,ok
SSL_CTX_get0_CA_list,00487fa0,8,8,ok
SSL_get0_CA_list,00487fb0,67,26,ok
SSL_CTX_set_client_CA_list,00488000,45,10,ok
SSL_CTX_get_client_CA_list,00488030,8,8,ok
SSL_set_client_CA_list,00488040,81,21,ok
SSL_get0_peer_CA_list,004880b0,59,22,ok
SSL_get_client_CA_list,00488110,82,27,ok
SSL_add1_to_CA_list,00488180,171,39,ok
SSL_CTX_add1_to_CA_list,00488240,144,33,ok
SSL_add_client_CA,004882f0,171,39,ok
SSL_CTX_add_client_CA,004883b0,144,33,ok
SSL_load_client_CA_file_ex,00488460,766,110,ok
SSL_load_client_CA_file,00488760,9,11,ok
SSL_add_file_cert_subjects_to_stack,00488770,280,44,ok
SSL_add_dir_cert_subjects_to_stack,00488890,616,82,ok
SSL_add_store_cert_subjects_to_stack,00488b10,606,111,ok
ssl_build_cert_chain,00488d90,960,144,ok
ssl_cert_set_cert_store,004891a0,83,25,ok
ssl_cert_get_cert_store,00489210,20,15,ok
ssl_get_security_level_bits,00489230,62,25,ok
ssl_security,00489280,44,12,ok
ssl_ctx_security,004892b0,43,12,ok
ssl_cert_lookup_by_nid,004892e0,177,52,ok
ssl_cert_lookup_by_pkey,004893a0,285,54,ok
ssl_cert_lookup_by_idx,004894d0,57,14,ok
ossl_calculate_comp_expansion,00489520,79,25,ok
ossl_comp_has_alg,00489580,3,8,ok
SSL_CTX_set1_cert_comp_preference,00489590,3,8,ok
SSL_set1_cert_comp_preference,004895a0,3,8,ok
SSL_compress_certs,004895b0,3,8,ok
SSL_CTX_compress_certs,004895c0,3,8,ok
SSL_get1_compressed_cert,004895d0,3,8,ok
SSL_CTX_get1_compressed_cert,004895e0,3,8,ok
SSL_CTX_set1_compressed_cert,004895f0,3,8,ok
SSL_set1_compressed_cert,00489600,3,8,ok
sk_SSL_CIPHER_freefunc_thunk,00489620,8,11,ok
ciphersuite_cb,00489630,193,34,ok
ssl_cipher_apply_rule.constprop.0,00489700,1295,296,ok
update_cipher_list,00489c60,292,49,ok
ssl_cipher_strength_sort,00489da0,434,99,ok
ssl_cipher_process_rulestr,00489f70,2275,394,ok
ssl_load_ciphers,0048a8a0,612,119,ok
ssl_cipher_get_evp_cipher,0048ab30,152,34,ok
ssl_cipher_get_evp_md_mac,0048abe0,397,73,ok
ssl_cipher_get_evp,0048ad80,1114,181,ok
ssl_md,0048b200,21,11,ok
ssl_handshake_md,0048b220,35,14,ok
ssl_prf_md,0048b250,37,14,ok
SSL_CTX_set_ciphersuites,0048b280,209,35,ok
SSL_set_ciphersuites,0048b360,401,66,ok
ssl_create_cipher_list,0048b520,2404,262,ok
SSL_CIPHER_description,0048bed0,1400,319,ok
SSL_CIPHER_get_version,0048c4f0,37,17,ok
SSL_CIPHER_get_name,0048c520,17,14,ok
SSL_CIPHER_standard_name,0048c540,17,14,ok
OPENSSL_cipher_name,0048c560,55,20,ok
SSL_CIPHER_get_bits,0048c5b0,21,17,ok
SSL_CIPHER_get_id,0048c5d0,4,8,ok
SSL_CIPHER_get_protocol_id,0048c5e0,5,8,ok
ssl3_comp_find,0048c5f0,59,23,ok
SSL_COMP_get_compression_methods,0048c640,29,16,ok
SSL_COMP_set0_compression_methods,0048c660,35,17,ok
SSL_COMP_add_compression_method,0048c690,355,45,ok
SSL_COMP_get_name,0048c800,13,14,ok
SSL_COMP_get0_name,0048c820,5,8,ok
SSL_COMP_get_id,0048c830,3,8,ok
ssl_get_cipher_by_char,0048c840,40,14,ok
SSL_CIPHER_find,0048c870,16,11,ok
SSL_CIPHER_get_cipher_nid,0048c880,57,19,ok
SSL_CIPHER_get_digest_nid,0048c8c0,170,51,ok
SSL_CIPHER_get_kx_nid,0048c970,154,48,ok
SSL_CIPHER_get_auth_nid,0048ca10,126,42,ok
ssl_get_md_idx,0048ca90,204,56,ok
SSL_CIPHER_get_handshake_digest,0048cb60,44,16,ok
SSL_CIPHER_is_aead,0048cba0,10,8,ok
ssl_cipher_get_overhead,0048cbb0,601,130,ok
ssl_cert_is_disabled,0048ce20,53,17,ok
OSSL_default_cipher_list,0048ce60,8,8,ok
OSSL_default_ciphersuites,0048ce70,8,8,ok
ssl_cipher_list_to_bytes,0048ce80,829,116,ok
sk_X509_NAME_freefunc_thunk,0048d200,8,11,ok
cmd_NumTickets,0048d210,82,27,ok
cmd_RecordPadding,0048d270,331,59,ok
cmd_DHParameters,0048d3d0,416,64,ok
cmd_RequestCAStore,0048d590,76,21,ok
cmd_RequestCAPath,0048d5f0,76,22,ok
cmd_RequestCAFile,0048d650,76,22,ok
cmd_ServerInfoFile,0048d6b0,37,14,ok
cmd_PrivateKey,0048d6e0,84,20,ok
cmd_Certificate,0048d740,280,68,ok
cmd_VerifyMode,0048d880,58,16,ok
cmd_Options,0048d8c0,58,16,ok
cmd_Protocol,0048d900,47,11,ok
cmd_MaxProtocol,0048d930,321,74,ok
cmd_Ciphersuites,0048da80,63,17,ok
cmd_CipherString,0048dac0,63,17,ok
cmd_Groups,0048db00,73,15,ok
cmd_ClientSignatureAlgorithms,0048db50,73,15,ok
cmd_SignatureAlgorithms,0048dba0,73,15,ok
cmd_ECDHParameters,0048dbf0,212,42,ok
ssl_conf_cmd_lookup,0048dce0,167,33,ok
cmd_MinProtocol,0048dd90,321,74,ok
cmd_ClientCAStore,0048dee0,76,21,ok
cmd_ClientCAPath,0048df40,76,22,ok
cmd_ClientCAFile,0048dfa0,76,22,ok
cmd_Curves,0048e000,73,15,ok
ssl_set_option_list,0048e050,473,108,ok
cmd_VerifyCAPath,0048e260,178,45,ok
cmd_ChainCAFile,0048e330,225,56,ok
cmd_ChainCAPath,0048e430,178,45,ok
cmd_VerifyCAStore,0048e500,225,56,ok
cmd_ChainCAStore,0048e600,225,56,ok
cmd_VerifyCAFile,0048e700,225,56,ok
SSL_CONF_cmd,0048e800,735,123,ok
SSL_CONF_cmd_argv,0048eb10,870,143,ok
SSL_CONF_cmd_value_type,0048eec0,178,53,ok
SSL_CONF_CTX_new,0048ef90,22,9,ok
SSL_CONF_CTX_finish,0048efb0,395,91,ok
SSL_CONF_CTX_free,0048f160,150,28,ok
SSL_CONF_CTX_set_flags,0048f200,39,18,ok
SSL_CONF_CTX_clear_flags,0048f230,9,9,ok
SSL_CONF_CTX_set1_prefix,0048f240,132,26,ok
SSL_CONF_CTX_set_ssl,0048f2e0,309,49,ok
SSL_CONF_CTX_set_ssl_ctx,0048f420,270,40,ok
ossl_init_ssl_base_ossl_,0048f530,29,11,ok
OPENSSL_init_ssl,0048f550,88,22,ok
sk_X509_NAME_freefunc_thunk,0048f5c0,8,11,ok
sk_danetls_record_cmpfunc_thunk,0048f5d0,11,12,ok
lh_SSL_SESSION_hfn_thunk,0048f5e0,2,11,ok
lh_SSL_SESSION_cfn_thunk,0048f5f0,2,11,ok
lh_SSL_SESSION_doall_thunk,0048f600,2,11,ok
lh_SSL_SESSION_doall_arg_thunk,0048f610,2,12,ok
ssl_cipher_id_cmp_BSEARCH_CMP_FN,0048f620,20,14,ok
ct_permissive,0048f640,6,8,ok
ssl_io_intern,0048f650,148,49,ok
ssl_async_wait_ctx_cb,0048f700,82,29,ok
ssl_do_handshake_intern,0048f770,52,22,ok
ssl_undefined_function,0048f7b0,102,19,ok
ssl_session_hash,0048f820,55,16,ok
ssl_start_async_job,0048f860,439,66,ok
dup_ca_names,0048fa50,182,37,ok
ct_move_scts,0048fb20,202,39,ok
tlsa_free.part.0,0048fc00,64,11,ok
ssl_session_cmp,0048fc40,47,14,ok
ct_strict,0048fc80,127,30,ok
sk_X509_freefunc_thunk,0048fd10,8,11,ok
sk_OCSP_RESPONSE_freefunc_thunk,0048fd20,8,11,ok
sk_SCT_freefunc_thunk,0048fd30,8,11,ok
sk_SSL_CIPHER_freefunc_thunk,0048fd40,8,11,ok
sk_danetls_record_freefunc_thunk,0048fd50,8,11,ok
SSL_CTX_free.part.0,0048fd60,1231,118,ok
tlsa_free,00490230,70,14,ok
ssl_undefined_function_6,00490280,59,11,ok
ssl_undefined_function_7,004902c0,102,19,ok
ssl_undefined_function_5,00490330,102,19,ok
ssl_undefined_function_4,004903a0,102,19,ok
ssl_undefined_function_3,00490410,102,19,ok
ssl_undefined_function_8,00490480,102,19,ok
dane_tlsa_add,004904f0,1717,185,ok
SSL_clear,00490bd0,71,19,ok
ossl_ssl_connection_reset,00490c20,604,85,ok
SSL_CTX_set_ssl_version,00490e90,299,49,ok
SSL_new,00490fd0,133,26,ok
ossl_ssl_init,00491070,183,38,ok
SSL_is_dtls,00491140,89,20,ok
SSL_is_tls,004911b0,93,20,ok
SSL_is_quic,00491220,17,14,ok
SSL_CTX_is_quic,00491240,88,26,ok
SSL_CTX_is_server,004912a0,35,11,ok
SSL_up_ref,004912d0,19,12,ok
SSL_CTX_set_session_id_context,004912f0,219,56,ok
SSL_set_session_id_context,004913e0,292,57,ok
SSL_CTX_set_generate_session_id,00491520,59,16,ok
SSL_set_generate_session_id,00491560,93,28,ok
SSL_has_matching_session_id,004915d0,319,61,ok
SSL_CTX_set_purpose,00491730,12,11,ok
SSL_set_purpose,00491740,75,26,ok
SSL_CTX_set_trust,004917a0,12,11,ok
SSL_set_trust,004917b0,75,26,ok
SSL_set1_dnsname,00491810,70,22,ok
SSL_add1_dnsname,00491860,84,24,ok
SSL_set1_ipaddr,004918c0,77,25,ok
SSL_add1_ipaddr,00491920,77,25,ok
SSL_set1_host,00491980,156,30,ok
SSL_add1_host,00491a40,219,38,ok
SSL_set_hostflags,00491b30,71,24,ok
SSL_get0_peername,00491b90,67,25,ok
SSL_CTX_dane_enable,00491bf0,235,42,ok
SSL_CTX_dane_set_flags,00491ce0,18,9,ok
SSL_CTX_dane_clear_flags,00491d00,21,9,ok
SSL_dane_set_flags,00491d20,74,23,ok
SSL_dane_clear_flags,00491d80,77,23,ok
SSL_get0_dane_authority,00491de0,148,35,ok
SSL_get0_dane_tlsa,00491e80,240,38,ok
SSL_get0_dane,00491f80,59,22,ok
SSL_dane_tlsa_add,00491fe0,106,24,ok
SSL_CTX_dane_mtype_set,00492060,484,68,ok
SSL_CTX_set1_param,00492260,12,11,ok
SSL_set1_param,00492270,77,25,ok
SSL_CTX_get0_param,004922d0,8,8,ok
SSL_get0_param,004922e0,59,22,ok
SSL_certs_clear,00492340,63,24,ok
SSL_free,00492390,114,34,ok
ossl_ssl_connection_free,00492410,1060,100,ok
SSL_set0_rbio,00492850,112,31,ok
SSL_set0_wbio,004928e0,159,41,ok
SSL_set_bio,004929a0,1127,248,ok
SSL_get_rbio,00492e40,77,27,ok
SSL_get_wbio,00492ea0,74,31,ok
SSL_get_fd,00492f10,119,35,ok
SSL_get_rfd,00492fa0,119,35,ok
SSL_get_wfd,00493030,134,40,ok
SSL_set_fd,004930d0,210,33,ok
SSL_set_wfd,004931c0,430,74,ok
SSL_set_rfd,00493390,560,107,ok
SSL_get_finished,004935f0,89,25,ok
SSL_get_peer_finished,00493650,89,26,ok
SSL_get_verify_mode,004936b0,57,22,ok
SSL_get_verify_depth,00493710,67,25,ok
SSL_get_verify_callback,00493770,59,23,ok
SSL_CTX_get_verify_mode,004937d0,7,8,ok
SSL_CTX_get_verify_depth,004937e0,12,11,ok
SSL_CTX_get_verify_callback,004937f0,8,10,ok
SSL_set_verify,00493800,90,26,ok
SSL_set_verify_depth,00493870,71,24,ok
SSL_set_read_ahead,004938d0,171,54,ok
SSL_get_read_ahead,00493990,21,11,ok
SSL_pending,004939b0,31,14,ok
SSL_has_pending,004939d0,161,39,ok
SSL_get1_peer_certificate,00493a80,77,28,ok
SSL_get0_peer_certificate,00493ad0,83,24,ok
SSL_get_peer_cert_chain,00493b40,83,24,ok
SSL_copy_session_id,00493bb0,298,56,ok
SSL_CTX_check_private_key,00493d00,155,29,ok
SSL_check_private_key,00493db0,235,36,ok
SSL_waiting_for_async,00493ec0,74,22,ok
SSL_get_all_async_fds,00493f30,95,27,ok
SSL_get_changed_async_fds,00493fb0,115,31,ok
SSL_CTX_set_async_callback,00494040,13,9,ok
SSL_CTX_set_async_callback_arg,00494050,13,9,ok
SSL_set_async_callback,00494060,79,24,ok
SSL_set_async_callback_arg,004940d0,79,24,ok
SSL_get_async_status,00494140,65,27,ok
SSL_get_default_timeout,00494190,43,11,ok
ssl_read_internal,004941c0,602,97,ok
SSL_read,00494450,876,123,ok
SSL_read_ex,004947e0,674,112,ok
SSL_get_early_data_status,00494ab0,21,11,ok
SSL_peek,00494ad0,751,112,ok
SSL_peek_ex,00494de0,587,93,ok
ssl_write_internal,00495050,738,103,ok
SSL_sendfile,00495350,218,38,ok
SSL_write,00495440,910,129,ok
SSL_write_ex,00495800,699,111,ok
SSL_write_ex2,00495ae0,806,119,ok
SSL_shutdown,00495e30,457,75,ok
SSL_key_update,00496010,406,61,ok
SSL_get_key_update_type,004961d0,81,27,ok
SSL_renegotiate,00496230,194,35,ok
SSL_renegotiate_abbreviated,00496310,194,35,ok
SSL_renegotiate_pending,004963f0,28,11,ok
SSL_new_session_ticket,00496420,204,33,ok
ossl_ctrl_internal,00496500,1265,281,ok
SSL_ctrl,00496a20,8,11,ok
SSL_dane_enable,00496a30,473,60,ok
SSL_callback_ctrl,00496c30,10,17,ok
SSL_CTX_sessions,00496c40,5,8,ok
SSL_CTX_ctrl,00496c50,885,200,ok
SSL_CTX_callback_ctrl,00496fd0,28,17,ok
ssl_cipher_id_cmp,00496ff0,20,14,ok
ssl_cipher_ptr_id_cmp,00497010,26,14,ok
SSL_get_ciphers,00497030,69,24,ok
SSL_get_client_ciphers,00497090,73,24,ok
SSL_get1_supported_ciphers,004970f0,309,54,ok
ssl_get_ciphers_by_id,00497230,35,17,ok
SSL_get_cipher_list,00497270,123,27,ok
SSL_CTX_get_ciphers,00497310,12,14,ok
SSL_CTX_set_cipher_list,00497320,175,36,ok
SSL_set_cipher_list,004973f0,232,47,ok
SSL_get_shared_ciphers,004974f0,435,79,ok
SSL_get_servername,004976b0,307,57,ok
SSL_get_servername_type,00497810,312,48,ok
SSL_select_next_proto,00497960,262,59,ok
SSL_get0_next_proto_negotiated,00497a80,92,29,ok
SSL_CTX_set_next_protos_advertised_cb,00497af0,100,29,ok
SSL_CTX_set_next_proto_select_cb,00497b60,100,29,ok
SSL_CTX_set_alpn_protos,00497bd0,197,39,ok
SSL_set_alpn_protos,00497cb0,272,51,ok
SSL_CTX_get0_alpn_protos,00497dd0,40,25,ok
SSL_get0_alpn_protos,00497e00,95,28,ok
SSL_CTX_set_alpn_select_cb,00497e60,15,10,ok
SSL_get0_alpn_selected,00497e70,92,29,ok
SSL_export_keying_material,00497ee0,174,30,ok
SSL_export_keying_material_early,00497fa0,134,23,ok
SSL_CTX_new_ex,00498040,1885,245,ok
SSL_CTX_new,00498820,12,11,ok
SSL_CTX_up_ref,00498830,25,12,ok
SSL_CTX_free,00498850,30,16,ok
SSL_CTX_set_default_passwd_cb,00498880,8,9,ok
SSL_CTX_set_default_passwd_cb_userdata,00498890,8,9,ok
SSL_CTX_get_default_passwd_cb,004988a0,8,8,ok
SSL_CTX_get_default_passwd_cb_userdata,004988b0,8,8,ok
SSL_set_default_passwd_cb,004988c0,60,23,ok
SSL_set_default_passwd_cb_userdata,00498910,60,23,ok
SSL_get_default_passwd_cb,00498960,59,22,ok
SSL_get_default_passwd_cb_userdata,004989c0,59,22,ok
SSL_CTX_set_cert_verify_callback,00498a20,15,10,ok
SSL_CTX_set_verify,00498a30,14,10,ok
SSL_CTX_set_verify_depth,00498a40,12,9,ok
SSL_CTX_set_cert_cb,00498a50,12,9,ok
SSL_set_cert_cb,00498a60,81,24,ok
ssl_set_masks,00498ad0,2424,365,ok
ssl_check_srvr_ecc_cert_and_alg,004994d0,94,21,ok
ssl_get_server_cert_serverinfo,00499540,47,19,ok
ssl_update_cache,00499580,448,71,ok
SSL_CTX_get_ssl_method,00499750,5,8,ok
SSL_get_ssl_method,00499760,5,8,ok
SSL_set_ssl_method,00499770,233,63,ok
SSL_get_error,00499870,1114,236,ok
ossl_ssl_get_error,00499d30,1081,233,ok
SSL_do_handshake,0049a1b0,476,90,ok
SSL_accept,0049a3b0,143,47,ok
SSL_read_early_data,0049a460,449,66,ok
SSL_connect,0049a650,143,50,ok
SSL_write_early_data,0049a700,529,84,ok
SSL_set_accept_state,0049a940,82,26,ok
SSL_set_connect_state,0049a9a0,82,30,ok
ssl_undefined_void_function,0049aa00,59,11,ok
ssl_protocol_to_string,0049aa40,151,41,ok
SSL_get_version,0049ab10,264,65,ok
SSL_get_handshake_rtt,0049ac50,114,33,ok
SSL_dup,0049acd0,2320,392,ok
SSL_get_certificate,0049b630,81,24,ok
SSL_get_privatekey,0049b6a0,83,24,ok
SSL_CTX_get0_certificate,0049b710,19,14,ok
SSL_CTX_get0_privatekey,0049b730,20,14,ok
SSL_get_current_cipher,0049b750,83,24,ok
SSL_get_pending_cipher,0049b7c0,59,22,ok
SSL_get_current_compression,0049b820,40,18,ok
SSL_get_current_expansion,0049b850,40,18,ok
ssl_init_wbio_buffer,0049b880,185,31,ok
ssl_free_wbio_buffer,0049b950,74,18,ok
SSL_CTX_set_quiet_shutdown,0049b9a0,7,9,ok
SSL_CTX_get_quiet_shutdown,0049b9b0,7,8,ok
SSL_set_quiet_shutdown,0049b9c0,18,11,ok
SSL_get_quiet_shutdown,0049b9e0,21,11,ok
SSL_set_shutdown,0049ba00,18,11,ok
SSL_get_shutdown,0049ba20,34,22,ok
SSL_version,0049ba50,85,32,ok
SSL_client_version,0049bac0,91,32,ok
SSL_get_SSL_CTX,0049bb30,5,8,ok
SSL_set_SSL_CTX,0049bb40,409,68,ok
SSL_CTX_set_default_verify_paths,0049bd00,19,11,ok
SSL_CTX_set_default_verify_dir,0049bd20,71,18,ok
SSL_CTX_set_default_verify_file,0049bd70,96,18,ok
SSL_CTX_set_default_verify_store,0049bdd0,93,18,ok
SSL_CTX_load_verify_file,0049be30,19,9,ok
SSL_CTX_load_verify_dir,0049be50,9,9,ok
SSL_CTX_load_verify_store,0049be60,19,9,ok
SSL_CTX_load_verify_locations,0049be80,97,26,ok
SSL_set_info_callback,0049bef0,60,23,ok
SSL_get_info_callback,0049bf40,59,22,ok
SSL_set_verify_result,0049bfa0,60,23,ok
SSL_get_verify_result,0049bff0,59,22,ok
SSL_get_client_random,0049c050,222,62,ok
SSL_get_server_random,0049c140,222,62,ok
SSL_SESSION_get_master_key,0049c230,40,17,ok
SSL_SESSION_set1_master_key,0049c260,49,13,ok
SSL_set_ex_data,0049c2a0,9,11,ok
SSL_get_ex_data,0049c2b0,9,11,ok
SSL_CTX_set_ex_data,0049c2c0,12,11,ok
SSL_CTX_get_ex_data,0049c2d0,12,11,ok
SSL_CTX_get_cert_store,0049c2e0,5,8,ok
SSL_CTX_set_cert_store,0049c2f0,32,10,ok
SSL_CTX_set1_cert_store,0049c310,49,15,ok
SSL_want,0049c350,81,27,ok
SSL_CTX_use_psk_identity_hint,0049c3b0,263,28,ok
SSL_use_psk_identity_hint,0049c4d0,306,40,ok
SSL_get_psk_identity_hint,0049c620,83,24,ok
SSL_get_psk_identity,0049c690,83,24,ok
SSL_set_psk_client_callback,0049c700,60,23,ok
SSL_CTX_set_psk_client_callback,0049c750,8,9,ok
SSL_set_psk_server_callback,0049c760,60,23,ok
SSL_CTX_set_psk_server_callback,0049c7b0,8,9,ok
SSL_set_psk_find_session_callback,0049c7c0,60,23,ok
SSL_CTX_set_psk_find_session_callback,0049c810,8,9,ok
SSL_set_psk_use_session_callback,0049c820,60,23,ok
SSL_CTX_set_psk_use_session_callback,0049c870,8,9,ok
SSL_CTX_set_msg_callback,0049c880,8,9,ok
SSL_set_msg_callback,0049c890,21,15,ok
SSL_CTX_set_not_resumable_session_callback,0049c8b0,21,11,ok
SSL_set_not_resumable_session_callback,0049c8d0,21,11,ok
SSL_CTX_set_record_padding_callback,0049c8f0,8,9,ok
SSL_CTX_set_record_padding_callback_arg,0049c900,8,9,ok
SSL_CTX_get_record_padding_callback_arg,0049c910,8,8,ok
SSL_CTX_set_block_padding_ex,0049c920,203,41,ok
SSL_CTX_set_block_padding,0049ca00,135,34,ok
SSL_set_record_padding_callback,0049caa0,74,18,ok
SSL_set_record_padding_callback_arg,0049cb00,60,23,ok
SSL_get_record_padding_callback_arg,0049cb50,59,22,ok
SSL_set_block_padding_ex,0049cbb0,183,48,ok
SSL_set_block_padding,0049cc80,143,41,ok
SSL_set_num_tickets,0049cd20,79,24,ok
SSL_get_num_tickets,0049cd90,59,22,ok
SSL_CTX_set_num_tickets,0049cdf0,13,9,ok
SSL_CTX_get_num_tickets,0049ce00,8,8,ok
ssl_handshake_hash,0049ce10,269,47,ok
SSL_session_reused,0049cf30,57,22,ok
SSL_is_server,0049cf90,51,22,ok
SSL_set_debug,0049cfe0,1,8,ok
SSL_set_security_level,0049cff0,70,23,ok
SSL_get_security_level,0049d050,71,22,ok
SSL_set_security_callback,0049d0b0,74,23,ok
SSL_get_security_callback,0049d110,73,22,ok
SSL_set0_security_ex_data,0049d170,74,23,ok
SSL_get0_security_ex_data,0049d1d0,73,22,ok
SSL_CTX_set_security_level,0049d230,14,9,ok
SSL_CTX_get_security_level,0049d240,14,8,ok
SSL_CTX_set_security_callback,0049d250,15,9,ok
SSL_CTX_get_security_callback,0049d260,15,8,ok
SSL_CTX_set0_security_ex_data,0049d270,15,9,ok
SSL_CTX_get0_security_ex_data,0049d280,15,8,ok
SSL_CTX_get_options,0049d290,8,8,ok
SSL_get_options,0049d2a0,83,27,ok
SSL_CTX_set_options,0049d300,18,9,ok
SSL_set_options,0049d320,237,60,ok
SSL_CTX_clear_options,0049d420,21,9,ok
SSL_clear_options,0049d440,280,67,ok
SSL_get0_verified_chain,0049d580,59,22,ok
OBJ_bsearch_ssl_cipher_id,0049d5e0,17,9,ok
SSL_get0_peer_scts,0049d600,556,82,ok
SSL_set_ct_validation_callback,0049d850,220,36,ok
ossl_ssl_connection_new_int,0049d940,2249,318,ok
ossl_ssl_connection_new,0049e240,11,9,ok
SSL_CTX_set_ct_validation_callback,0049e250,111,21,ok
SSL_ct_is_enabled,0049e2d0,74,22,ok
SSL_CTX_ct_is_enabled,0049e340,14,8,ok
ssl_validate_ct,0049e350,536,60,ok
SSL_CTX_enable_ct,0049e590,208,35,ok
SSL_enable_ct,0049e670,382,71,ok
SSL_CTX_set_default_ctlog_list_file,0049e810,12,9,ok
SSL_CTX_set_ctlog_list_file,0049e820,12,9,ok
SSL_CTX_set0_ctlog_store,0049e830,38,10,ok
SSL_CTX_get0_ctlog_store,0049e860,8,8,ok
SSL_CTX_set_client_hello_cb,0049e870,15,10,ok
SSL_CTX_set_new_pending_conn_cb,0049e880,15,10,ok
SSL_client_hello_isv2,0049e890,3,8,ok
SSL_client_hello_get0_legacy_version,0049e8a0,73,24,ok
SSL_client_hello_get0_random,0049e900,113,30,ok
SSL_client_hello_get0_session_id,0049e990,111,31,ok
SSL_client_hello_get0_ciphers,0049ea20,123,31,ok
SSL_client_hello_get0_compression_methods,0049eab0,123,31,ok
SSL_client_hello_get1_extensions_present,0049eb40,597,1,failed
SSL_client_hello_get_extension_order,0049edb0,494,1,failed
SSL_client_hello_get0_ext,0049efb0,164,36,ok
SSL_free_buffers,0049f060,76,20,ok
SSL_alloc_buffers,0049f0c0,109,32,ok
SSL_CTX_set_keylog_callback,0049f140,8,9,ok
SSL_CTX_get_keylog_callback,0049f150,8,8,ok
ssl_log_rsa_client_key_exchange,0049f160,582,87,ok
ssl_log_secret,0049f3b0,399,57,ok
ssl_cache_cipherlist,0049f540,367,42,ok
SSL_bytes_to_cipher_list,0049f6d0,677,95,ok
ossl_bytes_to_cipher_list,0049f9a0,904,116,ok
SSL_CTX_set_max_early_data,0049fd60,12,9,ok
SSL_CTX_get_max_early_data,0049fd70,7,8,ok
SSL_set_max_early_data,0049fd80,26,12,ok
SSL_get_max_early_data,0049fdb0,57,22,ok
SSL_CTX_set_recv_max_early_data,0049fe10,12,9,ok
SSL_CTX_get_recv_max_early_data,0049fe20,7,8,ok
SSL_set_recv_max_early_data,0049fe30,26,12,ok
SSL_get_recv_max_early_data,0049fe60,57,22,ok
ssl_get_max_send_fragment,0049fec0,43,14,ok
ssl_get_split_send_fragment,0049ff00,63,20,ok
SSL_stateless,0049ff40,175,36,ok
SSL_CTX_set_post_handshake_auth,004a0000,7,9,ok
SSL_set_post_handshake_auth,004a0010,18,11,ok
SSL_verify_client_post_handshake,004a0030,687,90,ok
SSL_CTX_set_session_ticket_cb,004a0320,27,12,ok
SSL_CTX_set_allow_early_data_cb,004a0340,15,10,ok
SSL_set_allow_early_data_cb,004a0350,26,12,ok
ssl_evp_cipher_fetch,004a0370,205,62,ok
ssl_evp_cipher_up_ref,004a0450,30,16,ok
ssl_evp_cipher_free,004a0480,31,18,ok
ssl_evp_md_up_ref,004a04b0,30,16,ok
ssl_evp_md_free,004a04e0,31,18,ok
SSL_set0_tmp_dh_pkey,004a0510,180,33,ok
SSL_CTX_set0_tmp_dh_pkey,004a05e0,140,21,ok
SSL_handle_events,004a0680,83,22,ok
SSL_get_event_timeout,004a06f0,117,35,ok
SSL_get_rpoll_descriptor,004a0780,103,31,ok
SSL_get_wpoll_descriptor,004a0810,103,31,ok
SSL_net_read_desired,004a08a0,45,25,ok
SSL_net_write_desired,004a08e0,45,25,ok
SSL_set_blocking_mode,004a0920,18,14,ok
SSL_get_blocking_mode,004a0940,21,14,ok
SSL_set1_initial_peer_addr,004a0960,18,14,ok
SSL_shutdown_ex,004a0980,416,68,ok
SSL_stream_conclude,004a0b40,18,14,ok
SSL_new_stream,004a0b60,18,14,ok
SSL_get0_connection,004a0b80,19,14,ok
SSL_is_connection,004a0ba0,43,17,ok
SSL_get0_listener,004a0be0,18,14,ok
SSL_get0_domain,004a0c00,18,14,ok
SSL_is_listener,004a0c20,32,14,ok
SSL_is_domain,004a0c40,32,14,ok
SSL_get_stream_type,004a0c60,21,14,ok
SSL_get_stream_id,004a0c80,23,14,ok
SSL_is_stream_local,004a0ca0,21,14,ok
SSL_set_default_stream_mode,004a0cc0,18,14,ok
SSL_set_incoming_stream_policy,004a0ce0,18,14,ok
SSL_accept_stream,004a0d00,18,14,ok
SSL_get_accept_stream_queue_len,004a0d20,18,14,ok
SSL_stream_reset,004a0d40,18,14,ok
SSL_get_stream_read_state,004a0d60,18,14,ok
SSL_get_stream_write_state,004a0d80,18,14,ok
SSL_get_stream_read_error_code,004a0da0,21,14,ok
SSL_get_stream_write_error_code,004a0dc0,21,14,ok
SSL_get_conn_close_info,004a0de0,21,14,ok
SSL_get_value_uint,004a0e00,74,17,ok
SSL_set_value_uint,004a0e50,74,17,ok
SSL_new_listener,004a0ea0,88,30,ok
SSL_new_listener_from,004a0f00,18,14,ok
SSL_new_from_listener,004a0f20,18,14,ok
SSL_accept_connection,004a0f40,18,14,ok
SSL_get_accept_connection_queue_len,004a0f60,18,14,ok
SSL_get_peer_addr,004a0f80,18,14,ok
SSL_listen_ex,004a0fa0,89,18,ok
SSL_listen,004a1000,18,14,ok
SSL_new_domain,004a1020,88,30,ok
ossl_adjust_domain_flags,004a1080,241,36,ok
SSL_CTX_set_domain_flags,004a1190,372,49,ok
SSL_CTX_get_domain_flags,004a1320,152,34,ok
SSL_get_domain_flags,004a13c0,18,14,ok
SSL_add_expected_rpk,004a13e0,227,36,ok
SSL_get0_peer_rpk,004a14e0,83,24,ok
SSL_get_negotiated_client_cert_type,004a1550,59,22,ok
SSL_get_negotiated_server_cert_type,004a15b0,59,22,ok
SSL_set1_client_cert_type,004a1610,238,58,ok
SSL_set1_server_cert_type,004a1720,238,58,ok
SSL_CTX_set1_client_cert_type,004a1830,212,46,ok
SSL_CTX_set1_server_cert_type,004a1910,212,46,ok
SSL_get0_client_cert_type,004a19f0,120,23,ok
SSL_get0_server_cert_type,004a1a80,120,23,ok
SSL_CTX_get0_client_cert_type,004a1b10,39,13,ok
SSL_CTX_get0_server_cert_type,004a1b40,39,13,ok
ssl_do_config,004a1b70,975,157,ok
SSL_add_ssl_module,004a1f80,1,8,ok
SSL_config,004a1f90,12,9,ok
SSL_CTX_config,004a1fa0,15,9,ok
ssl_ctx_system_config,004a1fb0,17,9,ok
serverinfoex_srv_parse_cb,004a1fd0,25,15,ok
serverinfo_srv_parse_cb,004a1ff0,21,15,ok
ssl_set_cert,004a2010,494,61,ok
ssl_set_pkey,004a2220,202,29,ok
ssl_set_cert_and_key,004a2300,1132,149,ok
serverinfo_process_buffer,004a2790,469,101,ok
serverinfoex_srv_add_cb,004a2980,257,51,ok
serverinfo_srv_add_cb,004a2a90,230,52,ok
SSL_use_certificate,004a2b80,210,36,ok
SSL_use_certificate_file,004a2c70,578,84,ok
SSL_use_certificate_ASN1,004a2ef0,188,33,ok
SSL_use_PrivateKey,004a2fc0,313,54,ok
SSL_use_PrivateKey_file,004a3110,548,77,ok
SSL_use_PrivateKey_ASN1,004a3360,179,37,ok
SSL_CTX_use_certificate,004a3430,174,24,ok
SSL_CTX_use_certificate_file,004a34f0,562,76,ok
SSL_CTX_use_certificate_ASN1,004a3750,184,33,ok
SSL_CTX_use_PrivateKey,004a3820,275,37,ok
SSL_CTX_use_PrivateKey_file,004a3950,507,73,ok
SSL_CTX_use_PrivateKey_ASN1,004a3b80,140,25,ok
SSL_CTX_use_certificate_chain_file,004a3c20,774,103,ok
SSL_use_certificate_chain_file,004a3f40,810,115,ok
SSL_CTX_use_serverinfo_ex,004a4290,513,61,ok
SSL_CTX_use_serverinfo,004a44b0,210,26,ok
SSL_CTX_use_serverinfo_file,004a4590,1223,155,ok
SSL_use_cert_and_key,004a4aa0,19,11,ok
SSL_CTX_use_cert_and_key,004a4ac0,22,11,ok
sk_SSL_SESSION_freefunc_thunk,004a4ae0,8,11,ok
def_generate_session_id,004a4af0,111,24,ok
SSL_SESSION_free.part.0,004a4b60,270,22,ok
SSL_SESSION_free,004a4c70,30,16,ok
ssl_session_dup_intern,004a4ca0,893,133,ok
SSL_SESSION_list_add,004a5050,442,83,ok
remove_session_lock,004a5230,526,94,ok
ssl_session_calculate_timeout,004a5470,30,15,ok
SSL_get_session,004a5490,59,22,ok
SSL_get1_session,004a54f0,112,32,ok
SSL_SESSION_set_ex_data,004a5570,12,11,ok
SSL_SESSION_get_ex_data,004a5580,12,11,ok
SSL_SESSION_new,004a5590,204,37,ok
SSL_SESSION_dup,004a5670,10,9,ok
ssl_session_dup,004a5680,29,14,ok
SSL_SESSION_get_id,004a56a0,22,11,ok
SSL_SESSION_get0_id_context,004a56c0,22,11,ok
SSL_SESSION_get_compress_id,004a56e0,7,8,ok
ssl_generate_session_id,004a56f0,620,86,ok
ssl_get_new_session,004a5980,514,73,ok
SSL_CTX_add_session,004a5bb0,653,124,ok
lookup_sess_in_cache,004a5e60,417,78,ok
ssl_get_prev_session,004a6020,1212,170,ok
SSL_CTX_remove_session,004a6500,364,66,ok
SSL_SESSION_up_ref,004a6690,25,12,ok
SSL_set_session,004a66b0,441,82,ok
SSL_SESSION_set1_id,004a68b0,233,51,ok
SSL_SESSION_set_timeout,004a69b0,180,39,ok
SSL_SESSION_get_timeout,004a6a80,40,11,ok
SSL_SESSION_get_time,004a6ab0,40,11,ok
SSL_SESSION_get_time_ex,004a6ae0,40,11,ok
SSL_SESSION_set_time_ex,004a6b10,588,109,ok
SSL_SESSION_set_time,004a6d90,588,110,ok
SSL_SESSION_get_protocol_version,004a7010,3,8,ok
SSL_SESSION_set_protocol_version,004a7020,8,9,ok
SSL_SESSION_get0_cipher,004a7030,8,8,ok
SSL_SESSION_set_cipher,004a7040,13,9,ok
SSL_SESSION_get0_hostname,004a7050,8,8,ok
SSL_SESSION_set1_hostname,004a7060,86,17,ok
SSL_SESSION_has_ticket,004a70c0,14,8,ok
SSL_SESSION_get_ticket_lifetime_hint,004a70d0,8,8,ok
SSL_SESSION_get0_ticket,004a70e0,26,12,ok
SSL_SESSION_get_max_early_data,004a7100,7,8,ok
SSL_SESSION_set_max_early_data,004a7110,12,9,ok
SSL_SESSION_get0_alpn_selected,004a7120,21,10,ok
SSL_SESSION_set1_alpn_selected,004a7140,122,28,ok
SSL_SESSION_get0_peer,004a71d0,8,8,ok
SSL_SESSION_get0_peer_rpk,004a71e0,8,8,ok
SSL_SESSION_set1_id_context,004a71f0,237,50,ok
SSL_SESSION_is_resumable,004a72f0,42,14,ok
SSL_CTX_set_timeout,004a7320,48,15,ok
SSL_CTX_get_timeout,004a7360,37,11,ok
SSL_set_session_secret_cb,004a7390,84,21,ok
SSL_set_session_ticket_ext_cb,004a7400,84,21,ok
SSL_set_session_ticket_ext,004a7470,197,40,ok
SSL_CTX_flush_sessions_ex,004a7550,949,148,ok
SSL_CTX_flush_sessions,004a7940,5,148,ok
ssl_clear_bad_session,004a7950,82,23,ok
SSL_CTX_sess_set_new_cb,004a79b0,5,9,ok
SSL_CTX_sess_get_new_cb,004a79c0,5,12,ok
SSL_CTX_sess_set_remove_cb,004a79d0,5,9,ok
SSL_CTX_sess_get_remove_cb,004a79e0,5,8,ok
SSL_CTX_sess_set_get_cb,004a79f0,5,9,ok
SSL_CTX_sess_get_get_cb,004a7a00,5,8,ok
SSL_CTX_set_info_callback,004a7a10,8,9,ok
SSL_CTX_get_info_callback,004a7a20,8,8,ok
SSL_CTX_set_client_cert_cb,004a7a30,8,9,ok
SSL_CTX_get_client_cert_cb,004a7a40,8,8,ok
SSL_CTX_set_cookie_generate_cb,004a7a50,8,9,ok
SSL_CTX_set_cookie_verify_cb,004a7a60,8,9,ok
SSL_SESSION_set1_ticket_appdata,004a7a70,138,23,ok
SSL_SESSION_get0_ticket_appdata,004a7b00,26,10,ok
SSL_CTX_set_stateless_cookie_generate_cb,004a7b20,8,9,ok
SSL_CTX_set_stateless_cookie_verify_cb,004a7b30,8,9,ok
PEM_read_bio_SSL_SESSION,004a7b40,31,11,ok
PEM_read_SSL_SESSION,004a7b60,31,11,ok
PEM_write_bio_SSL_SESSION,004a7b80,46,12,ok
PEM_write_SSL_SESSION,004a7bb0,46,12,ok
SSL_state_string_long,004a7be0,552,137,ok
SSL_state_string,004a7e20,543,136,ok
SSL_alert_type_string_long,004a8050,37,14,ok
SSL_alert_type_string,004a8080,37,14,ok
SSL_alert_desc_string,004a80b0,282,73,ok
SSL_alert_desc_string_long,004a81d0,290,75,ok
SSL_SESSION_print,004a8300,1256,170,ok
SSL_SESSION_print_fp,004a8820,134,23,ok
SSL_SESSION_print_keylog,004a88b0,260,43,ok
tls1_PRF.constprop.0,004a89d0,1016,202,ok
tls1_change_cipher_state,004a8de0,815,138,ok
tls1_setup_key_block,004a9140,519,71,ok
tls1_final_finish_mac,004a9360,193,28,ok
tls1_generate_master_secret,004a9430,1042,208,ok
tls1_export_keying_material,004a9860,832,136,ok
tls1_alert_code,004a9bc0,25,11,ok
sk_TLS_GROUP_IX_freefunc_thunk,004a9be0,8,11,ok
sk_TLS_GROUP_IX_cmpfunc_thunk,004a9bf0,11,12,ok
tls_group_ix_cmp,004a9c00,71,20,ok
free_wrapper,004a9c50,17,9,ok
discover_provider_groups,004a9c70,40,14,ok
discover_provider_sigalgs,004a9ca0,45,14,ok
add_provider_groups,004a9cd0,1282,176,ok
gid_cb,004aa200,1873,337,ok
sigalg_security_bits,004aa9d0,192,45,ok
tls1_check_pkey_comp,004aaac0,192,52,ok
tls1_check_sig_alg,004aab90,446,82,ok
get_sigorhash,004aada0,187,37,ok
sig_cb,004aae70,829,176,ok
close_tuple,004ab200,173,41,ok
tuple_cb,004ab2d0,296,35,ok
check_cert_usable.isra.0,004ab410,297,61,ok
add_provider_sigalgs,004ab550,2376,314,ok
has_usable_cert,004abec0,202,49,ok
tls1_default_timeout,004abfa0,11,8,ok
tls1_new,004abfb0,33,16,ok
tls1_free,004abfe0,70,21,ok
tls1_clear,004ac040,100,27,ok
ssl_load_groups,004ac0c0,52,17,ok
ssl_load_sigalgs,004ac100,245,45,ok
tls1_group_id_lookup,004ac210,46,22,ok
tls1_group_id2name,004ac260,49,22,ok
tls1_group_id2nid,004ac2b0,64,25,ok
tls1_nid2group_id,004ac310,35,17,ok
tls1_get_supported_groups,004ac340,135,36,ok
tls1_get_requested_keyshare_groups,004ac3e0,56,18,ok
tls1_get_group_tuples,004ac420,56,18,ok
tls_valid_group,004ac460,372,68,ok
tls_group_allowed,004ac5f0,154,42,ok
tls1_get0_implemented_groups,004ac6b0,486,89,ok
tls1_shared_group,004ac8b0,1084,185,ok
tls1_set_groups,004acd30,606,77,ok
tls1_set_groups_list,004acfa0,912,128,ok
tls1_check_group_id,004ad360,369,90,ok
tls1_check_cert_param,004ad510,304,63,ok
tls1_get_formatlist,004ad670,89,20,ok
tls1_check_ffdhe_tmp_key,004ad6e0,82,26,ok
tls1_check_ec_tmp_key,004ad750,94,23,ok
ssl_setup_sigalgs,004ad7c0,1002,196,ok
SSL_get1_builtin_sigalgs,004adbd0,493,89,ok
tls1_lookup_md,004adde0,53,23,ok
tls12_get_psigalgs,004ade30,145,36,ok
tls_check_sigalg_curve,004aded0,213,61,ok
SSL_get_peer_signature_type_nid,004adfc0,99,26,ok
SSL_get_signature_type_nid,004ae040,99,26,ok
ssl_cipher_disabled,004ae0c0,262,42,ok
tls12_sigalg_allowed,004ae1e0,496,90,ok
tls1_get_legacy_sigalg,004ae3f0,450,95,ok
tls1_set_peer_legacy_sigalg,004ae5f0,73,19,ok
tls_sigalg_compat,004ae640,250,48,ok
tls12_check_peer_sigalg,004ae760,1797,261,ok
find_sig_alg,004aeea0,956,132,ok
tls12_shared_sigalgs,004af280,267,63,ok
tls_use_ticket,004af3a0,29,14,ok
ssl_set_sig_mask,004af3d0,401,76,ok
ssl_set_client_disabled,004af580,157,29,ok
tls12_copy_sigalgs,004af630,376,64,ok
tls1_save_u16,004af7d0,252,50,ok
tls1_save_sigalgs,004af8e0,480,83,ok
tls1_process_sigalgs,004afae0,861,139,ok
tls1_set_server_sigalgs,004afe60,603,94,ok
SSL_get_sigalgs,004b00e0,311,80,ok
SSL_get_shared_sigalgs,004b0250,194,44,ok
SSL_get0_sigalg,004b0320,188,59,ok
SSL_get0_shared_sigalg,004b0400,129,33,ok
tls1_set_sigalgs_list,004b0490,312,46,ok
tls1_set_raw_sigalgs,004b05d0,164,29,ok
tls1_set_sigalgs,004b0680,292,46,ok
tls1_check_chain,004b07c0,3263,462,ok
tls1_set_cert_validity,004b1510,179,17,ok
SSL_check_chain,004b15d0,98,25,ok
ssl_get_auto_dh,004b1650,436,79,ok
ssl_security_cert,004b1820,407,71,ok
ssl_security_cert_chain,004b19d0,587,93,ok
tls_choose_sigalg,004b1c40,1883,288,ok
SSL_CTX_set_tlsext_max_fragment_length,004b2400,78,15,ok
SSL_set_tlsext_max_fragment_length,004b2460,149,37,ok
SSL_SESSION_get_max_fragment_length,004b2510,15,14,ok
ssl_hmac_new,004b2520,185,41,ok
tls_decrypt_ticket,004b25f0,2674,366,ok
tls_get_ticket_from_client,004b30b0,142,27,ok
ssl_hmac_free,004b3150,47,14,ok
ssl_hmac_get0_EVP_MAC_CTX,004b3190,4,8,ok
ssl_hmac_init,004b31a0,189,58,ok
ssl_hmac_update,004b3260,31,18,ok
ssl_hmac_final,004b3290,31,18,ok
ssl_hmac_size,004b32c0,31,18,ok
ssl_get_EC_curve_nid,004b32f0,48,16,ok
tls13_set_encoded_pub_key,004b3330,109,24,ok
ssl_print_random.constprop.0,004b33b0,254,35,ok
ssl_print_hexbuf,004b34c0,242,47,ok
ssl_print_signature.constprop.0,004b35c0,383,68,ok
ssl_print_extensions,004b3750,3883,515,ok
SSL_trace,004b46b0,12401,1466,ok
tls13_hkdf_expand_ex,004b7770,930,175,ok
derive_secret_key_and_iv,004b7b20,946,113,ok
tls13_hkdf_expand,004b7f00,157,21,ok
tls13_derive_key,004b7fb0,139,20,ok
tls13_derive_iv,004b8040,139,20,ok
tls13_derive_finishedkey,004b80d0,139,21,ok
tls13_generate_secret,004b8160,804,144,ok
tls13_generate_handshake_secret,004b84a0,53,12,ok
tls13_generate_master_secret,004b84e0,138,24,ok
tls13_final_finish_mac,004b8570,614,94,ok
tls13_setup_key_block,004b87f0,193,32,ok
tls13_store_handshake_traffic_hash,004b88c0,61,17,ok
tls13_store_server_finished_hash,004b8900,61,17,ok
tls13_change_cipher_state,004b8940,3502,362,ok
tls13_update_key,004b9770,503,66,ok
tls13_alert_code,004b9980,18,14,ok
tls13_export_keying_material,004b99a0,428,62,ok
tls13_export_keying_material_early,004b9b50,471,67,ok
ssl_hmac_old_new,004b9d30,24,12,ok
ssl_hmac_old_free,004b9d50,9,9,ok
ssl_hmac_old_init,004b9d60,46,12,ok
ssl_hmac_old_update,004b9d90,9,9,ok
ssl_hmac_old_final,004b9da0,59,18,ok
ssl_hmac_old_size,004b9de0,9,9,ok
ssl_hmac_get0_HMAC_CTX,004b9df0,5,8,ok
ssl_dh_to_pkey,004b9e00,67,19,ok
ssl_set_tmp_ecdh_groups,004b9e50,180,28,ok
SSL_CTX_set_tmp_dh_callback,004b9f10,13,9,ok
SSL_set_tmp_dh_callback,004b9f20,13,9,ok
ssl_ctx_srp_ctx_free_intern.part.0,004b9f30,225,32,ok
ssl_srp_ctx_free_intern.part.0,004ba020,225,32,ok
ssl_ctx_srp_ctx_free_intern,004ba110,27,12,ok
SSL_CTX_SRP_CTX_free,004ba140,27,12,ok
ssl_srp_ctx_free_intern,004ba170,27,12,ok
SSL_SRP_CTX_free,004ba1a0,57,20,ok
ssl_srp_ctx_init_intern,004ba1f0,866,135,ok
SSL_SRP_CTX_init,004ba570,43,19,ok
ssl_ctx_srp_ctx_init_intern,004ba5b0,74,25,ok
SSL_CTX_SRP_CTX_init,004ba600,74,25,ok
ssl_srp_server_param_with_username_intern,004ba650,295,42,ok
SSL_srp_server_param_with_username,004ba780,340,50,ok
SSL_set_srp_server_param_pw,004ba8e0,253,41,ok
SSL_set_srp_server_param,004baa00,601,87,ok
srp_generate_server_master_secret,004bac80,333,54,ok
srp_generate_client_master_secret,004bade0,683,93,ok
srp_verify_server_param,004bb0a0,336,48,ok
ssl_srp_calc_a_param_intern,004bb210,128,25,ok
SRP_Calc_A_param,004bb290,172,28,ok
SSL_get_srp_g,004bb350,67,26,ok
SSL_get_srp_N,004bb3a0,67,26,ok
SSL_get_srp_username,004bb3f0,67,26,ok
SSL_get_srp_userinfo,004bb440,67,26,ok
SSL_CTX_set_srp_username,004bb490,24,9,ok
SSL_CTX_set_srp_password,004bb4b0,24,9,ok
SSL_CTX_set_srp_strength,004bb4d0,24,9,ok
SSL_CTX_set_srp_verify_param_callback,004bb4f0,22,9,ok
SSL_CTX_set_srp_cb_arg,004bb510,24,9,ok
SSL_CTX_set_srp_username_callback,004bb530,22,9,ok
SSL_CTX_set_srp_client_pwd_callback,004bb550,22,9,ok
lh_QUIC_TOKEN_hfn_thunk,004bb580,2,11,ok
lh_QUIC_TOKEN_cfn_thunk,004bb590,2,11,ok
lh_QUIC_TOKEN_doall_thunk,004bb5a0,2,11,ok
lh_QUIC_TOKEN_doall_arg_thunk,004bb5b0,2,12,ok
quic_shutdown_peer_wait,004bb5c0,12,9,ok
quic_shutdown_wait,004bb5d0,12,9,ok
quic_validate_for_write,004bb5e0,184,42,ok
xso_sstream_append,004bb6b0,212,40,ok
quic_token_cmp,004bb790,29,14,ok
quic_token_hash,004bb7c0,13,9,ok
quic_accept_connection_wait,004bb7d0,40,15,ok
quic_raise_non_normal_error.constprop.0,004bb810,182,45,ok
free_this_token,004bb8d0,29,16,ok
quic_shutdown_flush_wait,004bb900,86,22,ok
create_xso_from_stream,004bb960,360,53,ok
alloc_port_user_ssl,004bbae0,346,49,ok
quic_new_stream_wait,004bbc50,95,23,ok
quic_handshake_wait,004bbcc0,132,22,ok
quic_write_again,004bbd50,303,51,ok
quic_raise_non_normal_error.constprop.1,004bbe90,286,60,ok
wait_for_incoming_stream,004bbfc0,144,27,ok
quic_wait_for_stream,004bc060,199,35,ok
qc_get_stream_write_buf_stat,004bc140,195,38,ok
quic_conn_stream_new.isra.0,004bc220,571,93,ok
quic_read_actual,004bc480,699,119,ok
quic_read_again,004bc770,839,135,ok
qc_wait_for_default_xso_for_read,004bcb00,871,142,ok
quic_do_handshake,004bcea0,1357,174,ok
expect_quic_as,004bd430,1301,228,ok
ossl_quic_new,004bd990,1088,137,ok
ossl_quic_free,004bddf0,660,117,ok
ossl_quic_init,004be0b0,76,17,ok
ossl_quic_deinit,004be100,1,8,ok
ossl_quic_reset,004be110,76,17,ok
ossl_quic_clear,004be160,76,17,ok
ossl_quic_set_override_now_cb,004be1b0,63,15,ok
ossl_quic_conn_force_assist_thread_wake,004be1f0,22,11,ok
ossl_quic_set_options,004be210,259,48,ok
ossl_quic_clear_options,004be320,270,49,ok
ossl_quic_get_options,004be440,227,49,ok
ossl_quic_conn_set0_net_rbio,004be530,117,28,ok
ossl_quic_conn_set0_net_wbio,004be5b0,117,28,ok
ossl_quic_conn_get_net_rbio,004be630,45,17,ok
ossl_quic_conn_get_net_wbio,004be670,45,17,ok
ossl_quic_conn_get_blocking_mode,004be6b0,41,17,ok
ossl_quic_conn_set_blocking_mode,004be6e0,171,37,ok
ossl_quic_conn_set_initial_peer_addr,004be7a0,140,27,ok
ossl_quic_handle_events,004be840,55,17,ok
ossl_quic_get_event_timeout,004be880,227,58,ok
ossl_quic_get_rpoll_descriptor,004be980,125,24,ok
ossl_quic_get_wpoll_descriptor,004bea10,125,24,ok
ossl_quic_get_net_read_desired,004beaa0,53,18,ok
ossl_quic_get_net_write_desired,004beae0,53,18,ok
ossl_quic_conn_shutdown,004beb20,954,171,ok
ossl_quic_ctrl,004bef60,816,145,ok
ossl_quic_set_connect_state,004bf2c0,123,29,ok
ossl_quic_set_accept_state,004bf350,123,29,ok
ossl_quic_do_handshake,004bf3e0,111,31,ok
ossl_quic_connect,004bf460,223,46,ok
ossl_quic_accept,004bf560,223,46,ok
ossl_quic_conn_stream_new,004bf660,48,17,ok
ossl_quic_get_error,004bf690,97,29,ok
ossl_quic_want,004bf700,86,28,ok
ossl_quic_write_flags,004bf760,2731,315,ok
ossl_quic_write,004c0290,10,9,ok
ossl_quic_read,004c02a0,765,133,ok
ossl_quic_peek,004c05e0,771,133,ok
ossl_quic_pending,004c0920,259,42,ok
ossl_quic_has_pending,004c0a40,330,57,ok
ossl_quic_conn_stream_conclude,004c0ba0,402,63,ok
SSL_inject_net_dgram,004c0d60,144,25,ok
ossl_quic_get0_connection,004c0e00,38,16,ok
ossl_quic_get0_listener,004c0e30,38,16,ok
ossl_quic_get0_domain,004c0e60,38,16,ok
ossl_quic_get_domain_flags,004c0e90,47,15,ok
ossl_quic_get_stream_type,004c0ec0,125,34,ok
ossl_quic_get_stream_id,004c0f40,51,18,ok
ossl_quic_is_stream_local,004c0f80,75,19,ok
ossl_quic_set_default_stream_mode,004c0fd0,152,29,ok
ossl_quic_detach_stream,004c1080,308,56,ok
ossl_quic_attach_stream,004c11d0,294,45,ok
ossl_quic_set_incoming_stream_policy,004c1310,213,42,ok
ossl_quic_get_value_uint,004c13f0,749,116,ok
ossl_quic_set_value_uint,004c1730,512,67,ok
ossl_quic_accept_stream,004c1960,588,86,ok
ossl_quic_get_accept_stream_queue_len,004c1bd0,57,19,ok
ossl_quic_stream_reset,004c1c10,333,68,ok
ossl_quic_get_stream_read_state,004c1d80,187,38,ok
ossl_quic_get_stream_write_state,004c1e60,182,38,ok
ossl_quic_get_stream_read_error_code,004c1f40,213,47,ok
ossl_quic_get_stream_write_error_code,004c2020,225,47,ok
ossl_quic_set_write_buffer_size,004c2110,189,34,ok
ossl_quic_get_conn_close_info,004c21e0,126,43,ok
ossl_quic_key_update,004c2270,144,28,ok
ossl_quic_get_key_update_type,004c2310,6,8,ok
ossl_quic_new_listener,004c2320,453,66,ok
ossl_quic_new_listener_from,004c2500,394,61,ok
ossl_quic_listen,004c2690,140,33,ok
ossl_quic_peeloff_conn,004c2730,564,97,ok
ossl_quic_accept_connection,004c2980,659,125,ok
ossl_quic_new_token_store,004c2c40,188,34,ok
ossl_quic_new_from_listener,004c2d10,874,118,ok
ossl_quic_free_token_store,004c30b0,78,22,ok
ossl_quic_set_peer_token,004c3110,411,60,ok
ossl_quic_get_peer_token,004c32c0,343,60,ok
ossl_quic_free_peer_token,004c3420,29,16,ok
ossl_quic_get_accept_connection_queue_len,004c3450,49,19,ok
ossl_quic_get_peer_addr,004c3490,58,18,ok
ossl_quic_new_domain,004c34e0,329,51,ok
ossl_quic_ctx_ctrl,004c3640,5,360,ok
ossl_quic_callback_ctrl,004c3650,128,26,ok
ossl_quic_ctx_callback_ctrl,004c36e0,5,39,ok
ossl_quic_renegotiate_check,004c36f0,3,8,ok
ossl_quic_get_cipher_by_char,004c3700,29,14,ok
ossl_quic_num_ciphers,004c3720,3,8,ok
ossl_quic_get_cipher,004c3730,3,8,ok
ossl_quic_get_shutdown,004c3740,88,24,ok
ossl_quic_conn_poll_events,004c37a0,1324,170,ok
ossl_quic_get_notifier_fd,004c3d20,61,21,ok
ossl_quic_enter_blocking_section,004c3d70,60,18,ok
ossl_quic_leave_blocking_section,004c3db0,60,18,ok
ossl_quic_conn_get_channel,004c3df0,45,16,ok
ossl_quic_set_diag_title,004c3e30,95,19,ok
OSSL_QUIC_method,004c3e90,8,8,ok
OSSL_QUIC_client_method,004c3ea0,8,8,ok
OSSL_QUIC_client_thread_method,004c3eb0,8,8,ok
OSSL_QUIC_server_method,004c3ec0,8,8,ok
ossl_quic_obj_init,004c3ee0,266,54,ok
ossl_quic_obj_get0_handshake_layer,004c4000,30,15,ok
ossl_quic_obj_can_support_blocking,004c4020,78,22,ok
ossl_quic_obj_desires_blocking,004c4080,37,17,ok
ossl_quic_obj_blocking,004c40b0,120,37,ok
ossl_quic_obj_set_blocking_mode,004c4130,24,9,ok
marshal_validation_token,004c4150,324,42,ok
encrypt_validation_token,004c42b0,271,37,ok
get_time,004c43d0,8,9,ok
port_send_retry,004c43e0,1069,191,ok
port_default_packet_handler,004c4820,4511,612,ok
ossl_quic_port_new,004c59d0,957,134,ok
ossl_quic_port_free,004c5db0,247,47,ok
ossl_quic_port_is_running,004c5ed0,13,8,ok
ossl_quic_port_get0_engine,004c5ee0,4,8,ok
ossl_quic_port_get0_reactor,004c5ef0,8,9,ok
ossl_quic_port_get0_demux,004c5f00,5,8,ok
ossl_quic_port_get0_mutex,004c5f10,8,9,ok
ossl_quic_port_get_time,004c5f20,8,9,ok
ossl_quic_port_get_rx_short_dcid_len,004c5f30,8,8,ok
ossl_quic_port_get_tx_init_dcid_len,004c5f40,8,8,ok
ossl_quic_port_get_num_incoming_channels,004c5f50,5,8,ok
ossl_quic_port_get_net_rbio,004c5f60,5,8,ok
ossl_quic_port_get_net_wbio,004c5f70,5,8,ok
ossl_quic_port_update_poll_descriptors,004c5f80,306,50,ok
ossl_quic_port_is_addressed_r,004c60c0,14,8,ok
ossl_quic_port_is_addressed_w,004c60d0,14,8,ok
ossl_quic_port_is_addressed,004c60e0,26,14,ok
ossl_quic_port_set_net_rbio,004c6100,353,57,ok
ossl_quic_port_set_net_wbio,004c6270,338,51,ok
ossl_quic_port_get_channel_ctx,004c63d0,5,8,ok
ossl_quic_port_create_outgoing,004c63e0,639,120,ok
ossl_quic_port_create_incoming,004c6670,659,124,ok
ossl_quic_port_pop_incoming,004c6920,74,30,ok
ossl_quic_port_have_incoming,004c6970,11,8,ok
ossl_quic_port_drop_incoming,004c6980,192,60,ok
ossl_quic_port_set_allow_incoming,004c6a50,28,9,ok
ossl_quic_port_test_and_set_peeloff,004c6a70,36,16,ok
ossl_quic_port_subtick,004c6aa0,401,59,ok
ossl_quic_port_raise_net_error,004c6c40,183,36,ok
ossl_quic_port_restore_err_state,004c6d00,22,10,ok
ossl_quic_reactor_init,004c6d20,139,38,ok
ossl_quic_reactor_cleanup,004c6dc0,41,17,ok
ossl_quic_reactor_set_poll_r,004c6e00,62,27,ok
ossl_quic_reactor_set_poll_w,004c6e50,64,27,ok
ossl_quic_reactor_get_poll_r,004c6ea0,4,8,ok
ossl_quic_reactor_get_poll_w,004c6eb0,5,8,ok
ossl_quic_reactor_can_support_poll_descriptor,004c6ec0,9,8,ok
ossl_quic_reactor_can_poll_r,004c6ed0,11,8,ok
ossl_quic_reactor_can_poll_w,004c6ee0,11,8,ok
ossl_quic_reactor_net_read_desired,004c6ef0,8,8,ok
ossl_quic_reactor_net_write_desired,004c6f00,10,8,ok
ossl_quic_reactor_get_tick_deadline,004c6f10,5,8,ok
ossl_quic_reactor_tick,004c6f20,147,26,ok
ossl_quic_reactor_get0_notifier,004c6fc0,15,14,ok
ossl_quic_reactor_block_until_pred,004c6fd0,1014,200,ok
ossl_quic_reactor_enter_blocking_section,004c7400,6,9,ok
ossl_quic_reactor_leave_blocking_section,004c7410,84,24,ok
ossl_quic_reactor_wait_ctx_init,004c7470,16,10,ok
ossl_quic_reactor_wait_ctx_enter,004c7480,159,43,ok
ossl_quic_reactor_wait_ctx_leave,004c7540,48,28,ok
ossl_quic_reactor_wait_ctx_cleanup,004c7580,63,17,ok
qrx_decrypt_pkt_body.constprop.0,004c75c0,640,86,ok
qrx_requeue_deferred,004c7860,135,52,ok
qrx_resize_rxe,004c78f0,413,96,ok
ossl_qrx_new,004c7ab0,109,54,ok
ossl_qrx_update_pn_space,004c7b30,30,20,ok
ossl_qrx_free,004c7b50,648,179,ok
ossl_qrx_inject_urxe,004c7e10,120,31,ok
ossl_qrx_inject_pkt,004c7ea0,64,28,ok
ossl_qrx_validate_initial_packet,004c7ef0,1403,301,ok
ossl_qrx_provide_secret,004c8490,85,23,ok
ossl_qrx_discard_enc_level,004c8500,34,12,ok
ossl_qrx_processed_read_pending,004c8530,14,8,ok
ossl_qrx_unprocessed_read_pending,004c8540,23,14,ok
ossl_qrx_read_pkt,004c8560,3571,702,ok
ossl_qrx_pkt_release,004c93c0,79,34,ok
ossl_qrx_pkt_orphan,004c9420,11,11,ok
ossl_qrx_pkt_up_ref,004c9430,6,9,ok
ossl_qrx_get_bytes_received,004c9440,23,14,ok
ossl_qrx_set_late_validation_cb,004c9460,20,10,ok
ossl_qrx_set_key_update_cb,004c9480,20,10,ok
ossl_qrx_get_key_epoch,004c94a0,52,14,ok
ossl_qrx_key_update_timeout,004c94e0,114,26,ok
ossl_qrx_get_cur_forged_pkt_count,004c9560,8,8,ok
ossl_qrx_get_max_forged_pkt_count,004c9570,50,16,ok
ossl_qrx_allow_1rtt_processing,004c95b0,22,13,ok
ossl_qrx_set_msg_callback,004c95d0,15,10,ok
ossl_qrx_set_msg_callback_arg,004c95e0,8,9,ok
ossl_qrx_get_short_hdr_conn_id_len,004c95f0,5,8,ok
el_build_keyslot,004c9600,721,97,ok
el_setup_keyslot.constprop.0,004c98f0,235,31,ok
ossl_qrl_enc_level_set_get,004c99f0,49,20,ok
ossl_qrl_enc_level_set_have_el,004c9a30,50,19,ok
ossl_qrl_enc_level_set_has_keyslot,004c9a70,83,19,ok
ossl_qrl_enc_level_set_key_update,004c9ae0,528,65,ok
ossl_qrl_enc_level_set_key_update_done,004c9d00,153,27,ok
ossl_qrl_enc_level_set_key_cooldown_done,004c9da0,473,66,ok
ossl_qrl_enc_level_set_discard,004c9f90,210,40,ok
ossl_qrl_enc_level_set_provide_secret,004ca080,1571,166,ok
ossl_qtx_new,004ca6e0,97,34,ok
ossl_qtx_free,004ca750,193,36,ok
ossl_qtx_set_mutator,004ca820,22,11,ok
ossl_qtx_set_qlog_cb,004ca840,15,10,ok
ossl_qtx_provide_secret,004ca850,55,18,ok
ossl_qtx_discard_enc_level,004ca890,31,12,ok
ossl_qtx_is_enc_level_provisioned,004ca8c0,32,11,ok
ossl_qtx_calculate_ciphertext_payload_len,004ca8e0,77,20,ok
ossl_qtx_calculate_plaintext_payload_len,004ca930,80,22,ok
ossl_qtx_finish_dgram,004ca990,213,50,ok
ossl_qtx_write_pkt,004caa80,3170,479,ok
ossl_qtx_flush_net,004cb740,669,125,ok
ossl_qtx_pop_net,004cb9f0,321,68,ok
ossl_qtx_set_bio,004cbb40,8,9,ok
ossl_qtx_set_mdpl,004cbb50,24,11,ok
ossl_qtx_get_mdpl,004cbb70,8,8,ok
ossl_qtx_get_queue_len_datagrams,004cbb80,8,8,ok
ossl_qtx_get_queue_len_bytes,004cbb90,8,8,ok
ossl_qtx_get_cur_dgram_len_bytes,004cbba0,19,14,ok
ossl_qtx_get_unflushed_pkt_count,004cbbc0,8,8,ok
ossl_qtx_trigger_key_update,004cbbd0,14,9,ok
ossl_qtx_get_cur_epoch_pkt_count,004cbbe0,44,14,ok
ossl_qtx_get_max_epoch_pkt_count,004cbc10,47,16,ok
ossl_qtx_set_msg_callback,004cbc50,15,10,ok
ossl_qtx_set_msg_callback_arg,004cbc60,8,9,ok
ossl_qtx_get_key_epoch,004cbc70,44,14,ok
ossl_quic_hkdf_extract,004cbca0,558,136,ok
ossl_quic_provide_initial_secret,004cbee0,789,99,ok
ossl_qrl_get_suite_cipher_name,004cc220,44,15,ok
ossl_qrl_get_suite_md_name,004cc250,35,14,ok
ossl_qrl_get_suite_secret_len,004cc280,25,14,ok
ossl_qrl_get_suite_cipher_key_len,004cc2a0,25,14,ok
ossl_qrl_get_suite_cipher_iv_len,004cc2c0,12,8,ok
ossl_qrl_get_suite_cipher_tag_len,004cc2d0,15,8,ok
ossl_qrl_get_suite_hdr_prot_cipher_id,004cc2e0,21,11,ok
ossl_qrl_get_suite_hdr_prot_key_len,004cc300,25,14,ok
ossl_qrl_get_suite_max_pkt,004cc320,42,15,ok
ossl_qrl_get_suite_max_forged_pkt,004cc350,55,15,ok
write_at_ring_buf_cb,004cc390,219,49,ok
read_internal,004cc480,670,120,ok
ossl_quic_rstream_new,004cc730,702,112,ok
ossl_quic_rstream_free,004cca00,113,25,ok
ossl_quic_rstream_queue_data,004cca90,113,29,ok
ossl_quic_rstream_read,004ccb10,132,28,ok
ossl_quic_rstream_peek,004ccba0,8,9,ok
ossl_quic_rstream_available,004ccbb0,122,23,ok
ossl_quic_rstream_get_record,004ccc40,241,55,ok
ossl_quic_rstream_release_record,004ccd40,311,74,ok
ossl_quic_rstream_move_to_rbuf,004cce90,33,14,ok
ossl_quic_rstream_resize_rbuf,004ccec0,670,121,ok
ossl_quic_rstream_set_cleanse,004cd170,4,9,ok
ossl_sframe_list_init,004cd180,16,11,ok
ossl_sframe_list_destroy,004cd190,111,22,ok
ossl_sframe_list_insert,004cd200,849,178,ok
ossl_sframe_list_peek,004cd580,175,57,ok
ossl_sframe_list_drop_frames,004cd640,235,47,ok
ossl_sframe_list_lock_head,004cd750,135,48,ok
ossl_sframe_list_is_head_locked,004cd7f0,4,8,ok
ossl_sframe_list_move_data,004cd800,411,100,ok
lh_SRTM_ITEM_hfn_thunk,004cd9c0,2,11,ok
lh_SRTM_ITEM_cfn_thunk,004cd9d0,2,11,ok
lh_SRTM_ITEM_doall_thunk,004cd9e0,2,11,ok
lh_SRTM_ITEM_doall_arg_thunk,004cd9f0,2,11,ok
items_fwd_hash,004cda00,5,8,ok
items_fwd_cmp,004cda10,15,8,ok
items_rev_hash,004cda20,5,8,ok
items_rev_cmp,004cda30,18,9,ok
srtm_free_each,004cda50,77,18,ok
ossl_quic_srtm_new,004cdaa0,400,63,ok
ossl_quic_srtm_free,004cdc40,78,18,ok
ossl_quic_srtm_add,004cdca0,568,112,ok
ossl_quic_srtm_remove,004cdf00,293,72,ok
ossl_quic_srtm_cull,004ce040,375,76,ok
ossl_quic_srtm_lookup,004ce1d0,199,43,ok
ossl_quic_srtm_check,004ce2b0,1,8,ok
ossl_quic_sstream_new,004ce2c0,709,116,ok
ossl_quic_sstream_free,004ce590,113,22,ok
ossl_quic_sstream_get_stream_frame,004ce620,388,101,ok
ossl_quic_sstream_has_pending,004ce7c0,170,60,ok
ossl_quic_sstream_get_cur_size,004ce890,5,8,ok
ossl_quic_sstream_mark_transmitted,004ce8a0,38,15,ok
ossl_quic_sstream_mark_transmitted_fin,004ce8d0,33,12,ok
ossl_quic_sstream_mark_lost,004ce900,38,15,ok
ossl_quic_sstream_mark_lost_fin,004ce930,24,14,ok
ossl_quic_sstream_mark_acked,004ce950,222,54,ok
ossl_quic_sstream_mark_acked_fin,004cea40,24,14,ok
ossl_quic_sstream_fin,004cea60,15,11,ok
ossl_quic_sstream_get_final_size,004cea70,27,14,ok
ossl_quic_sstream_append,004ceaa0,445,111,ok
ossl_quic_sstream_set_buffer_size,004cec60,675,117,ok
ossl_quic_sstream_get_buffer_size,004cef20,5,8,ok
ossl_quic_sstream_get_buffer_used,004cef30,9,8,ok
ossl_quic_sstream_get_buffer_avail,004cef40,13,8,ok
ossl_quic_sstream_is_totally_acked,004cef50,70,18,ok
ossl_quic_sstream_adjust_iov,004cefa0,71,33,ok
ossl_quic_sstream_set_cleanse,004cf000,24,9,ok
ossl_statm_update_rtt,004cf020,238,76,ok
ossl_statm_init,004cf120,33,31,ok
ossl_statm_destroy,004cf150,1,8,ok
ossl_statm_get_rtt_info,004cf160,31,12,ok
lh_QUIC_STREAM_hfn_thunk,004cf180,2,11,ok
lh_QUIC_STREAM_cfn_thunk,004cf190,2,11,ok
lh_QUIC_STREAM_doall_thunk,004cf1a0,2,11,ok
lh_QUIC_STREAM_doall_arg_thunk,004cf1b0,2,12,ok
hash_stream,004cf1c0,5,8,ok
cmp_stream,004cf1d0,27,14,ok
begin_shutdown_flush_each,004cf1f0,69,18,ok
release_each,004cf240,176,41,ok
ossl_quic_stream_map_init,004cf300,254,49,ok
ossl_quic_stream_map_cleanup,004cf410,54,14,ok
ossl_quic_stream_map_visit,004cf450,8,9,ok
ossl_quic_stream_map_alloc,004cf460,221,40,ok
ossl_quic_stream_map_release,004cf550,176,41,ok
ossl_quic_stream_map_get_by_id,004cf610,31,13,ok
ossl_quic_stream_map_set_rr_stepping,004cf630,13,10,ok
ossl_quic_stream_map_is_local_allowed_by_stream_limit,004cf640,41,15,ok
ossl_quic_stream_map_update_state,004cf670,867,163,ok
ossl_quic_stream_map_ensure_send_part_id,004cfa00,32,17,ok
ossl_quic_stream_map_notify_all_data_sent,004cfa20,51,18,ok
ossl_quic_stream_map_notify_totally_acked,004cfa60,128,27,ok
ossl_quic_stream_map_reset_stream_send_part,004cfaf0,226,43,ok
ossl_quic_stream_map_notify_reset_stream_acked,004cfbf0,33,12,ok
ossl_quic_stream_map_notify_size_known_recv_part,004cfc20,25,12,ok
ossl_quic_stream_map_notify_totally_received,004cfc40,48,12,ok
ossl_quic_stream_map_notify_totally_read,004cfc80,47,14,ok
ossl_quic_stream_map_notify_reset_recv_part,004cfcc0,187,31,ok
ossl_quic_stream_map_notify_app_read_reset_recv_part,004cfda0,25,12,ok
ossl_quic_stream_map_stop_sending_recv_part,004cfdc0,94,22,ok
ossl_quic_stream_map_schedule_stop_sending,004cfe30,73,16,ok
ossl_quic_stream_map_peek_accept_queue,004cfe90,37,16,ok
ossl_quic_stream_map_find_in_accept_queue,004cfec0,128,40,ok
ossl_quic_stream_map_push_accept_queue,004cff70,49,20,ok
ossl_quic_stream_map_remove_from_accept_queue,004cffb0,77,28,ok
ossl_quic_stream_map_get_accept_queue_len,004d0010,12,14,ok
ossl_quic_stream_map_get_total_accept_queue_len,004d0020,24,8,ok
ossl_quic_stream_map_gc,004d0040,211,43,ok
ossl_quic_stream_map_begin_shutdown_flush,004d0120,26,10,ok
ossl_quic_stream_map_is_shutdown_flush_finished,004d0140,11,8,ok
ossl_quic_stream_iter_init,004d0150,96,30,ok
ossl_quic_stream_iter_next,004d01c0,63,26,ok
quic_unprocessed_read_pending,004d0210,3,8,ok
quic_get_max_records,004d0220,6,8,ok
quic_get_alert_code,004d0230,4,8,ok
quic_set_plain_alerts,004d0240,1,8,ok
quic_set_max_pipelines,004d0250,1,8,ok
quic_set_options,004d0260,6,8,ok
quic_get_compression,004d0270,3,8,ok
quic_alloc_buffers,004d0280,6,8,ok
add_transport_params_cb,004d0290,38,15,ok
free_transport_params_cb,004d02c0,1,8,ok
parse_transport_params_cb,004d02d0,18,15,ok
quic_increment_sequence_ctr,004d02f0,130,19,ok
quic_get_max_record_overhead,004d0380,130,19,ok
quic_app_data_pending,004d0410,130,19,ok
quic_release_record,004d04a0,201,41,ok
quic_set1_bio,004d0580,54,15,ok
quic_read_record,004d05c0,365,48,ok
quic_write_records,004d0730,745,115,ok
quic_get_state,004d0a30,74,25,ok
quic_set_protocol_version,004d0a80,142,23,ok
quic_free_buffers,004d0b20,6,8,ok
quic_set_max_frag_len,004d0b30,1,8,ok
quic_set_first_handshake,004d0b40,1,8,ok
quic_processed_read_pending,004d0b50,3,8,ok
quic_free,004d0b60,51,13,ok
quic_new_record_layer,004d0ba0,753,119,ok
quic_retry_write_records,004d0eb0,595,87,ok
ossl_quic_tls_new,004d1120,277,90,ok
ossl_quic_tls_free,004d1240,43,13,ok
ossl_quic_tls_configure,004d1280,422,62,ok
ossl_quic_tls_tick,004d1440,884,129,ok
ossl_quic_tls_clear,004d17e0,13,11,ok
ossl_quic_tls_set_transport_params,004d17f0,31,15,ok
ossl_quic_tls_get_error,004d1810,54,18,ok
ossl_quic_tls_is_cert_request,004d1850,75,24,ok
ossl_quic_tls_has_bad_max_early_data,004d18b0,35,11,ok
ossl_quic_tls_set_early_data_enabled,004d18e0,180,43,ok
ossl_quic_trace,004d19b0,3645,464,ok
determine_len,004d2820,868,165,ok
on_sstream_updated,004d2ba0,42,15,ok
on_regen_notify,004d2be0,235,76,ok
tx_helper_begin,004d2d10,182,39,ok
get_sstream_by_id,004d2de0,53,17,ok
on_confirm_notify,004d2e20,129,26,ok
txp_plan_stream_chunk.isra.0,004d2eb0,169,45,ok
tx_helper_append_iovec,004d2f70,198,46,ok
tx_helper_commit,004d3040,323,53,ok
txp_generate_pre_token,004d31a0,721,136,ok
ossl_quic_tx_packetiser_set_validated,004d3490,12,9,ok
ossl_quic_tx_packetiser_add_unvalidated_credit,004d34a0,48,19,ok
ossl_quic_tx_packetiser_consume_unvalidated_credit,004d34d0,39,19,ok
ossl_quic_tx_packetiser_check_unvalidated_credit,004d3500,13,8,ok
ossl_quic_tx_packetiser_new,004d3510,400,44,ok
ossl_quic_tx_packetiser_free,004d36b0,241,35,ok
ossl_quic_tx_packetiser_set_initial_token,004d37b0,165,32,ok
ossl_quic_tx_packetiser_set_protocol_version,004d3860,12,9,ok
ossl_quic_tx_packetiser_set_cur_dcid,004d3870,86,26,ok
ossl_quic_tx_packetiser_set_cur_scid,004d38d0,85,26,ok
ossl_quic_tx_packetiser_set_peer,004d3930,37,15,ok
ossl_quic_tx_packetiser_set_ack_tx_cb,004d3960,15,10,ok
ossl_quic_tx_packetiser_set_qlog_cb,004d3970,12,9,ok
ossl_quic_tx_packetiser_discard_enc_level,004d3980,107,20,ok
ossl_quic_tx_packetiser_notify_handshake_complete,004d39f0,8,9,ok
ossl_quic_tx_packetiser_schedule_handshake_done,004d3a00,8,9,ok
ossl_quic_tx_packetiser_schedule_ack_eliciting,004d3a10,48,12,ok
ossl_quic_tx_packetiser_schedule_ack,004d3a40,44,12,ok
ossl_quic_tx_packetiser_generate,004d3a70,12641,1367,ok
ossl_quic_tx_packetiser_record_received_closing_bytes,004d6d20,8,9,ok
ossl_quic_tx_packetiser_schedule_conn_close,004d6d30,147,48,ok
ossl_quic_tx_packetiser_set_msg_callback,004d6dd0,15,10,ok
ossl_quic_tx_packetiser_set_msg_callback_arg,004d6de0,8,9,ok
ossl_quic_tx_packetiser_get_next_pn,004d6df0,23,14,ok
ossl_quic_tx_packetiser_get_deadline,004d6e10,170,46,ok
compare,004d6ec0,53,17,ok
ossl_quic_txpim_new,004d6f00,22,9,ok
ossl_quic_txpim_free,004d6f20,135,23,ok
ossl_quic_txpim_pkt_alloc,004d6fc0,277,61,ok
ossl_quic_txpim_pkt_release,004d70f0,54,22,ok
ossl_quic_txpim_pkt_add_cfq_item,004d7130,20,14,ok
ossl_quic_txpim_pkt_clear_chunks,004d7150,12,9,ok
ossl_quic_txpim_pkt_append_chunk,004d7160,215,59,ok
ossl_quic_txpim_pkt_get_chunks,004d7250,69,13,ok
ossl_quic_txpim_pkt_get_num_chunks,004d72a0,8,8,ok
ossl_quic_txpim_get_in_use,004d72b0,5,8,ok
PACKET_get_quic_vlint,004d72c0,82,22,ok
ossl_quic_frame_ack_contains_pn,004d7320,49,22,ok
ossl_quic_wire_encode_padding,004d7360,10,9,ok
ossl_quic_wire_encode_frame_ping,004d7370,10,9,ok
ossl_quic_wire_encode_frame_ack,004d7380,366,54,ok
ossl_quic_wire_encode_frame_reset_stream,004d7500,94,21,ok
ossl_quic_wire_encode_frame_stop_sending,004d7570,78,18,ok
ossl_quic_wire_encode_frame_crypto_hdr,004d75d0,78,18,ok
ossl_quic_wire_get_encoded_frame_len_crypto_hdr,004d7630,346,70,ok
ossl_quic_wire_encode_frame_crypto,004d77b0,132,28,ok
ossl_quic_wire_encode_frame_new_token,004d7840,76,18,ok
ossl_quic_wire_encode_frame_stream_hdr,004d78a0,150,32,ok
ossl_quic_wire_get_encoded_frame_len_stream_hdr,004d7940,578,106,ok
ossl_quic_wire_encode_frame_stream,004d7bb0,212,32,ok
ossl_quic_wire_encode_frame_max_data,004d7ca0,52,16,ok
ossl_quic_wire_encode_frame_max_stream_data,004d7ce0,73,19,ok
ossl_quic_wire_encode_frame_max_streams,004d7d30,60,16,ok
ossl_quic_wire_encode_frame_data_blocked,004d7d70,52,16,ok
ossl_quic_wire_encode_frame_stream_data_blocked,004d7db0,73,19,ok
ossl_quic_wire_encode_frame_streams_blocked,004d7e00,60,17,ok
ossl_quic_wire_encode_frame_new_conn_id,004d7e40,148,22,ok
ossl_quic_wire_encode_frame_retire_conn_id,004d7ee0,52,16,ok
ossl_quic_wire_encode_frame_path_challenge,004d7f20,57,16,ok
ossl_quic_wire_encode_frame_path_response,004d7f60,57,16,ok
ossl_quic_wire_encode_frame_conn_close,004d7fa0,124,24,ok
ossl_quic_wire_encode_frame_handshake_done,004d8030,10,9,ok
ossl_quic_wire_encode_transport_param_bytes,004d8040,139,29,ok
ossl_quic_wire_encode_transport_param_int,004d80e0,124,23,ok
ossl_quic_wire_encode_transport_param_cid,004d8170,283,61,ok
ossl_quic_wire_peek_frame_header,004d82a0,136,28,ok
ossl_quic_wire_skip_frame_header,004d8330,82,22,ok
ossl_quic_wire_peek_frame_ack_num_ranges,004d8390,278,65,ok
ossl_quic_wire_decode_frame_ack,004d84b0,1126,231,ok
ossl_quic_wire_decode_frame_reset_stream,004d8920,254,51,ok
ossl_quic_wire_decode_frame_stop_sending,004d8a30,197,42,ok
ossl_quic_wire_decode_frame_crypto,004d8b00,268,58,ok
ossl_quic_wire_decode_frame_new_token,004d8c20,185,40,ok
ossl_quic_wire_decode_frame_stream,004d8cf0,473,113,ok
ossl_quic_wire_decode_frame_max_data,004d8ef0,156,35,ok
ossl_quic_wire_decode_frame_max_stream_data,004d8fa0,197,43,ok
ossl_quic_wire_decode_frame_max_streams,004d9070,157,35,ok
ossl_quic_wire_decode_frame_data_blocked,004d9120,156,35,ok
ossl_quic_wire_decode_frame_stream_data_blocked,004d91d0,197,44,ok
ossl_quic_wire_decode_frame_streams_blocked,004d92a0,157,35,ok
ossl_quic_wire_decode_frame_new_conn_id,004d9350,626,138,ok
ossl_quic_wire_decode_frame_retire_conn_id,004d95d0,156,35,ok
ossl_quic_wire_decode_frame_path_challenge,004d9680,230,46,ok
ossl_quic_wire_decode_frame_path_response,004d9780,230,46,ok
ossl_quic_wire_decode_frame_conn_close,004d9880,343,70,ok
ossl_quic_wire_decode_padding,004d99f0,70,31,ok
ossl_quic_wire_decode_frame_ping,004d9a50,78,21,ok
ossl_quic_wire_decode_frame_handshake_done,004d9ab0,78,21,ok
ossl_quic_wire_peek_transport_param,004d9b10,57,17,ok
ossl_quic_wire_decode_transport_param_bytes,004d9b60,201,43,ok
ossl_quic_wire_decode_transport_param_int,004d9c40,244,50,ok
ossl_quic_wire_decode_transport_param_cid,004d9d50,224,47,ok
ossl_quic_wire_decode_transport_param_preferred_addr,004d9e40,442,113,ok
ossl_quic_frame_type_to_string,004da000,277,73,ok
ossl_quic_err_to_string,004da210,165,45,ok
ossl_quic_hdr_protector_init,004da340,450,69,ok
ossl_quic_hdr_protector_cleanup,004da520,40,12,ok
ossl_quic_hdr_protector_decrypt,004da550,620,102,ok
ossl_quic_hdr_protector_decrypt_fields,004da7e0,554,85,ok
ossl_quic_hdr_protector_encrypt,004daa20,625,97,ok
ossl_quic_hdr_protector_encrypt_fields,004dacc0,558,84,ok
ossl_quic_wire_decode_pkt_hdr,004daf10,2164,413,ok
ossl_quic_wire_encode_pkt_hdr,004db7a0,977,164,ok
ossl_quic_wire_get_encoded_pkt_hdr_len,004dbba0,318,75,ok
ossl_quic_wire_get_pkt_hdr_dst_conn_id,004dbd00,290,69,ok
ossl_quic_wire_decode_pkt_hdr_pn,004dbe30,219,56,ok
ossl_quic_wire_determine_pn_len,004dbf30,59,19,ok
ossl_quic_wire_encode_pkt_hdr_pn,004dbf70,84,31,ok
ossl_quic_calculate_retry_integrity_tag,004dbfe0,1067,167,ok
ossl_quic_validate_retry_integrity_tag,004dc420,86,23,ok
uint_set_merge_adjacent,004dc480,113,36,ok
ossl_uint_set_init,004dc510,16,10,ok
ossl_uint_set_destroy,004dc520,63,17,ok
ossl_uint_set_insert,004dc560,1051,280,ok
ossl_uint_set_remove,004dc9f0,341,79,ok
ossl_uint_set_query,004dcb60,73,20,ok
DTLS_RECORD_LAYER_new,004dcbc0,104,22,ok
DTLS_RECORD_LAYER_clear,004dcc30,143,28,ok
DTLS_RECORD_LAYER_free,004dccd0,73,15,ok
dtls1_read_bytes,004dcd30,3195,460,ok
dtls1_write_bytes,004dda10,362,55,ok
do_dtls1_write,004ddb90,278,48,ok
dtls1_increment_epoch,004ddcc0,27,17,ok
dtls1_get_epoch,004ddcf0,19,14,ok
rlayer_msg_callback_wrapper,004ddd40,35,14,ok
rlayer_padding_wrapper,004ddd70,23,12,ok
rlayer_security_wrapper,004ddd90,5,13,ok
ossl_early_data_count_ok,004ddda0,311,43,ok
ssl_release_record.constprop.0,004ddef0,394,63,ok
RECORD_LAYER_init,004de0b0,4,9,ok
RECORD_LAYER_clear,004de0c0,743,106,ok
RECORD_LAYER_read_pending,004de3d0,17,11,ok
RECORD_LAYER_processed_read_pending,004de3f0,53,14,ok
RECORD_LAYER_write_pending,004de430,11,8,ok
ssl3_pending,004de440,219,40,ok
SSL_CTX_set_default_read_buffer_len,004de540,8,9,ok
SSL_set_default_read_buffer_len,004de550,78,20,ok
SSL_rstate_string_long,004de5b0,96,27,ok
SSL_rstate_string,004de620,96,27,ok
ossl_tls_handle_rlayer_return,004de690,333,54,ok
ssl3_write_bytes,004de800,1451,241,ok
ssl_release_record,004dede0,429,72,ok
ssl3_read_bytes,004defc0,4084,598,ok
ossl_ssl_set_custom_record_layer,004e0040,15,10,ok
ssl_set_new_record_layer,004e0050,4288,630,ok
RECORD_LAYER_reset,004e11a0,188,21,ok
ssl_set_record_protocol_version,004e1260,73,18,ok
satsub64be,004e12c0,75,32,ok
dtls_set_in_init,004e1310,7,9,ok
dtls_get_max_record_overhead,004e1320,73,23,ok
dtls_free,004e1370,344,47,ok
dtls_new_record_layer,004e14e0,553,64,ok
dtls_get_more_records,004e1720,2776,426,ok
dtls_prepare_record_header,004e2210,283,38,ok
dtls_post_encryption_processing,004e2340,26,16,ok
tls1_allocate_write_buffers,004e2370,72,21,ok
tls1_initialise_write_packets,004e23d0,297,49,ok
tls1_mac,004e2510,641,129,ok
tls1_cipher,004e27b0,3450,462,ok
tls1_set_crypto_state,004e3560,1383,190,ok
tls_unprocessed_read_pending,004e3b00,14,8,ok
tls_processed_read_pending,004e3b10,21,8,ok
tls_app_data_pending,004e3b30,65,28,ok
tls_get_max_records,004e3b80,14,11,ok
tls_get_alert_code,004e3b90,7,8,ok
tls_set_protocol_version,004e3ba0,10,11,ok
tls_set_plain_alerts,004e3bb0,7,9,ok
tls_set_first_handshake,004e3bc0,7,9,ok
tls_set_max_pipelines,004e3bd0,24,12,ok
tls_get_state,004e3bf0,79,27,ok
tls_set_max_frag_len,004e3c50,7,9,ok
tls_set_options,004e3c60,454,75,ok
tls_set1_bio,004e3e50,54,15,ok
tls_get_compression,004e3e90,20,14,ok
ossl_rlayer_fatal.constprop.0,004e3eb0,157,47,ok
tls_read_record,004e3f50,299,41,ok
tls_increment_sequence_ctr,004e4090,148,47,ok
tls_int_free,004e4130,443,51,ok
tls_free,004e4300,94,21,ok
tls_free_buffers,004e4360,354,57,ok
tls_release_record,004e44e0,421,49,ok
tls_retry_write_records,004e4690,1087,156,ok
tls_write_records,004e4af0,134,25,ok
tls_alloc_buffers,004e4b80,751,130,ok
ossl_tls_buffer_release,004e4e80,33,10,ok
ossl_tls_rl_record_set_seq_num,004e4eb0,8,9,ok
ossl_rlayer_fatal,004e4ec0,158,46,ok
ossl_set_tls_provider_parameters,004e4f60,338,81,ok
ssl3_cbc_record_digest_supported,004e50c0,61,19,ok
tls_setup_write_buffer,004e5110,673,104,ok
tls_setup_read_buffer,004e53d0,258,47,ok
tls_default_read_n,004e54e0,928,159,ok
tls_get_more_records,004e58b0,2840,344,ok
tls_default_validate_record_header,004e6420,154,27,ok
tls_do_compress,004e64d0,64,17,ok
tls_do_uncompress,004e6510,119,26,ok
tls_default_post_process_record,004e6590,335,55,ok
tls13_common_post_process_record,004e66f0,223,32,ok
tls_int_new_record_layer,004e67e0,1123,145,ok
tls_new_record_layer,004e6c70,426,65,ok
tls_get_max_records_default,004e6e30,151,29,ok
tls_allocate_write_buffers_default,004e6ee0,12,9,ok
tls_initialise_write_packets_default,004e6ef0,281,49,ok
tls_prepare_record_header_default,004e7020,241,32,ok
tls_prepare_for_encryption_default,004e7120,267,41,ok
tls_post_encryption_processing_default,004e7240,594,72,ok
tls_write_records_default,004e74c0,1219,176,ok
tls_default_set_protocol_version,004e79a0,9,8,ok
tls_get_max_records_multiblock,004e79b0,224,31,ok
tls_write_records_multiblock,004e7aa0,750,118,ok
tls_any_cipher,004e7da0,6,8,ok
tls_any_set_protocol_version,004e7db0,27,14,ok
tls_any_prepare_for_encryption,004e7dd0,6,8,ok
dtls_any_set_protocol_version,004e7de0,27,14,ok
tls_validate_record_header,004e7e00,696,73,ok
tls_any_set_crypto_state,004e80e0,72,14,ok
ossl_rio_notifier_init,004e8130,116,21,ok
ossl_rio_notifier_cleanup,004e81b0,35,14,ok
ossl_rio_notifier_signal,004e81e0,61,18,ok
ossl_rio_notifier_unsignal,004e8230,86,24,ok
sk_OCSP_RESPONSE_freefunc_thunk,004e82a0,8,11,ok
init_ech,004e82b0,24,11,ok
init_session_ticket,004e82d0,23,11,ok
init_npn,004e82f0,16,9,ok
init_etm,004e8300,16,9,ok
init_ems,004e8310,31,11,ok
init_srtp,004e8330,24,11,ok
init_psk_kex_modes,004e8350,16,9,ok
init_post_handshake_auth,004e8360,16,9,ok
tls_construct_compress_certificate,004e8370,6,8,ok
tls_parse_compress_certificate,004e8380,6,8,ok
init_server_cert_type,004e8390,22,11,ok
init_client_cert_type,004e83b0,22,11,ok
final_ems,004e83d0,167,25,ok
final_renegotiate,004e8490,136,26,ok
tls_construct_certificate_authorities,004e8530,198,39,ok
tls_parse_certificate_authorities,004e8600,100,19,ok
init_certificate_authorities,004e8670,41,10,ok
final_early_data,004e86a0,226,34,ok
tls_init_compress_certificate,004e8790,17,9,ok
final_key_share,004e87b0,700,115,ok
init_sig_algs,004e8a90,57,11,ok
init_sig_algs_cert,004e8ad0,57,11,ok
init_ec_point_formats,004e8b10,57,11,ok
init_srp,004e8b50,46,10,ok
final_alpn,004e8b80,82,23,ok
final_maxfragmentlen,004e8be0,127,30,ok
final_server_name,004e8c70,1000,133,ok
final_psk,004e9080,121,19,ok
final_ech,004e9100,94,20,ok
final_supported_versions,004e9170,77,14,ok
final_sig_algs,004e91d0,128,26,ok
final_ec_pt_formats,004e9260,202,34,ok
init_server_name,004e9330,69,14,ok
init_status_request,004e9380,126,20,ok
init_alpn,004e9410,131,17,ok
ossl_ech_copy_inner2outer,004e94a0,179,31,ok
ossl_ech_same_key_share,004e9570,6,8,ok
ossl_ech_2bcompressed,004e9580,34,14,ok
ossl_ech_same_ext,004e95b0,141,43,ok
ossl_get_extension_type,004e9650,26,14,ok
tls_validate_all_contexts,004e9670,240,55,ok
extension_is_relevant,004e9770,125,42,ok
tls_collect_extensions,004e9810,1474,196,ok
tls_parse_extension,004e9e10,334,72,ok
tls_parse_all_extensions,004e9f80,375,63,ok
should_add_extension,004ea100,236,65,ok
tls_construct_extensions,004ea220,1627,230,ok
tls_psk_do_binder,004ea8d0,1837,217,ok
add_key_share,004eb010,496,60,ok
tls_construct_ctos_renegotiate,004eb220,535,59,ok
tls_construct_ctos_server_name,004eb450,440,54,ok
tls_construct_ctos_maxfragmentlen,004eb620,243,32,ok
tls_construct_ctos_srp,004eb720,291,40,ok
tls_construct_ctos_ec_pt_formats,004eb850,678,81,ok
tls_construct_ctos_supported_groups,004ebb10,2078,271,ok
tls_construct_ctos_session_ticket,004ec370,514,80,ok
tls_construct_ctos_sig_algs,004ec590,434,50,ok
tls_construct_ctos_status_request,004ec750,643,86,ok
tls_construct_ctos_npn,004ec9f0,241,33,ok
tls_construct_ctos_alpn,004ecaf0,327,52,ok
tls_construct_ctos_use_srtp,004ecc40,387,61,ok
tls_construct_ctos_etm,004ecde0,209,30,ok
tls_construct_ctos_sct,004ecec0,214,30,ok
tls_construct_ctos_ems,004ecfb0,209,30,ok
tls_construct_ctos_supported_versions,004ed090,449,63,ok
tls_construct_ctos_psk_kex_modes,004ed280,316,35,ok
tls_construct_ctos_key_share,004ed3d0,853,120,ok
tls_construct_ctos_cookie,004ed750,321,41,ok
tls_construct_ctos_early_data,004ed8a0,1498,194,ok
tls_construct_ctos_padding,004edec0,452,65,ok
tls_construct_ctos_psk,004ee0b0,2354,286,ok
tls_construct_ctos_post_handshake_auth,004eea40,229,32,ok
tls_parse_stoc_renegotiate,004eeb40,444,73,ok
tls_parse_stoc_maxfragmentlen,004eed20,204,35,ok
tls_parse_stoc_server_name,004eee10,311,47,ok
tls_parse_stoc_ec_pt_formats,004eef70,465,83,ok
tls_parse_stoc_session_ticket,004ef150,265,34,ok
tls_parse_stoc_status_request,004ef270,210,35,ok
tls_parse_stoc_sct,004ef360,466,56,ok
tls_parse_stoc_npn,004ef560,583,96,ok
tls_parse_stoc_alpn,004ef7c0,902,160,ok
tls_parse_stoc_use_srtp,004efb70,401,66,ok
tls_parse_stoc_etm,004efd10,83,17,ok
tls_parse_stoc_ems,004efd70,50,16,ok
tls_parse_stoc_supported_versions,004efdb0,255,40,ok
tls_parse_stoc_key_share,004efed0,1367,210,ok
tls_parse_stoc_cookie,004f0470,246,36,ok
tls_parse_stoc_early_data,004f0580,372,53,ok
tls_parse_stoc_psk,004f0710,471,94,ok
tls_construct_ctos_client_cert_type,004f0900,258,36,ok
tls_parse_stoc_client_cert_type,004f0a10,265,42,ok
tls_construct_ctos_server_cert_type,004f0b40,258,36,ok
tls_parse_stoc_server_cert_type,004f0c50,265,42,ok
tls_construct_ctos_ech,004f0d80,1924,234,ok
tls_parse_stoc_ech,004f1540,390,57,ok
custom_ext_add_old_cb_wrap,004f1700,36,20,ok
custom_ext_free_old_cb_wrap,004f1730,18,16,ok
custom_ext_parse_old_cb_wrap,004f1750,36,20,ok
custom_ext_find,004f1780,92,39,ok
custom_ext_init,004f1800,50,22,ok
custom_ext_parse,004f1840,413,80,ok
custom_ext_add,004f19f0,1016,154,ok
custom_exts_copy_flags,004f1e10,197,68,ok
custom_exts_copy,004f1ef0,471,82,ok
custom_exts_copy_conn,004f2100,903,1,failed
custom_exts_free,004f24b0,167,34,ok
SSL_CTX_has_client_custom_ext,004f2560,68,24,ok
ossl_tls_add_custom_ext_intern,004f25b0,589,121,ok
SSL_CTX_add_client_custom_ext,004f2840,601,91,ok
SSL_CTX_add_server_custom_ext,004f2ab0,607,93,ok
SSL_CTX_add_custom_ext,004f2d40,415,87,ok
SSL_extension_supported,004f2f00,79,19,ok
sk_OCSP_RESPID_freefunc_thunk,004f2f60,8,11,ok
check_overlap,004f2f70,302,45,ok
tls_accept_ksgroup,004f30a0,208,30,ok
tls_parse_ctos_renegotiate,004f3180,228,44,ok
tls_parse_ctos_server_name,004f3280,580,88,ok
tls_parse_ctos_maxfragmentlen,004f34e0,189,29,ok
tls_parse_ctos_srp,004f35b0,260,37,ok
tls_parse_ctos_ec_pt_formats,004f36c0,287,41,ok
tls_parse_ctos_session_ticket,004f37f0,123,21,ok
tls_parse_ctos_sig_algs_cert,004f3870,212,44,ok
tls_parse_ctos_sig_algs,004f3950,209,44,ok
tls_parse_ctos_status_request,004f3a30,805,132,ok
tls_parse_ctos_npn,004f3d90,36,11,ok
tls_parse_ctos_alpn,004f3dc0,419,67,ok
tls_parse_ctos_use_srtp,004f3f70,547,100,ok
tls_parse_ctos_etm,004f41b0,25,11,ok
tls_parse_ctos_psk_kex_modes,004f41d0,192,38,ok
tls_parse_ctos_key_share,004f42a0,1724,211,ok
tls_parse_ctos_cookie,004f4990,1855,219,ok
tls_parse_ctos_supported_groups,004f50f0,334,50,ok
tls_parse_ctos_ems,004f5250,93,17,ok
tls_parse_ctos_early_data,004f52c0,138,21,ok
tls_parse_ctos_psk,004f5360,2376,302,ok
tls_parse_ctos_post_handshake_auth,004f5ce0,83,15,ok
tls_construct_stoc_renegotiate,004f5d40,248,31,ok
tls_construct_stoc_server_name,004f5e50,200,29,ok
tls_construct_stoc_maxfragmentlen,004f5f30,196,22,ok
tls_construct_stoc_ec_pt_formats,004f6000,228,33,ok
tls_construct_stoc_supported_groups,004f60f0,515,82,ok
tls_construct_stoc_session_ticket,004f6310,166,27,ok
tls_construct_stoc_status_request,004f63c0,265,41,ok
tls_construct_stoc_next_proto_neg,004f64f0,232,35,ok
tls_construct_stoc_alpn,004f65f0,214,25,ok
tls_construct_stoc_use_srtp,004f66d0,227,24,ok
tls_construct_stoc_etm,004f67c0,223,31,ok
tls_construct_stoc_ems,004f68c0,144,23,ok
tls_construct_stoc_supported_versions,004f6960,203,28,ok
tls_construct_stoc_key_share,004f6a40,1118,122,ok
tls_construct_stoc_cookie,004f6ec0,1400,143,ok
tls_construct_stoc_cryptopro_bug,004f7450,173,38,ok
tls_construct_stoc_early_data,004f7510,290,39,ok
tls_construct_stoc_psk,004f7650,176,22,ok
tls_construct_stoc_client_cert_type,004f7710,361,41,ok
tls_parse_ctos_client_cert_type,004f78a0,289,58,ok
tls_construct_stoc_server_cert_type,004f79d0,224,27,ok
tls_parse_ctos_server_cert_type,004f7ac0,333,57,ok
tls_parse_ctos_ech,004f7c30,282,54,ok
tls_construct_stoc_ech,004f7d80,701,73,ok
SSL_get_state,004f8060,57,22,ok
SSL_in_init,004f80c0,57,22,ok
SSL_is_init_finished,004f8120,92,24,ok
SSL_in_before,004f8190,96,24,ok
ossl_statem_get_state,004f8200,14,14,ok
ossl_statem_clear,004f8210,91,18,ok
ossl_statem_set_renegotiate,004f8270,64,16,ok
ossl_statem_send_fatal,004f82b0,131,22,ok
ossl_statem_fatal,004f8340,259,57,ok
state_machine,004f8450,3350,531,ok
ossl_statem_in_error,004f9220,13,8,ok
ossl_statem_set_in_init,004f9230,40,19,ok
ossl_statem_get_in_handshake,004f9270,7,8,ok
ossl_statem_set_in_handshake,004f9280,24,15,ok
ossl_statem_skip_early_data,004f92a0,43,15,ok
ossl_statem_check_finish_init,004f92d0,305,60,ok
ossl_statem_set_hello_verify_done,004f9420,84,18,ok
ossl_statem_connect,004f9480,64,25,ok
ossl_statem_accept,004f94d0,70,25,ok
statem_flush,004f9520,52,17,ok
ossl_statem_app_data_allowed,004f9560,71,20,ok
ossl_statem_export_allowed,004f95b0,25,14,ok
ossl_statem_export_early_allowed,004f95d0,34,14,ok
sk_X509_freefunc_thunk,004f9600,8,11,ok
tls_construct_client_hello_aux,004f9610,1420,207,ok
tls_construct_client_hello,004f9bf0,1743,225,ok
set_client_ciphersuite,004fa310,666,80,ok
tls_construct_cke_psk_preamble,004fa5d0,845,100,ok
tls_construct_cke_gost,004fa930,957,108,ok
tls_construct_client_certificate,004fad10,502,63,ok
tls_construct_end_of_early_data,004faf20,90,15,ok
tls_construct_next_proto,004faf80,311,54,ok
sk_OCSP_RESPONSE_freefunc_thunk,004fb0d0,8,11,ok
ossl_statem_client_read_transition,004fb0e0,1084,238,ok
ossl_statem_client_write_transition,004fb580,979,185,ok
ossl_statem_client_pre_work,004fb9b0,255,46,ok
ossl_statem_client_construct_message,004fbad0,319,62,ok
ossl_statem_client_max_message_size,004fbc50,160,49,ok
dtls_process_hello_verify,004fbd30,282,64,ok
tls_process_server_hello,004fbe60,4480,499,ok
tls_process_server_rpk,004fd010,147,23,ok
tls_process_server_certificate,004fd0b0,1404,184,ok
tls_post_process_server_certificate,004fd660,1207,146,ok
tls_process_certificate_request,004fdb60,1529,183,ok
tls_process_new_session_ticket,004fe1b0,1577,213,ok
tls_process_cert_status_body,004fe800,836,103,ok
tls_process_cert_status,004feb60,836,103,ok
tls_process_initial_server_flight,004feec0,757,80,ok
ossl_gost18_cke_cipher_nid,004ff1e0,40,16,ok
ossl_gost_ukm,004ff210,202,29,ok
tls_construct_client_key_exchange,004ff2e0,3173,388,ok
tls_client_key_exchange_post_work,004ffff0,230,40,ok
ossl_statem_client_post_work,005000f0,565,130,ok
tls_prepare_client_certificate,00500360,817,102,ok
ossl_statem_client_post_process_message,005006d0,100,27,ok
ssl3_check_cert_and_algorithm,00500740,406,49,ok
tls_process_key_exchange,005008f0,4142,505,ok
tls_process_server_done,005019a0,501,66,ok
ossl_statem_client_process_message,00501bc0,651,108,ok
tls_process_hello_req,00501ec0,128,25,ok
ssl_do_client_cert_cb,00501f60,25,18,ok
dtls1_preprocess_fragment,00501fc0,319,53,ok
dtls1_reassemble_fragment,00502120,1246,199,ok
dtls1_hm_fragment_free,00502620,78,14,ok
dtls1_do_write,00502680,1731,277,ok
dtls_get_message,00502d70,2803,363,ok
dtls_get_message_body,00503880,221,38,ok
dtls_construct_change_cipher_spec,00503970,114,24,ok
dtls1_read_failed,005039f0,154,31,ok
dtls1_get_queue_priority,00503aa0,8,8,ok
dtls1_buffer_message,00503ab0,547,92,ok
dtls1_retransmit_message,00503cf0,411,77,ok
dtls1_retransmit_buffered_messages,00503ea0,141,27,ok
dtls1_set_message_header,00503f40,86,25,ok
dtls1_get_message_header,00503fa0,130,20,ok
dtls1_set_handshake_header,00504030,207,35,ok
dtls1_close_construct_packet,00504110,192,32,ok
sk_X509_NAME_cmpfunc_thunk,005041e0,11,11,ok
ssl_add_cert_to_wpacket,005041f0,445,57,ok
ca_dn_cmp,005043d0,11,9,ok
get_cert_verify_tbs_data.constprop.0,005043e0,383,95,ok
ossl_statem_set_mutator,00504580,103,23,ok
ssl3_do_write,00504600,591,83,ok
tls_close_construct_packet,00504860,101,20,ok
tls_construct_cert_verify,005048d0,1267,178,ok
tls_process_cert_verify,00504df0,1717,251,ok
tls_construct_finished,00505510,520,74,ok
tls_construct_key_update,00505730,100,18,ok
tls_process_key_update,005057a0,288,42,ok
ssl3_take_mac,005058e0,71,23,ok
tls_process_change_cipher_spec,00505930,342,54,ok
tls_construct_change_cipher_spec,00505ab0,90,17,ok
tls_get_peer_pkey,00505b10,40,15,ok
tls_process_rpk,00505b40,1320,195,ok
tls_output_rpk,00506090,551,87,ok
ssl3_output_cert_chain,005062e0,808,125,ok
tls_finish_handshake,00506640,873,122,ok
tls_get_message_header,005069f0,660,81,ok
tls_get_message_body,00506c90,713,100,ok
ssl_x509err2alert,00506f70,42,20,ok
ssl_allow_compression,00506fb0,29,14,ok
ssl_version_cmp,00506fe0,94,26,ok
ssl_version_supported,00507050,962,164,ok
ssl_check_version_downgrade,00507450,467,83,ok
ssl_set_version_bound,00507650,102,36,ok
ssl_choose_server_version,005076d0,2033,366,ok
ssl_get_min_max_version,00507f40,658,124,ok
tls_setup_handshake,00508210,949,162,ok
ssl_choose_client_version,00508600,1111,184,ok
ssl_set_client_hello_version,00508ac0,131,32,ok
check_in_list,00508b50,161,36,ok
create_synthetic_message_hash,00508c20,259,45,ok
parse_ca_names,00508d30,597,83,ok
get_ca_names,00508fa0,65,21,ok
construct_ca_names,00508ff0,311,43,ok
construct_key_exchange_tbs,00509140,205,54,ok
tls13_save_handshake_digest_for_pha,00509210,223,35,ok
tls_process_finished,00509300,977,133,ok
tls13_restore_handshake_digest_for_pha,00509710,115,25,ok
sk_X509_freefunc_thunk,005097a0,8,11,ok
tls_construct_encrypted_extensions,005097b0,32,11,ok
tls_construct_server_done,005097d0,40,14,ok
tls_construct_server_hello,00509800,1581,214,ok
create_ticket_prequel,00509e70,378,55,ok
tls_construct_server_key_exchange,00509ff0,4154,474,ok
tls_construct_certificate_request,0050b0c0,671,81,ok
tls_process_cke_psk_preamble,0050b380,704,85,ok
tls_construct_server_certificate,0050b670,262,41,ok
tls_construct_new_session_ticket,0050b790,3095,381,ok
dtls_construct_hello_verify_request,0050c410,253,33,ok
GOST_KX_MESSAGE_it,0050c520,8,8,ok
d2i_GOST_KX_MESSAGE,0050c530,12,9,ok
i2d_GOST_KX_MESSAGE,0050c540,12,9,ok
GOST_KX_MESSAGE_new,0050c550,12,9,ok
GOST_KX_MESSAGE_free,0050c560,12,9,ok
ossl_statem_server_read_transition,0050c570,764,167,ok
send_certificate_request,0050c8c0,113,27,ok
ossl_get_ocsp_response,0050c950,747,110,ok
tls_construct_cert_status,0050cc60,292,35,ok
ossl_statem_server_write_transition,0050cd90,1068,247,ok
ossl_statem_server_pre_work,0050d200,634,109,ok
ossl_statem_server_post_work,0050d4d0,1010,213,ok
ossl_statem_server_construct_message,0050d910,418,82,ok
ossl_statem_server_max_message_size,0050db00,77,27,ok
dtls_raw_hello_verify_request,0050db90,64,16,ok
tls_process_client_hello,0050dbd0,2429,380,ok
tls_handle_alpn,0050e590,566,79,ok
tls_post_process_client_hello,0050e7f0,4645,617,ok
ossl_statem_server_post_process_message,0050faa0,189,41,ok
tls_process_client_key_exchange,0050fb70,4241,535,ok
tls_post_process_client_key_exchange,00510ca0,158,26,ok
tls_process_client_rpk,00510d50,631,78,ok
tls_process_client_certificate,00510ff0,2177,264,ok
tls_construct_cert_status_body,005118b0,266,30,ok
tls_process_next_proto,005119c0,308,54,ok
tls_process_end_of_early_data,00511b00,260,37,ok
ossl_statem_server_process_message,00511c20,143,43,ok
ossl_crypto_thread_native_spawn,00511d10,3,8,ok
ossl_crypto_thread_native_perform_join,00511d20,3,8,ok
ossl_crypto_thread_native_exit,00511d30,3,8,ok
ossl_crypto_thread_native_is_self,00511d40,3,8,ok
ossl_crypto_mutex_new,00511d50,3,8,ok
ossl_crypto_mutex_lock,00511d60,1,8,ok
ossl_crypto_mutex_try_lock,00511d70,3,8,ok
ossl_crypto_mutex_unlock,00511d80,1,8,ok
ossl_crypto_mutex_free,00511d90,1,8,ok
ossl_crypto_condvar_new,00511da0,3,8,ok
ossl_crypto_condvar_wait,00511db0,1,8,ok
ossl_crypto_condvar_wait_timeout,00511dc0,1,8,ok
ossl_crypto_condvar_broadcast,00511dd0,1,8,ok
ossl_crypto_condvar_signal,00511de0,1,8,ok
ossl_crypto_condvar_free,00511df0,1,8,ok
ossl_ech_make_enc_info,00511e00,202,30,ok
ossl_ech_helper_get_ch_offsets,00511ee0,629,107,ok
ossl_echstore_entry_dup,00512160,331,72,ok
ossl_ech_pbuf,005122c0,1,8,ok
ossl_echstore_dup,005122d0,146,36,ok
ossl_ech_ctx_clear,00512370,40,13,ok
ossl_ech_conn_clear,005123b0,296,34,ok
ossl_ech_conn_init,005124f0,410,64,ok
ossl_ech_get_retry_configs,005126b0,343,48,ok
ossl_ech_send_grease,00512820,923,118,ok
ossl_ech_pick_matching_cfg,00512be0,825,137,ok
ossl_ech_encode_inner,00512f50,1042,128,ok
ossl_ech_find_confirm,00513370,63,16,ok
ossl_ech_reset_hs_buffer,005133c0,157,32,ok
ossl_ech_calc_padding,00513470,122,35,ok
ossl_ech_aad_and_encrypt,00513500,576,74,ok
ossl_ech_status_print,00513760,839,93,ok
ossl_ech_calc_confirm,00513ac0,1259,187,ok
ossl_ech_get_ch_offsets,00513fd0,510,64,ok
hpke_decrypt_encch,005141e0,1083,158,ok
ossl_ech_intbuf_add,00514670,703,109,ok
ossl_ech_early_decrypt,00514950,7528,855,ok
ossl_ech_intbuf_fetch,00516700,55,14,ok
ossl_ech_stash_keyshares,00516740,169,34,ok
ossl_ech_unstash_keyshares,00516800,223,42,ok
ossl_ech_swaperoo,005168f0,820,116,ok
dtls1_write_app_data_bytes,00516c40,240,38,ok
dtls1_dispatch_alert,00516d40,253,37,ok
ssl3_cleanup_key_block,00516e60,59,12,ok
ssl3_init_finished_mac,00516ea0,175,25,ok
ssl3_free_digest_list,00516f60,52,12,ok
ssl3_finish_mac,00516fa0,208,35,ok
ssl3_digest_cached_records,00517080,422,55,ok
log_frame_actual,00517280,2325,288,ok
log_packet,00517c00,651,93,ok
ossl_qlog_event_connectivity_connection_started,00517ed0,113,19,ok
ossl_qlog_event_connectivity_connection_state_updated,00517f50,186,40,ok
ossl_qlog_event_connectivity_connection_closed,00518020,448,91,ok
ossl_qlog_event_recovery_packet_lost,00518250,245,44,ok
ossl_qlog_event_transport_packet_sent,00518370,127,18,ok
ossl_qlog_event_transport_packet_received,00518400,127,19,ok
lh_OSSL_ACKM_TX_PKT_hfn_thunk,005184c0,2,11,ok
lh_OSSL_ACKM_TX_PKT_cfn_thunk,005184d0,2,12,ok
lh_OSSL_ACKM_TX_PKT_doall_thunk,005184e0,2,11,ok
lh_OSSL_ACKM_TX_PKT_doall_arg_thunk,005184f0,2,12,ok
tx_pkt_info_hash,00518500,4,8,ok
tx_pkt_info_compare,00518510,25,14,ok
ackm_get_pto_time_and_space,00518530,652,140,ok
ackm_on_pkts_lost.isra.0,005187e0,232,52,ok
ackm_set_loss_detection_timer.isra.0,005188e0,235,53,ok
tx_pkt_history_remove.isra.0,005189f0,140,43,ok
ackm_detect_and_remove_lost_pkts,00518a90,521,117,ok
ossl_ackm_new,00518cb0,503,71,ok
ossl_ackm_free,00518eb0,227,43,ok
ossl_ackm_on_tx_packet,00518fb0,367,67,ok
ossl_ackm_on_rx_datagram,00519130,6,8,ok
ossl_ackm_on_rx_ack_frame,00519140,965,175,ok
ossl_ackm_on_pkt_space_discarded,00519540,362,68,ok
ossl_ackm_on_handshake_confirmed,005196c0,254,49,ok
ossl_ackm_on_timeout,005197d0,245,59,ok
ossl_ackm_get_loss_detection_deadline,005198e0,8,8,ok
ossl_ackm_get0_probe_request,005198f0,8,8,ok
ossl_ackm_get_largest_unacked,00519900,35,14,ok
ossl_ackm_is_ack_desired,00519930,86,19,ok
ossl_ackm_on_rx_packet,005199a0,931,165,ok
ossl_ackm_get_ack_frame,00519d70,455,61,ok
ossl_ackm_get_ack_deadline,00519f40,25,11,ok
ossl_ackm_is_rx_pn_processable,00519f70,53,14,ok
ossl_ackm_set_loss_detection_deadline_callback,00519fb0,15,11,ok
ossl_ackm_set_ack_deadline_callback,00519fc0,15,10,ok
ossl_ackm_mark_packet_pseudo_lost,00519fd0,101,20,ok
ossl_ackm_get_pto_duration,0051a040,102,33,ok
ossl_ackm_get_largest_acked,0051a0b0,12,8,ok
ossl_ackm_set_rx_max_ack_delay,0051a0c0,8,9,ok
ossl_ackm_set_tx_max_ack_delay,0051a0d0,8,9,ok
compare,0051a0e0,47,18,ok
list_insert_sorted.constprop.0,0051a110,183,59,ok
ossl_quic_cfq_item_get_frame_type,0051a1f0,5,8,ok
ossl_quic_cfq_item_get_encoded,0051a200,5,8,ok
ossl_quic_cfq_item_get_encoded_len,0051a210,5,8,ok
ossl_quic_cfq_item_get_state,0051a220,4,8,ok
ossl_quic_cfq_item_get_pn_space,0051a230,4,8,ok
ossl_quic_cfq_item_is_unreliable,0051a240,7,8,ok
ossl_quic_cfq_new,0051a250,22,9,ok
ossl_quic_cfq_free,0051a270,334,60,ok
ossl_quic_cfq_add_frame,0051a3e0,341,80,ok
ossl_quic_cfq_mark_tx,0051a540,130,47,ok
ossl_quic_cfq_discard_unreliable,0051a5d0,241,63,ok
ossl_quic_cfq_release,0051a6f0,227,60,ok
ossl_quic_cfq_mark_lost,0051a800,212,63,ok
ossl_quic_cfq_get_priority_head,0051a910,24,20,ok
ossl_quic_cfq_item_get_priority_next,0051a930,33,25,ok
get_stream_limit,0051a960,18,14,ok
free_token,0051a980,17,9,ok
free_frame_data,0051a9a0,17,9,ok
do_update,0051a9c0,18,9,ok
ch_generate_transport_params,0051a9e0,1318,165,ok
free_buf_mem,0051af10,8,9,ok
ch_on_crypto_release_record,0051af20,169,39,ok
ch_on_crypto_send,0051afe0,63,23,ok
rx_late_validate,0051b030,37,11,ok
ch_on_txp_ack_tx,0051b060,46,20,ok
get_time,0051b0a0,8,9,ok
ch_cleanup,0051b0b0,552,81,ok
free_peer_token,0051b300,8,9,ok
txfc_bump_cwm_bidi,0051b310,22,12,ok
ch_discard_el.isra.0,0051b330,224,27,ok
txfc_bump_cwm_uni,0051b420,28,12,ok
ch_init,0051b440,1987,288,ok
ch_get_qlog_cb,0051bc10,160,40,ok
ch_record_state_transition,0051bcc0,259,48,ok
ossl_quic_channel_init,0051bdd0,5,288,ok
ossl_quic_channel_bind_qrx,0051bde0,73,14,ok
ossl_quic_channel_alloc,0051be30,239,44,ok
ossl_quic_channel_free,0051bf30,36,13,ok
ossl_quic_channel_set_mutator,0051bf60,34,12,ok
ossl_quic_channel_get_peer_addr,0051bf90,27,14,ok
ossl_quic_channel_set_peer_addr,0051bfc0,105,25,ok
ossl_quic_channel_get_reactor,0051c040,8,9,ok
ossl_quic_channel_get_qsm,0051c050,8,8,ok
ossl_quic_channel_get_statm,0051c060,8,8,ok
ossl_quic_channel_get0_tls,0051c070,5,8,ok
ossl_quic_channel_set0_tls,0051c080,115,21,ok
ossl_quic_channel_schedule_new_token,0051c100,213,36,ok
ossl_quic_channel_get_short_header_conn_id_len,0051c1f0,19,11,ok
ossl_quic_channel_get_stream_by_id,0051c210,12,9,ok
ossl_quic_channel_is_active,0051c220,26,14,ok
ossl_quic_channel_is_closing,0051c240,19,8,ok
ossl_quic_channel_is_terminated,0051c260,19,8,ok
ossl_quic_channel_is_term_any,0051c280,22,8,ok
ossl_quic_channel_is_server,0051c2a0,13,8,ok
ossl_quic_channel_notify_flush_done,0051c2b0,478,87,ok
ch_start_terminating,0051c4b0,925,153,ok
ossl_quic_channel_get_terminate_cause,0051c880,32,14,ok
ossl_quic_channel_is_handshake_complete,0051c8a0,13,8,ok
ossl_quic_channel_is_handshake_confirmed,0051c8b0,14,8,ok
ossl_quic_channel_get0_demux,0051c8c0,8,8,ok
ossl_quic_channel_get0_port,0051c8d0,4,8,ok
ossl_quic_channel_get0_engine,0051c8e0,8,9,ok
ossl_quic_channel_get_mutex,0051c8f0,8,9,ok
ossl_quic_channel_has_pending,0051c900,51,15,ok
ossl_ch_reset_rx_state,0051c940,18,9,ok
ossl_quic_channel_local_close,0051c960,868,141,ok
ossl_quic_channel_set_tcause,0051ccf0,157,28,ok
ossl_quic_channel_on_remote_conn_close,0051cda0,445,83,ok
ossl_quic_channel_inject,0051cf70,12,9,ok
ossl_quic_channel_inject_pkt,0051cf80,12,9,ok
ossl_quic_channel_on_stateless_reset,0051cf90,705,114,ok
ossl_quic_channel_raise_net_error,0051d280,778,123,ok
ossl_quic_channel_net_error,0051d5a0,14,8,ok
ossl_quic_channel_restore_err_state,0051d5b0,44,19,ok
ossl_quic_channel_raise_protocol_error_loc,0051d5f0,554,85,ok
ch_on_handshake_alert,0051d840,503,71,ok
ch_on_transport_params,0051da50,4142,551,ok
ch_on_handshake_yield_secret,0051eaf0,503,84,ok
ch_on_crypto_recv_record,0051ed00,323,72,ok
ossl_quic_channel_on_handshake_confirmed,0051ee60,483,72,ok
ossl_quic_channel_on_new_conn_id,0051f050,697,108,ok
ch_on_handshake_complete,0051f330,628,89,ok
rxku_detected,0051f5c0,386,53,ok
ossl_quic_channel_start,0051f750,599,94,ok
ossl_quic_channel_subtick,0051f9c0,5184,804,ok
ossl_quic_channel_on_new_conn,00520e60,436,58,ok
ossl_quic_bind_channel,00521030,504,76,ok
ossl_quic_channel_get0_ssl,00521240,5,8,ok
ossl_quic_channel_is_new_local_stream_admissible,00521250,44,15,ok
ossl_quic_channel_get_local_stream_count_avail,00521290,40,11,ok
ossl_quic_channel_get_remote_stream_count_avail,005212d0,25,15,ok
ossl_quic_channel_new_stream_local,005212f0,541,107,ok
ossl_quic_channel_new_stream_remote,00521530,545,86,ok
ossl_quic_channel_set_incoming_stream_auto_reject,00521770,37,10,ok
ossl_quic_channel_reject_stream,005217a0,72,15,ok
ossl_quic_channel_replace_local_cid,005217f0,115,25,ok
ossl_quic_channel_set_msg_callback,00521870,93,16,ok
ossl_quic_channel_set_msg_callback_arg,005218e0,83,15,ok
ossl_quic_channel_set_txku_threshold_override,00521940,8,9,ok
ossl_quic_channel_get_tx_key_epoch,00521950,12,9,ok
ossl_quic_channel_get_rx_key_epoch,00521960,12,9,ok
ossl_quic_channel_trigger_txku,00521970,306,50,ok
ossl_quic_channel_ping,00521ac0,55,19,ok
ossl_quic_channel_get_diag_num_rx_ack,00521b00,8,8,ok
ossl_quic_channel_get_diag_local_cid,00521b10,23,20,ok
ossl_quic_channel_have_generated_transport_params,00521b30,11,8,ok
ossl_quic_channel_set_max_idle_timeout_request,00521b40,8,9,ok
ossl_quic_channel_get_max_idle_timeout_request,00521b50,8,8,ok
ossl_quic_channel_get_max_idle_timeout_peer_request,00521b60,8,8,ok
ossl_quic_channel_get_max_idle_timeout_actual,00521b70,8,8,ok
ossl_quic_channel_get_path_challenge_count,00521b80,7,8,ok
ossl_quic_channel_get_path_response_count,00521b90,7,8,ok
demux_resize_urxe,00521ba0,405,94,ok
demux_recv,00521d60,585,128,ok
ossl_quic_demux_new,00521fe0,141,28,ok
ossl_quic_demux_free,00522070,304,91,ok
ossl_quic_demux_set_bio,005221d0,45,17,ok
ossl_quic_demux_set_mtu,00522200,22,11,ok
ossl_quic_demux_set_default_handler,00522220,9,10,ok
ossl_quic_demux_pump,00522230,423,114,ok
ossl_quic_demux_inject,00522400,1010,269,ok
ossl_quic_demux_release_urxe,00522830,64,27,ok
ossl_quic_demux_reinject_urxe,00522880,65,27,ok
ossl_quic_demux_has_pending,005228d0,11,8,ok
qeng_tick,005228e0,195,36,ok
ossl_quic_engine_new,005229b0,130,30,ok
ossl_quic_engine_free,00522a40,40,13,ok
ossl_quic_engine_get0_reactor,00522a80,5,8,ok
ossl_quic_engine_get0_mutex,00522a90,5,8,ok
ossl_quic_engine_get_time,00522aa0,20,15,ok
ossl_quic_engine_make_real_time,00522ac0,113,28,ok
ossl_quic_engine_set_time_cb,00522b40,9,10,ok
ossl_quic_engine_set_inhibit_tick,00522b50,24,9,ok
ossl_quic_engine_get0_libctx,00522b70,4,8,ok
ossl_quic_engine_get0_propq,00522b80,5,8,ok
ossl_quic_engine_update_poll_descriptors,00522b90,58,13,ok
ossl_quic_engine_create_port,00522bd0,67,26,ok
rxfc_on_retire.isra.0,00522c20,442,128,ok
ossl_quic_txfc_init,00522df0,35,14,ok
ossl_quic_txfc_get_parent,00522e20,4,8,ok
ossl_quic_txfc_bump_cwm,00522e30,18,14,ok
ossl_quic_txfc_get_credit_local,00522e50,12,8,ok
ossl_quic_txfc_get_credit,00522e60,35,18,ok
ossl_quic_txfc_consume_credit_local,00522e90,69,23,ok
ossl_quic_txfc_consume_credit,00522ee0,128,47,ok
ossl_quic_txfc_has_become_blocked,00522f70,13,14,ok
ossl_quic_txfc_get_cwm,00522f80,5,8,ok
ossl_quic_txfc_get_swm,00522f90,5,8,ok
ossl_quic_rxfc_init,00522fa0,98,25,ok
ossl_quic_rxfc_init_standalone,00523010,80,22,ok
ossl_quic_rxfc_get_parent,00523060,5,8,ok
ossl_quic_rxfc_set_max_window_size,00523070,5,9,ok
ossl_quic_rxfc_on_rx_stream_frame,00523080,203,65,ok
ossl_quic_rxfc_on_retire,00523190,108,21,ok
ossl_quic_rxfc_get_cwm,00523210,4,8,ok
ossl_quic_rxfc_get_swm,00523220,5,8,ok
ossl_quic_rxfc_get_rwm,00523230,5,8,ok
ossl_quic_rxfc_get_credit,00523240,8,8,ok
ossl_quic_rxfc_has_cwm_changed,00523250,13,14,ok
ossl_quic_rxfc_get_error,00523260,13,14,ok
ossl_quic_rxfc_get_final_size,00523270,27,14,ok
on_discarded,005232a0,69,20,ok
on_acked,005232f0,310,59,ok
on_lost,00523430,539,96,ok
ossl_quic_fifd_init,00523660,144,27,ok
ossl_quic_fifd_cleanup,00523700,1,8,ok
ossl_quic_fifd_pkt_commit,00523710,300,56,ok
ossl_quic_fifd_set_qlog_cb,00523850,9,10,ok
ossl_quic_fifd_pkt_discard_unreliable,00523860,102,38,ok
lh_QUIC_LCID_hfn_thunk,005238e0,2,11,ok
lh_QUIC_LCID_cfn_thunk,005238f0,2,11,ok
lh_QUIC_LCID_doall_thunk,00523900,2,11,ok
lh_QUIC_LCID_doall_arg_thunk,00523910,2,11,ok
lcidm_conn_hash,00523920,5,8,ok
lcidm_conn_comp,00523930,15,8,ok
retire_for_conn,00523940,30,16,ok
lcid_comp,00523960,48,16,ok
lcid_hash,005239a0,133,30,ok
lcidm_conn_new_lcid,00523a30,202,38,ok
lh_QUIC_LCIDM_CONN_doall_thunk,00523b00,2,11,ok
lh_QUIC_LCIDM_CONN_doall_arg_thunk,00523b10,2,12,ok
lh_QUIC_LCIDM_CONN_hfn_thunk,00523b20,2,11,ok
lh_QUIC_LCIDM_CONN_cfn_thunk,00523b30,2,11,ok
lcidm_upsert_conn.part.0,00523b40,192,32,ok
lcidm_delete_conn_,00523c00,89,13,ok
lcidm_delete_conn_lcid_,00523c60,61,12,ok
ossl_quic_lcidm_new,00523ca0,292,44,ok
ossl_quic_lcidm_free,00523dd0,79,16,ok
ossl_quic_lcidm_get_lcid_len,00523e30,5,8,ok
ossl_quic_lcidm_get_num_active_lcid,00523e40,41,17,ok
ossl_quic_lcidm_enrol_odcid,00523e70,213,40,ok
ossl_quic_lcidm_generate_initial,00523f60,232,50,ok
ossl_quic_lcidm_bind_channel,00524060,279,54,ok
ossl_quic_lcidm_generate,005241a0,265,54,ok
ossl_quic_lcidm_retire_odcid,005242c0,158,27,ok
ossl_quic_lcidm_retire,00524360,332,58,ok
ossl_quic_lcidm_cull,005244c0,119,21,ok
ossl_quic_lcidm_lookup,00524540,120,36,ok
ossl_quic_lcidm_debug_remove,005245d0,125,27,ok
ossl_quic_lcidm_debug_add,00524650,202,38,ok
ossl_quic_lcidm_get_unused_cid,00524730,132,38,ok
update_streams,005247c0,18,9,ok
update_streams_uni,005247e0,28,12,ok
update_streams_bidi,00524810,28,12,ok
depack_do_implicit_stream_create,00524840,499,77,ok
free_path_response,00524a60,31,11,ok
ossl_quic_handle_frames,00524a80,6732,823,ok
ossl_quic_gen_rand_conn_id,005265d0,95,22,ok
tls13_get_record_type,00526640,26,14,ok
tls13_validate_record_header,00526660,239,41,ok
tls13_add_record_padding,00526770,418,82,ok
tls13_post_process_record,00526940,241,45,ok
tls13_cipher,00526a50,1537,191,ok
tls13_set_crypto_state,00527070,718,117,ok
newreno_reset,00527350,81,21,ok
newreno_get_tx_allowance,005273b0,27,14,ok
newreno_get_wakeup_deadline,005273d0,18,8,ok
newreno_unbind_diagnostic,005273f0,176,30,ok
newreno_free,005274a0,17,9,ok
newreno_bind_diagnostic,005274c0,473,103,ok
newreno_on_data_sent,005276c0,142,35,ok
newreno_on_data_invalidated,00527760,142,35,ok
newreno_new,00527800,306,86,ok
newreno_on_data_acked,00527950,317,70,ok
newreno_on_data_lost,00527ac0,211,54,ok
newreno_on_ecn,00527ba0,322,100,ok
newreno_on_data_lost_finished,00527d00,360,105,ok
newreno_set_input_params,00527e90,257,64,ok
default_now,00527fa0,5,30,ok
filter_apply,00527fb0,2088,278,ok
ossl_qlog_new,00528840,369,71,ok
ossl_qlog_free,005289c0,137,18,ok
ossl_qlog_set_sink_bio,00528a60,67,15,ok
ossl_qlog_set_sink_file,00528ab0,89,20,ok
ossl_qlog_set_sink_filename,00528b10,91,20,ok
ossl_qlog_flush,00528b70,23,14,ok
ossl_qlog_set_event_type_enabled,00528b90,58,20,ok
ossl_qlog_enabled,00528be0,34,12,ok
ossl_qlog_event_try_begin,00528c10,902,112,ok
ossl_qlog_event_end,00528fb0,217,37,ok
ossl_qlog_group_begin,005290a0,30,12,ok
ossl_qlog_group_end,005290c0,12,9,ok
ossl_qlog_array_begin,005290d0,30,12,ok
ossl_qlog_array_end,005290f0,12,9,ok
ossl_qlog_override_time,00529100,8,9,ok
ossl_qlog_str,00529110,46,12,ok
ossl_qlog_str_len,00529140,48,12,ok
ossl_qlog_u64,00529170,46,12,ok
ossl_qlog_i64,005291a0,46,12,ok
ossl_qlog_bool,005291d0,45,12,ok
ossl_qlog_bin,00529200,48,12,ok
ossl_qlog_set_filter,00529230,1002,159,ok
ossl_qlog_new_from_env,00529660,778,96,ok
json_write_str.part.0,005299c0,282,63,ok
json_write_char.part.0,00529b00,271,54,ok
json_pre_item,00529c30,284,60,ok
json_u64,00529d70,671,126,ok
ossl_json_init,0052a030,120,42,ok
ossl_json_cleanup,0052a0b0,90,15,ok
ossl_json_flush_cleanup,0052a110,229,34,ok
ossl_json_reset,0052a200,20,10,ok
ossl_json_flush,0052a220,163,23,ok
ossl_json_set0_sink,0052a2d0,10,9,ok
ossl_json_in_error,0052a2e0,5,8,ok
ossl_json_object_begin,0052a2f0,463,107,ok
ossl_json_object_end,0052a4f0,368,67,ok
ossl_json_array_begin,0052a670,464,107,ok
ossl_json_array_end,0052a870,292,60,ok
ossl_json_key,0052a9b0,1212,218,ok
ossl_json_null,0052aed0,353,72,ok
ossl_json_bool,0052b050,392,83,ok
ossl_json_u64,0052b1f0,692,126,ok
ossl_json_i64,0052b4e0,621,129,ok
ossl_json_str,0052b770,914,170,ok
ossl_json_str_len,0052bb40,916,170,ok
ossl_json_str_hex,0052bf10,292,69,ok
asn1_d2i_read_bio,0052c040,1587,293,ok
ASN1_d2i_bio,0052c6c0,92,25,ok
ASN1_item_d2i_bio_ex,0052c730,130,30,ok
ASN1_d2i_fp,0052c7c0,197,39,ok
ASN1_item_d2i_bio,0052c890,128,26,ok
ASN1_item_d2i_fp_ex,0052c920,233,39,ok
ASN1_item_d2i_fp,0052ca10,213,37,ok
ASN1_GENERALIZEDTIME_dup,0052caf0,21,12,ok
ASN1_GENERALIZEDTIME_check,0052cb10,19,14,ok
ASN1_GENERALIZEDTIME_set_string,0052cb30,112,27,ok
ASN1_GENERALIZEDTIME_set,0052cbb0,55,17,ok
ASN1_GENERALIZEDTIME_adj,0052cbf0,112,25,ok
ASN1_GENERALIZEDTIME_print,0052cc70,14,14,ok
ASN1_i2d_bio,0052cc90,168,36,ok
ASN1_i2d_fp,0052cd50,158,23,ok
ASN1_item_i2d_bio,0052cdf0,193,35,ok
ASN1_item_i2d_fp,0052cec0,158,23,ok
ASN1_item_i2d_mem_bio,0052cf60,137,28,ok
c2i_ibuf,0052d000,778,381,ok
ASN1_INTEGER_dup,0052d320,5,60,ok
ASN1_INTEGER_cmp,0052d330,56,24,ok
ossl_i2c_ASN1_INTEGER,0052d380,852,425,ok
ossl_c2i_ASN1_INTEGER,0052d6f0,1103,436,ok
d2i_ASN1_UINTEGER,0052db80,413,71,ok
ASN1_INTEGER_get_int64,0052dd40,538,99,ok
ASN1_INTEGER_set_int64,0052df80,116,37,ok
ASN1_INTEGER_get_uint64,0052e000,424,83,ok
ASN1_INTEGER_set_uint64,0052e1c0,72,24,ok
ASN1_INTEGER_set,0052e210,132,38,ok
ASN1_INTEGER_get,0052e2a0,458,99,ok
BN_to_ASN1_INTEGER,0052e490,309,56,ok
ASN1_INTEGER_to_BN,0052e5e0,187,28,ok
ASN1_ENUMERATED_get_int64,0052e6b0,538,99,ok
ASN1_ENUMERATED_set_int64,0052e8f0,132,37,ok
ASN1_ENUMERATED_set,0052e980,116,38,ok
ASN1_ENUMERATED_get,0052ea00,438,99,ok
BN_to_ASN1_ENUMERATED,0052ebe0,309,56,ok
ASN1_ENUMERATED_to_BN,0052ed30,187,28,ok
ossl_c2i_uint64_int,0052ee00,923,399,ok
ossl_i2c_uint64_int,0052f1d0,737,409,ok
i2d_ASN1_OBJECT,0052f4e0,235,34,ok
a2d_ASN1_OBJECT,0052f5e0,1507,204,ok
i2t_ASN1_OBJECT,0052fbf0,7,11,ok
i2a_ASN1_OBJECT,0052fc00,336,47,ok
ASN1_OBJECT_new,0052fd70,3,10,ok
ossl_asn1_object_new,0052fd80,43,14,ok
ASN1_OBJECT_free,0052fdb0,164,31,ok
ossl_c2i_ASN1_OBJECT,0052fe70,583,94,ok
d2i_ASN1_OBJECT,005300d0,170,34,ok
ASN1_OBJECT_create,00530190,47,18,ok
ASN1_OCTET_STRING_dup,005301c0,5,60,ok
ASN1_OCTET_STRING_cmp,005301d0,5,22,ok
ASN1_OCTET_STRING_set,005301e0,5,39,ok
ASN1_PRINTABLE_type,00530200,151,40,ok
ASN1_UNIVERSALSTRING_to_string,005302b0,336,91,ok
ASN1_STRING_print,00530410,225,52,ok
send_bio_chars,00530510,29,14,ok
send_fp_chars,00530540,46,14,ok
do_buf.constprop.1,00530580,3212,513,ok
do_print_ex.constprop.1,00531290,926,168,ok
do_buf.constprop.0,00531660,3235,512,ok
do_print_ex.constprop.0,00532390,947,169,ok
X509_NAME_print_ex,00532780,1382,216,ok
X509_NAME_print_ex_fp,00532d40,1607,223,ok
ASN1_STRING_print_ex,005333e0,14,11,ok
ASN1_STRING_print_ex_fp,005333f0,14,11,ok
ASN1_STRING_to_UTF8,00533400,130,32,ok
sk_ASN1_STRING_TABLE_cmpfunc_thunk,00533490,11,12,ok
sk_table_cmp,005334a0,11,8,ok
table_cmp_BSEARCH_CMP_FN,005334b0,5,8,ok
st_free,005334c0,24,12,ok
ASN1_STRING_set_default_mask,005334f0,8,9,ok
ASN1_STRING_get_default_mask,00533500,8,10,ok
ASN1_STRING_set_default_mask_asc,00533510,201,44,ok
ASN1_STRING_TABLE_get,005335f0,179,30,ok
ASN1_STRING_set_by_NID,005336b0,171,31,ok
ASN1_STRING_TABLE_add,00533770,494,80,ok
ASN1_STRING_TABLE_cleanup,00533980,36,18,ok
ASN1_TIME_it,005339b0,8,8,ok
d2i_ASN1_TIME,005339c0,12,11,ok
i2d_ASN1_TIME,005339d0,12,11,ok
ASN1_TIME_new,005339e0,12,13,ok
ASN1_TIME_free,005339f0,12,9,ok
ASN1_TIME_dup,00533a00,15,9,ok
ossl_asn1_time_to_tm,00533a10,1566,274,ok
ossl_asn1_time_from_tm,00534080,392,91,ok
ASN1_TIME_set,00534220,414,85,ok
ASN1_TIME_adj,005343e0,469,89,ok
ASN1_TIME_check,005345d0,26,18,ok
ASN1_TIME_to_generalizedtime,005345f0,428,77,ok
ASN1_TIME_set_string,005347b0,50,15,ok
ASN1_TIME_set_string_X509,005347f0,170,46,ok
ASN1_TIME_to_tm,005348a0,94,22,ok
ASN1_TIME_diff,00534900,265,55,ok
ASN1_TIME_print,00534a20,361,67,ok
ASN1_TIME_print_ex,00534ba0,505,86,ok
ossl_asn1_time_print_ex,00534dc0,543,80,ok
ASN1_TIME_cmp_time_t,00535010,208,48,ok
ASN1_TIME_normalize,005350f0,294,55,ok
ASN1_TIME_compare,00535220,300,67,ok
OPENSSL_tm_to_posix,00535360,641,84,ok
OPENSSL_posix_to_tm,00535610,636,57,ok
ossl_asn1_time_tm_to_time_t,005358a0,646,81,ok
ossl_asn1_time_time_t_to_tm,00535b50,638,58,ok
OPENSSL_timegm,00535df0,646,81,ok
OPENSSL_gmtime,005360a0,680,67,ok
OPENSSL_gmtime_adj,00536350,718,88,ok
OPENSSL_gmtime_diff,00536640,1445,153,ok
ossl_posix_to_asn1_time,00536c20,709,76,ok
ASN1_TYPE_get,00536ef0,23,11,ok
ASN1_TYPE_set,00536f10,91,21,ok
ASN1_TYPE_set1,00536f80,274,48,ok
ASN1_TYPE_cmp,005370b0,73,24,ok
ASN1_TYPE_pack_sequence,00537110,172,41,ok
ASN1_TYPE_unpack_sequence,005371d0,33,15,ok
ASN1_UTCTIME_dup,00537200,21,12,ok
ossl_asn1_utctime_to_tm,00537220,14,14,ok
ASN1_UTCTIME_check,00537240,19,14,ok
ASN1_UTCTIME_set_string,00537260,112,27,ok
ASN1_UTCTIME_set,005372e0,55,17,ok
ASN1_UTCTIME_adj,00537320,112,24,ok
ASN1_UTCTIME_cmp_time_t,005373a0,143,33,ok
ASN1_UTCTIME_print,00537440,14,14,ok
UTF8_getc,00537460,409,76,ok
UTF8_putc,00537620,311,64,ok
sk_ASN1_TYPE_freefunc_thunk,00537780,8,11,ok
parse_tagging,00537790,342,58,ok
generate_v3,00537910,2946,416,ok
bitstr_cb,005384e0,225,32,ok
mask_cb,005385e0,180,49,ok
asn1_cb,005386a0,1441,208,ok
ASN1_generate_nconf,00538c60,218,32,ok
ASN1_generate_v3,00538d50,101,19,ok
ASN1_str2mask,00538dc0,32,10,ok
ASN1_ITEM_lookup,00538de0,90,21,ok
ASN1_ITEM_get,00538e40,22,305,ok
ASN1_check_infinite_end,00538e80,41,16,ok
ASN1_const_check_infinite_end,00538eb0,41,16,ok
ASN1_get_object,00538ee0,693,133,ok
ASN1_put_object,005391c0,243,72,ok
ASN1_put_eoc,005392c0,21,13,ok
ASN1_object_size,005392e0,112,48,ok
ossl_asn1_string_set_bits_left,00539360,23,10,ok
ASN1_STRING_copy,00539380,284,50,ok
ASN1_STRING_dup,005394b0,367,60,ok
ASN1_STRING_set,00539640,234,39,ok
ASN1_STRING_set0,00539740,44,11,ok
ASN1_STRING_new,00539770,43,16,ok
ASN1_STRING_type_new,005397a0,35,14,ok
ossl_asn1_string_embed_free,005397d0,85,18,ok
ASN1_STRING_free,00539840,93,21,ok
ASN1_STRING_clear_free,005398b0,132,38,ok
ASN1_STRING_cmp,00539950,63,22,ok
ASN1_STRING_length,005399b0,3,8,ok
ASN1_STRING_length_set,005399c0,3,9,ok
ASN1_STRING_type,005399d0,4,8,ok
ASN1_STRING_get0_data,005399e0,5,8,ok
ossl_sk_ASN1_UTF8STRING2text,005399f0,315,63,ok
asn1_print_info,00539b50,658,101,ok
asn1_parse2,00539e20,2948,372,ok
asn1_parse2.constprop.4,0053aa40,2928,359,ok
asn1_parse2.constprop.3,0053b660,2896,363,ok
asn1_parse2.constprop.2,0053c250,2913,361,ok
asn1_parse2.constprop.1,0053ce60,2911,361,ok
asn1_parse2.constprop.0,0053da70,2752,362,ok
ASN1_parse,0053e5d0,27,13,ok
ASN1_parse_dump,0053e5f0,24,13,ok
ASN1_tag2str,0053e610,46,14,ok
ASN1_item_pack,0053e650,314,46,ok
ASN1_item_unpack,0053e7b0,106,19,ok
ASN1_item_unpack_ex,0053e830,115,19,ok
d2i_PrivateKey_decoder,0053e8b0,709,106,ok
ossl_d2i_PrivateKey_legacy,0053eba0,536,82,ok
d2i_PrivateKey_ex,0053ede0,92,16,ok
d2i_PrivateKey,0053ee50,80,15,ok
d2i_AutoPrivateKey_ex,0053eea0,388,57,ok
d2i_AutoPrivateKey,0053f040,369,56,ok
i2a_ASN1_INTEGER,0053f1d0,279,55,ok
a2i_ASN1_INTEGER,0053f310,883,125,ok
i2a_ASN1_ENUMERATED,0053f6b0,5,55,ok
a2i_ASN1_ENUMERATED,0053f6c0,33,15,ok
i2d_provided,0053f6f0,407,68,ok
i2d_KeyParams,0053f890,109,26,ok
i2d_KeyParams_bio,0053f910,18,9,ok
i2d_PrivateKey,0053f930,176,37,ok
i2d_PKCS8PrivateKey,0053f9f0,156,31,ok
i2d_PublicKey,0053faa0,206,36,ok
nsseq_cb,0053fb90,35,17,ok
NETSCAPE_CERT_SEQUENCE_it,0053fbc0,8,8,ok
d2i_NETSCAPE_CERT_SEQUENCE,0053fbd0,12,11,ok
i2d_NETSCAPE_CERT_SEQUENCE,0053fbe0,12,11,ok
NETSCAPE_CERT_SEQUENCE_new,0053fbf0,12,13,ok
NETSCAPE_CERT_SEQUENCE_free,0053fc00,12,9,ok
PBEPARAM_it,0053fc10,8,8,ok
d2i_PBEPARAM,0053fc20,12,11,ok
i2d_PBEPARAM,0053fc30,12,11,ok
PBEPARAM_new,0053fc40,12,13,ok
PBEPARAM_free,0053fc50,12,9,ok
PKCS5_pbe_set0_algor_ex,0053fc60,538,80,ok
PKCS5_pbe_set0_algor,0053fea0,8,11,ok
PKCS5_pbe_set_ex,0053feb0,149,29,ok
PKCS5_pbe_set,0053ff50,134,27,ok
PBE2PARAM_it,0053fff0,8,8,ok
d2i_PBE2PARAM,00540000,12,11,ok
i2d_PBE2PARAM,00540010,12,11,ok
PBE2PARAM_new,00540020,12,13,ok
PBE2PARAM_free,00540030,12,9,ok
PBKDF2PARAM_it,00540040,8,8,ok
d2i_PBKDF2PARAM,00540050,12,11,ok
i2d_PBKDF2PARAM,00540060,12,11,ok
PBKDF2PARAM_new,00540070,12,13,ok
PBKDF2PARAM_free,00540080,12,9,ok
PBMAC1PARAM_it,00540090,8,8,ok
d2i_PBMAC1PARAM,005400a0,12,9,ok
i2d_PBMAC1PARAM,005400b0,12,9,ok
PBMAC1PARAM_new,005400c0,12,9,ok
PBMAC1PARAM_free,005400d0,12,9,ok
PKCS5_pbkdf2_set_ex,005400e0,828,130,ok
PKCS5_pbe2_set_iv_ex,00540460,978,139,ok
PKCS5_pbe2_set_iv,00540880,16,12,ok
PKCS5_pbe2_set,00540890,25,11,ok
PKCS5_pbkdf2_set,005408b0,8,11,ok
SCRYPT_PARAMS_it,005408c0,8,8,ok
d2i_SCRYPT_PARAMS,005408d0,12,9,ok
i2d_SCRYPT_PARAMS,005408e0,12,9,ok
SCRYPT_PARAMS_new,005408f0,12,9,ok
SCRYPT_PARAMS_free,00540900,12,9,ok
PKCS5_pbe2_set_scrypt,00540910,1502,216,ok
PKCS5_v2_scrypt_keyivgen_ex,00540f80,677,82,ok
PKCS5_v2_scrypt_keyivgen,00541240,657,81,ok
pkey_cb,005414f0,86,29,ok
PKCS8_PRIV_KEY_INFO_it,00541550,8,8,ok
d2i_PKCS8_PRIV_KEY_INFO,00541560,12,11,ok
i2d_PKCS8_PRIV_KEY_INFO,00541570,12,11,ok
PKCS8_PRIV_KEY_INFO_new,00541580,12,13,ok
PKCS8_PRIV_KEY_INFO_free,00541590,12,9,ok
PKCS8_pkey_set0,005415a0,115,27,ok
PKCS8_pkey_get0,00541620,97,26,ok
PKCS8_pkey_get0_attrs,00541690,5,8,ok
PKCS8_pkey_add1_attr_by_NID,005416a0,27,12,ok
PKCS8_pkey_add1_attr_by_OBJ,005416c0,27,13,ok
PKCS8_pkey_add1_attr,005416e0,27,11,ok
NETSCAPE_SPKI_print,00541700,471,65,ok
sk_ASN1_VALUE_freefunc_thunk,00541900,8,11,ok
collect_data,00541910,197,35,ok
asn1_check_tlen,005419e0,841,100,ok
asn1_collect.constprop.4,00541d50,796,106,ok
asn1_d2i_ex_primitive,00542090,5514,649,ok
ASN1_tag2bit,00543720,22,14,ok
asn1_item_embed_d2i,00543740,3175,379,ok
ASN1_item_d2i_ex,00544420,168,30,ok
asn1_template_noexp_d2i,005444d0,1212,165,ok
asn1_template_ex_d2i,005449e0,1233,145,ok
ASN1_item_ex_d2i,00544f10,147,22,ok
ASN1_item_d2i,00544fb0,168,29,ok
der_cmp,00545060,47,22,ok
asn1_i2d_ex_primitive,00545090,1099,221,ok
ASN1_item_ex_i2d,00545650,1035,175,ok
ASN1_item_i2d,00545aa0,163,31,ok
asn1_template_ex_i2d,00545b50,1747,239,ok
ASN1_item_ndef_i2d,00546280,172,31,ok
ossl_asn1_primitive_free,00546340,226,81,ok
ossl_asn1_template_free,00546450,1021,171,ok
ossl_asn1_item_embed_free,005468a0,808,143,ok
ASN1_item_free,00546c00,747,129,ok
ASN1_item_ex_free,00546f20,754,135,ok
sk_ASN1_VALUE_freefunc_thunk,00547250,8,11,ok
asn1_primitive_new,00547260,481,114,ok
asn1_template_clear,005474a0,133,62,ok
asn1_template_new,00547540,357,89,ok
asn1_item_embed_new,005476c0,816,148,ok
ASN1_item_new,00547a40,52,18,ok
ASN1_item_new_ex,00547a80,56,18,ok
ossl_asn1_item_ex_new_intern,00547ac0,13,10,ok
ASN1_item_ex_new,00547ad0,12,11,ok
asn1_print_fsname,00547ae0,313,61,ok
asn1_template_print_ctx,00547c30,574,108,ok
asn1_item_print_ctx,00547e80,1875,309,ok
ASN1_PCTX_new,00548670,22,13,ok
ASN1_PCTX_free,00548690,17,9,ok
ASN1_PCTX_get_flags,005486b0,4,8,ok
ASN1_PCTX_set_flags,005486c0,4,9,ok
ASN1_PCTX_get_nm_flags,005486d0,5,8,ok
ASN1_PCTX_set_nm_flags,005486e0,5,9,ok
ASN1_PCTX_get_cert_flags,005486f0,5,8,ok
ASN1_PCTX_set_cert_flags,00548700,5,9,ok
ASN1_PCTX_get_oid_flags,00548710,5,8,ok
ASN1_PCTX_set_oid_flags,00548720,5,9,ok
ASN1_PCTX_get_str_flags,00548730,5,8,ok
ASN1_PCTX_set_str_flags,00548740,5,9,ok
ASN1_item_print,00548750,59,21,ok
ASN1_ANY_it,00548790,8,8,ok
ASN1_OCTET_STRING_it,005487a0,8,8,ok
d2i_ASN1_OCTET_STRING,005487b0,12,11,ok
i2d_ASN1_OCTET_STRING,005487c0,12,11,ok
ASN1_OCTET_STRING_new,005487d0,10,13,ok
ASN1_OCTET_STRING_free,005487e0,5,21,ok
ASN1_INTEGER_it,005487f0,8,8,ok
d2i_ASN1_INTEGER,00548800,12,11,ok
i2d_ASN1_INTEGER,00548810,12,11,ok
ASN1_INTEGER_new,00548820,10,13,ok
ASN1_INTEGER_free,00548830,5,21,ok
ASN1_ENUMERATED_it,00548840,8,8,ok
d2i_ASN1_ENUMERATED,00548850,12,11,ok
i2d_ASN1_ENUMERATED,00548860,12,11,ok
ASN1_ENUMERATED_new,00548870,10,13,ok
ASN1_ENUMERATED_free,00548880,5,21,ok
ASN1_BIT_STRING_it,00548890,8,8,ok
d2i_ASN1_BIT_STRING,005488a0,12,11,ok
i2d_ASN1_BIT_STRING,005488b0,12,11,ok
ASN1_BIT_STRING_new,005488c0,10,13,ok
ASN1_BIT_STRING_free,005488d0,5,21,ok
ASN1_UTF8STRING_it,005488e0,8,8,ok
d2i_ASN1_UTF8STRING,005488f0,12,11,ok
i2d_ASN1_UTF8STRING,00548900,12,11,ok
ASN1_UTF8STRING_new,00548910,10,13,ok
ASN1_UTF8STRING_free,00548920,5,21,ok
ASN1_PRINTABLESTRING_it,00548930,8,8,ok
d2i_ASN1_PRINTABLESTRING,00548940,12,11,ok
i2d_ASN1_PRINTABLESTRING,00548950,12,11,ok
ASN1_PRINTABLESTRING_new,00548960,10,13,ok
ASN1_PRINTABLESTRING_free,00548970,5,21,ok
ASN1_T61STRING_it,00548980,8,8,ok
d2i_ASN1_T61STRING,00548990,12,11,ok
i2d_ASN1_T61STRING,005489a0,12,11,ok
ASN1_T61STRING_new,005489b0,10,13,ok
ASN1_T61STRING_free,005489c0,5,21,ok
ASN1_IA5STRING_it,005489d0,8,8,ok
d2i_ASN1_IA5STRING,005489e0,12,11,ok
i2d_ASN1_IA5STRING,005489f0,12,11,ok
ASN1_IA5STRING_new,00548a00,10,13,ok
ASN1_IA5STRING_free,00548a10,5,21,ok
ASN1_GENERALSTRING_it,00548a20,8,8,ok
d2i_ASN1_GENERALSTRING,00548a30,12,11,ok
i2d_ASN1_GENERALSTRING,00548a40,12,11,ok
ASN1_GENERALSTRING_new,00548a50,10,13,ok
ASN1_GENERALSTRING_free,00548a60,5,21,ok
ASN1_UTCTIME_it,00548a70,8,8,ok
d2i_ASN1_UTCTIME,00548a80,12,11,ok
i2d_ASN1_UTCTIME,00548a90,12,11,ok
ASN1_UTCTIME_new,00548aa0,10,13,ok
ASN1_UTCTIME_free,00548ab0,5,21,ok
ASN1_GENERALIZEDTIME_it,00548ac0,8,8,ok
d2i_ASN1_GENERALIZEDTIME,00548ad0,12,11,ok
i2d_ASN1_GENERALIZEDTIME,00548ae0,12,11,ok
ASN1_GENERALIZEDTIME_new,00548af0,10,13,ok
ASN1_GENERALIZEDTIME_free,00548b00,5,21,ok
ASN1_VISIBLESTRING_it,00548b10,8,8,ok
d2i_ASN1_VISIBLESTRING,00548b20,12,11,ok
i2d_ASN1_VISIBLESTRING,00548b30,12,11,ok
ASN1_VISIBLESTRING_new,00548b40,10,13,ok
ASN1_VISIBLESTRING_free,00548b50,5,21,ok
ASN1_UNIVERSALSTRING_it,00548b60,8,8,ok
d2i_ASN1_UNIVERSALSTRING,00548b70,12,11,ok
i2d_ASN1_UNIVERSALSTRING,00548b80,12,11,ok
ASN1_UNIVERSALSTRING_new,00548b90,10,13,ok
ASN1_UNIVERSALSTRING_free,00548ba0,5,21,ok
ASN1_BMPSTRING_it,00548bb0,8,8,ok
d2i_ASN1_BMPSTRING,00548bc0,12,11,ok
i2d_ASN1_BMPSTRING,00548bd0,12,11,ok
ASN1_BMPSTRING_new,00548be0,10,13,ok
ASN1_BMPSTRING_free,00548bf0,5,21,ok
ASN1_NULL_it,00548c00,8,8,ok
d2i_ASN1_NULL,00548c10,12,11,ok
i2d_ASN1_NULL,00548c20,12,11,ok
ASN1_NULL_new,00548c30,12,13,ok
ASN1_NULL_free,00548c40,12,9,ok
ASN1_OBJECT_it,00548c50,8,8,ok
ASN1_SEQUENCE_it,00548c60,8,8,ok
d2i_ASN1_TYPE,00548c70,12,11,ok
i2d_ASN1_TYPE,00548c80,12,11,ok
ASN1_TYPE_new,00548c90,12,13,ok
ASN1_TYPE_free,00548ca0,12,9,ok
ASN1_PRINTABLE_it,00548cb0,8,8,ok
d2i_ASN1_PRINTABLE,00548cc0,12,11,ok
i2d_ASN1_PRINTABLE,00548cd0,12,11,ok
ASN1_PRINTABLE_new,00548ce0,12,13,ok
ASN1_PRINTABLE_free,00548cf0,12,9,ok
DISPLAYTEXT_it,00548d00,8,8,ok
d2i_DISPLAYTEXT,00548d10,12,11,ok
i2d_DISPLAYTEXT,00548d20,12,11,ok
DISPLAYTEXT_new,00548d30,12,13,ok
DISPLAYTEXT_free,00548d40,12,9,ok
DIRECTORYSTRING_it,00548d50,8,8,ok
d2i_DIRECTORYSTRING,00548d60,12,11,ok
i2d_DIRECTORYSTRING,00548d70,12,11,ok
DIRECTORYSTRING_new,00548d80,12,13,ok
DIRECTORYSTRING_free,00548d90,12,9,ok
ASN1_BOOLEAN_it,00548da0,8,8,ok
ASN1_TBOOLEAN_it,00548db0,8,8,ok
ASN1_FBOOLEAN_it,00548dc0,8,8,ok
ASN1_OCTET_STRING_NDEF_it,00548dd0,8,8,ok
ASN1_SEQUENCE_ANY_it,00548de0,8,8,ok
ASN1_SET_ANY_it,00548df0,8,8,ok
d2i_ASN1_SEQUENCE_ANY,00548e00,12,11,ok
i2d_ASN1_SEQUENCE_ANY,00548e10,12,11,ok
d2i_ASN1_SET_ANY,00548e20,12,11,ok
i2d_ASN1_SET_ANY,00548e30,12,11,ok
ossl_asn1_get_choice_selector,00548e40,11,8,ok
ossl_asn1_get_choice_selector_const,00548e50,11,8,ok
ossl_asn1_set_choice_selector,00548e60,14,14,ok
ossl_asn1_do_lock,00548e70,213,53,ok
ossl_asn1_enc_init,00548f70,58,18,ok
ossl_asn1_enc_free,00548fb0,81,22,ok
ossl_asn1_enc_save,00549010,174,34,ok
ossl_asn1_enc_restore,005490d0,112,32,ok
ossl_asn1_get_field_ptr,00549150,8,8,ok
ossl_asn1_get_const_field_ptr,00549160,8,8,ok
ossl_asn1_do_adb,00549170,285,63,ok
X509_ALGOR_it,005492c0,8,8,ok
X509_ALGORS_it,005492d0,8,8,ok
d2i_X509_ALGOR,005492e0,12,11,ok
i2d_X509_ALGOR,005492f0,12,11,ok
X509_ALGOR_new,00549300,12,13,ok
X509_ALGOR_free,00549310,12,9,ok
d2i_X509_ALGORS,00549320,12,11,ok
i2d_X509_ALGORS,00549330,12,11,ok
X509_ALGOR_dup,00549340,15,11,ok
X509_ALGOR_set0,00549350,147,33,ok
ossl_X509_ALGOR_from_nid,00549400,192,39,ok
X509_ALGOR_get0,005494d0,49,24,ok
X509_ALGOR_set_md,00549510,164,40,ok
X509_ALGOR_cmp,005495d0,63,17,ok
X509_ALGOR_copy,00549620,165,44,ok
ossl_x509_algor_new_from_md,005496e0,227,43,ok
ossl_x509_algor_get_md,005497e0,100,25,ok
ossl_x509_algor_mgf1_decode,00549850,40,16,ok
ossl_x509_algor_md_to_mgf1,00549880,339,55,ok
bn_print,005499f0,43,16,ok
bn_i2c,00549a30,101,39,ok
bn_free,00549aa0,39,20,ok
bn_new,00549ad0,23,12,ok
bn_secure_new,00549af0,23,12,ok
bn_c2i,00549b10,218,40,ok
bn_secure_c2i,00549c00,257,54,ok
BIGNUM_it,00549d20,8,8,ok
CBIGNUM_it,00549d30,8,8,ok
X509_INFO_new,00549d40,22,13,ok
X509_INFO_free,00549d60,87,16,ok
uint64_clear,00549dd0,11,9,ok
uint32_clear,00549de0,10,9,ok
uint32_i2c,00549df0,51,21,ok
uint64_i2c,00549e30,55,21,ok
uint64_new,00549e70,40,12,ok
uint32_c2i,00549ea0,395,58,ok
uint64_c2i,0054a050,316,53,ok
uint32_new,0054a1a0,40,12,ok
uint32_free,0054a1d0,33,10,ok
uint64_free,0054a200,33,10,ok
uint64_print,0054a230,43,13,ok
uint32_print,0054a260,42,13,ok
INT32_it,0054a290,8,8,ok
UINT32_it,0054a2a0,8,8,ok
INT64_it,0054a2b0,8,8,ok
UINT64_it,0054a2c0,8,8,ok
ZINT32_it,0054a2d0,8,8,ok
ZUINT32_it,0054a2e0,8,8,ok
ZINT64_it,0054a2f0,8,8,ok
ZUINT64_it,0054a300,8,8,ok
long_new,0054a320,13,9,ok
long_free,0054a330,8,9,ok
long_i2c,0054a340,211,64,ok
long_print,0054a420,17,9,ok
long_c2i,0054a440,520,108,ok
LONG_it,0054a670,8,8,ok
ZLONG_it,0054a680,8,8,ok
X509_PKEY_new,0054a690,198,34,ok
X509_PKEY_free,0054a770,97,18,ok
X509_SIG_it,0054a7e0,8,8,ok
d2i_X509_SIG,0054a7f0,12,11,ok
i2d_X509_SIG,0054a800,12,11,ok
X509_SIG_new,0054a810,12,13,ok
X509_SIG_free,0054a820,12,9,ok
X509_SIG_get0,0054a830,24,14,ok
X509_SIG_getm,0054a850,24,14,ok
NETSCAPE_SPKAC_it,0054a870,8,8,ok
d2i_NETSCAPE_SPKAC,0054a880,12,11,ok
i2d_NETSCAPE_SPKAC,0054a890,12,11,ok
NETSCAPE_SPKAC_new,0054a8a0,12,13,ok
NETSCAPE_SPKAC_free,0054a8b0,12,9,ok
NETSCAPE_SPKI_it,0054a8c0,8,8,ok
d2i_NETSCAPE_SPKI,0054a8d0,12,11,ok
i2d_NETSCAPE_SPKI,0054a8e0,12,11,ok
NETSCAPE_SPKI_new,0054a8f0,12,13,ok
NETSCAPE_SPKI_free,0054a900,12,9,ok
X509_VAL_it,0054a910,8,8,ok
d2i_X509_VAL,0054a920,12,11,ok
i2d_X509_VAL,0054a930,12,11,ok
X509_VAL_new,0054a940,12,13,ok
X509_VAL_free,0054a950,12,9,ok
ASYNC_is_capable,0054a960,3,8,ok
ASYNC_set_mem_functions,0054a970,3,8,ok
ASYNC_get_mem_functions,0054a980,25,14,ok
async_local_cleanup,0054a9a0,1,8,ok
sk_ASYNC_JOB_freefunc_thunk,0054a9b0,8,11,ok
sk_ASYNC_JOB_cmpfunc_thunk,0054a9c0,11,11,ok
async_delete_thread_state,0054a9d0,220,36,ok
async_get_ctx,0054aab0,15,9,ok
async_start_func,0054aac0,161,27,ok
ASYNC_pause_job,0054ab70,128,21,ok
async_init,0054ac00,6,8,ok
async_deinit,0054ac10,1,8,ok
ASYNC_init_thread,0054ac20,566,65,ok
ASYNC_start_job,0054ae70,1419,174,ok
ASYNC_cleanup_thread,0054b440,36,15,ok
ASYNC_get_current_job,0054b470,56,18,ok
ASYNC_get_wait_ctx,0054b4b0,5,8,ok
ASYNC_block_pause,0054b4c0,61,19,ok
ASYNC_unblock_pause,0054b510,70,19,ok
ASYNC_WAIT_CTX_new,0054b560,22,9,ok
ASYNC_WAIT_CTX_free,0054b580,121,24,ok
ASYNC_WAIT_CTX_set_wait_fd,0054b610,105,25,ok
ASYNC_WAIT_CTX_get_fd,0054b680,59,24,ok
ASYNC_WAIT_CTX_get_all_fds,0054b6d0,59,32,ok
ASYNC_WAIT_CTX_get_changed_fds,0054b710,128,53,ok
ASYNC_WAIT_CTX_clear_fd,0054b7a0,117,41,ok
ASYNC_WAIT_CTX_set_callback,0054b830,22,13,ok
ASYNC_WAIT_CTX_get_callback,0054b850,28,13,ok
ASYNC_WAIT_CTX_set_status,0054b880,9,9,ok
ASYNC_WAIT_CTX_get_status,0054b890,4,8,ok
async_wait_ctx_reset_counts,0054b8a0,204,61,ok
buffer_callback_ctrl,0054b980,17,14,ok
buffer_new,0054b9a0,192,32,ok
buffer_gets,0054ba60,282,80,ok
buffer_read,0054bb80,363,75,ok
buffer_ctrl,0054bcf0,1845,530,ok
buffer_free,0054c4b0,111,20,ok
buffer_write.part.0,0054c530,393,88,ok
buffer_write,0054c6e0,17,14,ok
buffer_puts,0054c700,65,22,ok
BIO_f_buffer,0054c750,8,10,ok
nbiof_callback_ctrl,0054c760,17,14,ok
nbiof_new,0054c780,60,17,ok
nbiof_gets,0054c7c0,57,16,ok
nbiof_puts,0054c800,57,16,ok
nbiof_free,0054c840,62,15,ok
nbiof_ctrl,0054c890,140,23,ok
nbiof_read,0054c930,158,36,ok
nbiof_write,0054c9e0,207,49,ok
BIO_f_nbio_test,0054cad0,8,10,ok
prefix_callback_ctrl,0054cae0,35,12,ok
prefix_destroy,0054cb10,65,13,ok
prefix_create,0054cb60,87,18,ok
prefix_ctrl,0054cbc0,276,50,ok
prefix_gets,0054cd00,35,12,ok
prefix_puts,0054cd30,59,16,ok
prefix_read,0054cd70,39,12,ok
prefix_write,0054cda0,420,73,ok
BIO_f_prefix,0054cf60,8,8,ok
addr_strings,0054cf70,652,101,ok
BIO_ADDR_new,0054d220,41,14,ok
BIO_ADDR_free,0054d250,17,9,ok
BIO_ADDR_copy,0054d270,198,117,ok
BIO_ADDR_dup,0054d350,256,116,ok
BIO_ADDR_clear,0054d470,41,20,ok
BIO_ADDR_make,0054d4a0,165,104,ok
BIO_ADDR_rawmake,0054d560,218,59,ok
BIO_ADDR_family,0054d660,4,8,ok
BIO_ADDR_rawaddress,0054d670,120,32,ok
BIO_ADDR_rawport,0054d6f0,27,11,ok
BIO_ADDR_hostname_string,0054d710,43,18,ok
BIO_ADDR_service_string,0054d740,43,18,ok
BIO_ADDR_path_string,0054d770,30,14,ok
BIO_ADDR_sockaddr,0054d7a0,4,8,ok
BIO_ADDR_sockaddr_noconst,0054d7b0,4,8,ok
BIO_ADDR_sockaddr_size,0054d7c0,39,16,ok
BIO_ADDRINFO_next,0054d7f0,12,14,ok
BIO_ADDRINFO_family,0054d800,11,14,ok
BIO_ADDRINFO_socktype,0054d810,11,14,ok
BIO_ADDRINFO_protocol,0054d820,46,22,ok
BIO_ADDRINFO_sockaddr_size,0054d860,11,14,ok
BIO_ADDRINFO_sockaddr,0054d870,12,14,ok
BIO_ADDRINFO_address,0054d880,12,14,ok
BIO_ADDRINFO_free,0054d890,92,23,ok
BIO_parse_hostserv,0054d900,615,103,ok
BIO_lookup,0054dbb0,893,149,ok
BIO_lookup_ex,0054df60,934,153,ok
BIO_debug_callback_ex,0054e330,820,118,ok
BIO_debug_callback,0054e6e0,69,9,ok
write_fp,0054e730,22,9,ok
write_bio,0054e750,31,14,ok
BIO_dump_indent_cb.constprop.0,0054e780,700,119,ok
BIO_dump_cb,0054ea50,5,119,ok
BIO_dump_indent_cb,0054ea60,1017,182,ok
BIO_dump_fp,0054ee80,20,11,ok
BIO_dump_indent_fp,0054eea0,23,11,ok
BIO_dump,0054eec0,20,11,ok
BIO_dump_indent,0054eee0,23,11,ok
BIO_hex_string,0054ef00,268,35,ok
BIO_ctrl.constprop.0,0054f020,301,51,ok
BIO_new_ex,0054f160,242,38,ok
BIO_new,0054f260,243,42,ok
BIO_free,0054f360,182,39,ok
BIO_set_data,0054f430,5,9,ok
BIO_get_data,0054f440,5,8,ok
BIO_set_init,0054f450,4,9,ok
BIO_get_init,0054f460,4,8,ok
BIO_set_shutdown,0054f470,4,9,ok
BIO_get_shutdown,0054f480,4,8,ok
BIO_vfree,0054f490,168,39,ok
BIO_up_ref,0054f550,19,12,ok
BIO_clear_flags,0054f570,6,9,ok
BIO_test_flags,0054f580,6,8,ok
BIO_set_flags,0054f590,4,9,ok
BIO_set_send_flags,0054f5a0,318,53,ok
BIO_get_callback,0054f6f0,5,9,ok
BIO_set_callback,0054f700,5,9,ok
BIO_get_callback_ex,0054f710,5,8,ok
BIO_set_callback_ex,0054f720,5,9,ok
BIO_set_callback_arg,0054f730,5,9,ok
BIO_get_callback_arg,0054f740,5,8,ok
BIO_method_name,0054f750,9,8,ok
BIO_method_type,0054f760,7,8,ok
BIO_read,0054f770,816,137,ok
BIO_read_ex,0054fae0,796,131,ok
BIO_write,0054fe30,507,93,ok
BIO_write_ex,00550060,587,90,ok
BIO_sendmmsg,005502c0,621,84,ok
BIO_recvmmsg,00550560,621,84,ok
BIO_get_rpoll_descriptor,00550800,312,52,ok
BIO_get_wpoll_descriptor,00550950,312,52,ok
BIO_puts,00550aa0,586,94,ok
BIO_gets,00550d00,622,96,ok
BIO_get_line,00550f90,1089,166,ok
BIO_indent,00551420,699,116,ok
BIO_int_ctrl,00551710,342,54,ok
BIO_ptr_ctrl,00551880,366,55,ok
BIO_ctrl,00551a00,332,51,ok
BIO_eof,00551b60,293,49,ok
BIO_callback_ctrl,00551ca0,324,51,ok
BIO_ctrl_pending,00551df0,314,61,ok
BIO_ctrl_wpending,00551f40,314,61,ok
BIO_push,00552090,66,24,ok
BIO_pop,005520e0,372,62,ok
BIO_get_retry_BIO,00552270,40,21,ok
BIO_get_retry_reason,005522b0,4,8,ok
BIO_set_retry_reason,005522c0,4,9,ok
BIO_find_type,005522d0,131,30,ok
BIO_next,00552360,13,11,ok
BIO_set_next,00552380,5,9,ok
BIO_free_all,00552390,191,47,ok
BIO_dup_chain,00552460,295,69,ok
BIO_copy_next_retry,005525a0,32,10,ok
BIO_set_ex_data,005525c0,9,11,ok
BIO_get_ex_data,005525d0,9,11,ok
BIO_number_read,005525e0,12,14,ok
BIO_number_written,005525f0,12,14,ok
bio_free_ex_data,00552600,17,9,ok
bio_cleanup,00552620,37,11,ok
BIO_wait,00552650,254,53,ok
BIO_do_connect_retry,00552760,963,155,ok
BIO_err_is_non_fatal,00552b50,46,18,ok
do_bio_type_init_ossl_,00552b90,21,10,ok
bwrite_conv,00552bb0,42,21,ok
bread_conv,00552be0,120,33,ok
BIO_get_new_index,00552c60,119,22,ok
BIO_meth_new,00552ce0,109,21,ok
BIO_meth_free,00552d60,61,13,ok
BIO_meth_get_write,00552db0,5,8,ok
BIO_meth_get_write_ex,00552dc0,5,8,ok
BIO_meth_set_write,00552dd0,21,10,ok
BIO_meth_set_write_ex,00552df0,18,10,ok
BIO_meth_get_read,00552e10,5,8,ok
BIO_meth_get_read_ex,00552e20,5,8,ok
BIO_meth_set_read,00552e30,21,10,ok
BIO_meth_set_read_ex,00552e50,18,10,ok
BIO_meth_get_puts,00552e70,5,8,ok
BIO_meth_set_puts,00552e80,10,9,ok
BIO_meth_get_gets,00552e90,5,8,ok
BIO_meth_set_gets,00552ea0,10,9,ok
BIO_meth_get_ctrl,00552eb0,5,8,ok
BIO_meth_set_ctrl,00552ec0,10,9,ok
BIO_meth_get_create,00552ed0,5,8,ok
BIO_meth_set_create,00552ee0,10,9,ok
BIO_meth_get_destroy,00552ef0,5,8,ok
BIO_meth_set_destroy,00552f00,10,9,ok
BIO_meth_get_callback_ctrl,00552f10,5,8,ok
BIO_meth_set_callback_ctrl,00552f20,10,9,ok
BIO_meth_set_sendmmsg,00552f30,10,9,ok
BIO_meth_get_sendmmsg,00552f40,5,8,ok
BIO_meth_set_recvmmsg,00552f50,10,9,ok
BIO_meth_get_recvmmsg,00552f60,5,8,ok
BIO_vprintf,00552f70,214,38,ok
BIO_printf,00553050,143,59,ok
BIO_snprintf,005530e0,161,59,ok
BIO_vsnprintf,00553190,26,14,ok
BIO_get_host_ip,005531b0,237,37,ok
BIO_get_port,005532b0,271,38,ok
BIO_sock_error,005533e0,70,20,ok
BIO_gethostbyname,00553430,5,85,ok
BIO_sock_init,00553440,6,10,ok
bio_sock_cleanup_int,00553450,1,8,ok
BIO_socket_ioctl,00553460,77,19,ok
BIO_get_accept_socket,005534c0,288,43,ok
BIO_accept,005535f0,467,66,ok
BIO_set_tcp_ndelay,005537e0,47,13,ok
BIO_socket_nbio,00553810,113,21,ok
BIO_sock_info,00553890,288,40,ok
BIO_socket_wait,005539d0,115,26,ok
BIO_socket,00553a50,157,27,ok
BIO_connect,00553af0,596,63,ok
BIO_bind,00553d50,391,45,ok
BIO_listen,00553ef0,884,96,ok
BIO_accept_ex,00554280,227,40,ok
BIO_closesocket,00554370,26,14,ok
acpt_new,005543a0,91,23,ok
acpt_state,00554400,1408,193,ok
acpt_ctrl,005549c0,856,171,ok
acpt_read,00554d70,98,22,ok
acpt_write,00554de0,98,22,ok
acpt_free,00554e50,279,35,ok
acpt_puts,00554f80,124,29,ok
BIO_s_accept,00555010,8,10,ok
BIO_new_accept,00555020,82,19,ok
conn_callback_ctrl,00555080,22,12,ok
conn_state,005550a0,2069,331,ok
conn_recvmmsg,00555900,251,34,ok
conn_sendmmsg,00555a10,251,34,ok
conn_new,00555b20,86,21,ok
conn_gets,00555b80,472,96,ok
conn_read,00555d80,258,57,ok
conn_ctrl,00555ea0,1171,198,ok
conn_write,00556360,211,40,ok
conn_free,00556440,194,35,ok
conn_puts,00556510,243,47,ok
BIO_s_connect,00556620,8,10,ok
BIO_new_connect,00556630,82,19,ok
dgram_new,005566a0,46,15,ok
dgram_sendmmsg,005566d0,1297,239,ok
dgram_read,00556c00,987,132,ok
dgram_free,00557000,78,19,ok
dgram_recvmmsg,00557060,1434,295,ok
dgram_write,00557620,219,47,ok
dgram_puts,00557710,242,50,ok
dgram_ctrl,00557820,2404,397,ok
BIO_s_datagram,00558200,8,10,ok
BIO_new_dgram,00558210,56,14,ok
BIO_dgram_non_fatal_error,00558250,44,16,ok
ring_buf_resize,00558290,242,46,ok
dgram_pair_init,005583a0,100,27,ok
dgram_pair_write_inner,00558410,469,97,ok
dgram_pair_write,005585f0,685,158,ok
dgram_mem_ctrl,005588c0,843,190,ok
dgram_pair_ctrl,00558c30,968,119,ok
dgram_pair_free,00559010,213,40,ok
dgram_mem_init,005590f0,240,44,ok
dgram_pair_sendmmsg,005591f0,1074,292,ok
dgram_pair_read_actual,00559640,1314,341,ok
dgram_pair_recvmmsg,00559b90,401,64,ok
dgram_pair_read,00559d40,429,59,ok
dgram_mem_read,00559f00,269,39,ok
BIO_s_dgram_pair,0055a020,8,8,ok
BIO_s_dgram_mem,0055a030,8,8,ok
BIO_new_bio_dgram_pair,0055a040,216,36,ok
fd_new,0055a130,35,12,ok
fd_free,0055a160,57,18,ok
fd_read,0055a1b0,187,39,ok
fd_ctrl,0055a280,300,64,ok
fd_gets,0055a3f0,245,57,ok
fd_write,0055a500,151,29,ok
fd_puts,0055a5b0,180,36,ok
BIO_s_fd,0055a670,8,10,ok
BIO_new_fd,0055a680,56,14,ok
BIO_fd_should_retry,0055a6c0,76,28,ok
BIO_fd_non_fatal_error,0055a710,56,22,ok
file_new,0055a760,35,12,ok
file_free,0055a790,69,19,ok
file_gets,0055a7e0,46,17,ok
file_write,0055a810,53,17,ok
file_read,0055a850,184,29,ok
file_puts,0055a910,84,25,ok
file_ctrl,0055a970,940,138,ok
BIO_new_file,0055ad60,386,47,ok
BIO_new_fp,0055aef0,66,15,ok
BIO_s_file,0055af40,8,10,ok
secmem_new,0055af60,188,54,ok
mem_read,0055b020,154,39,ok
mem_gets,0055b0c0,162,35,ok
mem_ctrl,0055b170,580,175,ok
mem_free,0055b400,114,25,ok
mem_write,0055b480,330,73,ok
mem_new,0055b5d0,185,54,ok
mem_puts,0055b690,298,70,ok
BIO_s_mem,0055b7d0,8,10,ok
BIO_s_secmem,0055b7e0,8,8,ok
BIO_new_mem_buf,0055b7f0,157,52,ok
null_read,0055b8a0,3,8,ok
null_write,0055b8b0,3,8,ok
null_ctrl,0055b8c0,21,14,ok
null_puts,0055b8e0,40,17,ok
null_gets,0055b910,3,8,ok
BIO_s_null,0055b920,8,10,ok
sock_free,0055b930,86,20,ok
sock_new,0055b9a0,62,15,ok
sock_ctrl,0055b9e0,469,104,ok
sock_read,0055bc00,187,39,ok
sock_write,0055bcd0,163,36,ok
sock_puts,0055bd90,191,43,ok
BIO_s_socket,0055be60,8,10,ok
BIO_new_socket,0055be70,56,14,ok
BIO_sock_should_retry,0055beb0,76,28,ok
BIO_sock_non_fatal_error,0055bf00,56,22,ok
BN_get_rfc2409_prime_768,0055bf50,20,9,ok
BN_get_rfc2409_prime_1024,0055bf70,20,9,ok
BN_get_rfc3526_prime_1536,0055bf90,29,13,ok
BN_get_rfc3526_prime_2048,0055bfc0,29,13,ok
BN_get_rfc3526_prime_3072,0055bff0,29,13,ok
BN_get_rfc3526_prime_4096,0055c020,29,13,ok
BN_get_rfc3526_prime_6144,0055c050,29,13,ok
BN_get_rfc3526_prime_8192,0055c080,29,13,ok
BN_bn2hex,0055c0c0,536,90,ok
BN_bn2dec,0055c2e0,579,74,ok
BN_hex2bn,0055c540,573,94,ok
BN_dec2bn,0055c790,465,90,ok
BN_asc2bn,0055c9b0,116,30,ok
BN_CTX_new_ex,0055ca40,76,19,ok
BN_CTX_new,0055ca90,83,21,ok
BN_CTX_secure_new_ex,0055caf0,83,20,ok
BN_CTX_secure_new,0055cb50,90,20,ok
BN_CTX_free,0055cbb0,173,31,ok
BN_CTX_start,0055cc60,268,49,ok
BN_CTX_end,0055cd80,130,41,ok
BN_CTX_get,0055ce10,448,94,ok
ossl_bn_get_libctx,0055cff0,13,11,ok
MOD_EXP_CTIME_COPY_FROM_PREBUF,0055d020,835,87,ok
BN_mod_exp_recp.part.0,0055d370,1066,165,ok
BN_exp,0055d7d0,446,59,ok
BN_mod_exp_recp,0055d9b0,161,24,ok
bn_mod_exp_mont_fixed_top,0055da60,4266,1,failed
BN_mod_exp_mont,0055eb60,1674,230,ok
BN_mod_exp_mont_consttime,0055f250,30,16,ok
BN_mod_exp_mont_word,0055f270,1354,200,ok
BN_mod_exp,0055f800,326,42,ok
BN_mod_exp_simple,0055f960,1346,155,ok
BN_mod_exp_mont_consttime_x2,0055fee0,1013,138,ok
BN_set_params,00560300,81,20,ok
BN_get_params,00560360,48,23,ok
BN_value_one,005603b0,8,10,ok
BN_num_bits_word,005603c0,187,27,ok
BN_num_bits,00560480,373,63,ok
bn2binpad,00560600,603,115,ok
BN_clear_free,00560870,121,33,ok
BN_free,00560900,105,28,ok
bn_init,00560990,23,22,ok
BN_new,005609b0,43,16,ok
BN_secure_new,005609e0,43,14,ok
bn_expand2,00560a10,328,53,ok
bin2bn,00560b70,1096,224,ok
BN_dup,00560fc0,286,67,ok
BN_copy,005610f0,101,33,ok
BN_swap,00561160,81,33,ok
BN_clear,005611c0,47,16,ok
BN_get_word,00561200,28,14,ok
BN_set_word,00561220,303,57,ok
BN_bin2bn,00561360,13,11,ok
BN_signed_bin2bn,00561370,10,9,ok
BN_bn2binpad,00561380,23,14,ok
BN_signed_bn2bin,005613a0,20,14,ok
BN_bn2bin,005613c0,222,43,ok
BN_lebin2bn,005614b0,16,9,ok
BN_signed_lebin2bn,005614c0,13,9,ok
BN_bn2lebinpad,005614d0,26,14,ok
BN_signed_bn2lebin,005614f0,23,14,ok
BN_native2bn,00561510,16,9,ok
BN_signed_native2bn,00561520,13,9,ok
BN_bn2nativepad,00561530,26,14,ok
BN_signed_bn2native,00561550,23,14,ok
BN_ucmp,00561570,208,60,ok
BN_cmp,00561650,134,52,ok
BN_set_bit,00561700,159,41,ok
BN_clear_bit,005617c0,91,37,ok
BN_is_bit_set,00561830,35,13,ok
ossl_bn_mask_bits_fixed_top,00561860,64,26,ok
BN_mask_bits,005618a0,128,38,ok
BN_set_negative,00561940,19,12,ok
bn_cmp_words,00561960,84,30,ok
bn_cmp_part_words,005619f0,215,53,ok
BN_consttime_swap,00561af0,371,71,ok
BN_security_bits,00561c70,105,43,ok
BN_zero_ex,00561cf0,15,10,ok
BN_abs_is_word,00561d00,38,11,ok
BN_is_zero,00561d30,11,8,ok
BN_is_one,00561d40,29,11,ok
BN_is_word,00561d70,51,20,ok
ossl_bn_is_word_fixed_top,00561db0,121,28,ok
BN_is_odd,00561e30,19,14,ok
BN_is_negative,00561e50,11,8,ok
BN_to_montgomery,00561e60,11,9,ok
BN_with_flags,00561e70,61,19,ok
BN_GENCB_new,00561eb0,22,9,ok
BN_GENCB_free,00561ed0,23,12,ok
BN_set_flags,00561f00,4,9,ok
BN_get_flags,00561f10,6,8,ok
BN_GENCB_set_old,00561f20,15,11,ok
BN_GENCB_set,00561f30,15,11,ok
BN_GENCB_get_arg,00561f40,5,8,ok
bn_wexpand,00561f50,329,53,ok
bn_correct_top_consttime,005620b0,125,31,ok
bn_correct_top,00562130,62,24,ok
BN_nnmod,00562180,156,34,ok
BN_mod_add,00562230,162,37,ok
bn_mod_add_fixed_top,005622f0,583,103,ok
BN_mod_add_quick,00562550,45,15,ok
BN_mod_sub,00562590,162,37,ok
bn_mod_sub_fixed_top,00562650,462,94,ok
BN_mod_sub_quick,00562830,122,25,ok
BN_mod_mul,005628c0,289,52,ok
BN_mod_sqr,005629f0,55,15,ok
BN_mod_lshift1,00562a30,164,37,ok
BN_mod_lshift1_quick,00562af0,70,20,ok
BN_mod_lshift_quick,00562b40,234,46,ok
BN_mod_lshift,00562c40,239,46,ok
bn_from_montgomery_word,00562d40,1024,156,ok
BN_mod_mul_montgomery,00563160,296,65,ok
bn_mul_mont_fixed_top,005632a0,280,59,ok
BN_from_montgomery,005633d0,107,25,ok
bn_from_mont_fixed_top,00563440,99,25,ok
bn_to_mont_fixed_top,005634b0,281,57,ok
BN_MONT_CTX_new,005635e0,84,21,ok
BN_MONT_CTX_init,00563640,51,14,ok
BN_MONT_CTX_free,00563680,62,18,ok
BN_MONT_CTX_set,005636d0,651,96,ok
BN_MONT_CTX_copy,00563990,100,33,ok
BN_MONT_CTX_set_locked,00563a00,366,58,ok
ossl_bn_mont_ctx_set,00563b90,129,24,ok
ossl_bn_mont_ctx_eq,00563c20,75,27,ok
bn_sub_part_words,00563c80,451,115,ok
bn_mul_normal,00563e60,265,54,ok
bn_mul_recursive,00563f70,1322,167,ok
bn_mul_part_recursive,005644f0,1250,138,ok
bn_mul_fixed_top,00564a20,680,107,ok
BN_mul,00564cf0,688,107,ok
bn_mul_low_normal,00564fd0,187,40,ok
bn_mul_low_recursive,00565090,233,30,ok
ossl_bn_miller_rabin_is_prime.part.0,00565180,1246,142,ok
bn_is_prime_int,00565670,502,80,ok
ossl_bn_get0_small_factors,00565890,8,8,ok
BN_GENCB_call,005658a0,71,25,ok
BN_generate_prime_ex2,00565900,2636,334,ok
BN_generate_prime_ex,005663e0,114,17,ok
BN_is_prime_ex,00566460,291,52,ok
BN_is_prime_fasttest_ex,005665a0,544,85,ok
ossl_bn_check_prime,005667f0,544,86,ok
ossl_bn_check_generated_prime,00566a40,504,79,ok
BN_check_prime,00566c70,536,85,ok
ossl_bn_miller_rabin_is_prime,00566ec0,93,19,ok
BN_print,00566f30,1271,143,ok
BN_print_fp,00567430,91,20,ok
BN_options,00567490,71,15,ok
bnrand_range.constprop.1,005674e0,1197,164,ok
bnrand_range.constprop.0,005679c0,1197,164,ok
BN_rand_ex,00567ea0,426,66,ok
BN_rand,00568070,405,64,ok
BN_bntest_rand,00568230,525,83,ok
BN_priv_rand_ex,00568470,426,66,ok
BN_priv_rand,00568640,405,65,ok
BN_rand_range_ex,00568800,5,163,ok
BN_rand_range,00568810,9,11,ok
BN_priv_rand_range_ex,00568820,5,164,ok
BN_priv_rand_range,00568830,9,9,ok
BN_pseudo_rand,00568840,405,64,ok
BN_pseudo_rand_range,00568a00,9,11,ok
ossl_bn_priv_rand_range_fixed_top,00568a10,625,80,ok
ossl_bn_gen_dsa_nonce_fixed_top,00568ca0,1072,152,ok
BN_generate_dsa_nonce,00569100,33,12,ok
BN_RECP_CTX_init,00569130,38,22,ok
BN_RECP_CTX_new,00569160,60,18,ok
BN_RECP_CTX_free,005691a0,53,17,ok
BN_RECP_CTX_set,005691e0,88,22,ok
BN_div_recp,00569240,687,88,ok
BN_mod_mul_reciprocal,00569510,163,31,ok
BN_reciprocal,005695c0,110,23,ok
BN_lshift1,00569640,181,53,ok
BN_rshift1,00569700,206,50,ok
bn_lshift_fixed_top,005697e0,354,62,ok
BN_lshift,00569960,96,18,ok
bn_rshift_fixed_top,005699d0,275,56,ok
BN_rshift,00569b00,96,18,ok
bn_sqr_normal,00569b70,245,41,ok
bn_sqr_recursive,00569c70,434,65,ok
bn_sqr_fixed_top,00569e40,442,78,ok
BN_sqr,0056a030,450,76,ok
BN_div_word,0056a240,261,60,ok
BN_mod_word,0056a350,233,43,ok
BN_sub_word,0056a450,244,71,ok
BN_add_word,0056a560,242,54,ok
BN_mul_word,0056a670,108,30,ok
ossl_rsaz_avx512ifma_eligible,0056a700,25,14,ok
ossl_rsaz_amm52x20_x1_ifma256,0056a720,14,11,ok
ossl_rsaz_amm52x20_x2_ifma256,0056adc0,14,11,ok
ossl_extract_multiplier_2x20_win5,0056b4a0,4,11,ok
ossl_rsaz_avxifma_eligible,0056b620,25,14,ok
ossl_rsaz_amm52x20_x1_avxifma256,0056b640,143,21,ok
ossl_rsaz_amm52x20_x2_avxifma256,0056bdc0,175,21,ok
ossl_extract_multiplier_2x20_win5_avx,0056c5c0,326,152,ok
rsaz_1024_sqr_avx2,0056c740,2915,620,ok
rsaz_1024_mul_avx2,0056d300,2305,481,ok
rsaz_1024_red2norm_avx2,0056dc20,702,81,ok
rsaz_1024_norm2red_avx2,0056dee0,588,67,ok
rsaz_1024_scatter5_avx2,0056e140,58,28,ok
rsaz_1024_gather5_avx2,0056e1a0,539,117,ok
rsaz_avx2_eligible,0056e3c0,35,14,ok
RSAZ_1024_mod_exp_avx2,0056e400,2235,168,ok
RSAZ_512_mod_exp,0056ecc0,787,85,ok
from_words52,0056f000,407,92,ok
to_words52,0056f1a0,529,81,ok
ossl_rsaz_mod_exp_avx512_x2,0056f3c0,2592,248,ok
bn_mul_mont,0056fe00,629,1333,ok
bn_mul4x_mont,005700a0,1337,1050,ok
bn_sqr8x_mont,00570600,475,147,ok
bn_mulx4x_mont,00570800,1242,522,ok
bn_mul_mont_gather5,00570d80,1566,442,ok
bn_mul4x_mont_gather5,005713e0,221,62,ok
mul4x_internal,005714e0,1965,696,ok
bn_power5,00571cc0,330,102,ok
bn_sqr8x_internal,00571e20,2149,926,ok
__bn_post4x_internal,005726e0,149,56,ok
bn_mulx4x_mont_gather5,00572780,204,38,ok
mulx4x_internal,00572860,1940,645,ok
bn_powerx5,00573040,305,58,ok
bn_sqrx8x_internal,005731a0,2307,1042,ok
__bn_postx4x_internal,00573b00,141,55,ok
bn_get_bits5,00573b90,40,15,ok
bn_scatter5,00573bc0,33,21,ok
bn_gather5,00573c00,624,242,ok
BUF_MEM_new_ex,00573e80,37,14,ok
BUF_MEM_new,00573eb0,22,13,ok
BUF_MEM_free,00573ed0,91,23,ok
BUF_MEM_grow,00573f40,350,53,ok
BUF_MEM_grow_clean,005740b0,397,57,ok
BUF_reverse,00574250,103,37,ok
sk_X509_CRL_cmpfunc_thunk,005742c0,11,11,ok
sk_OSSL_CRMF_ATTRIBUTETYPEANDVALUE_freefunc_thunk,005742d0,8,12,ok
OSSL_CMP_REVANNCONTENT_it,005742e0,8,8,ok
OSSL_CMP_CHALLENGE_it,005742f0,8,8,ok
OSSL_CMP_POPODECKEYCHALLCONTENT_it,00574300,8,8,ok
OSSL_CMP_POPODECKEYRESPCONTENT_it,00574310,8,8,ok
OSSL_CMP_CAKEYUPDANNCONTENT_it,00574320,8,8,ok
OSSL_CMP_ERRORMSGCONTENT_it,00574330,8,8,ok
OSSL_CMP_ITAV_adb,00574340,8,8,ok
OSSL_CMP_ITAV_it,00574350,8,8,ok
OSSL_CMP_ROOTCAKEYUPDATE_it,00574360,8,8,ok
OSSL_CMP_CERTREQTEMPLATE_it,00574370,8,8,ok
OSSL_CMP_CRLSOURCE_it,00574380,8,8,ok
OSSL_CMP_CRLSTATUS_it,00574390,8,8,ok
OSSL_CMP_CERTORENCCERT_it,005743a0,8,8,ok
OSSL_CMP_CERTIFIEDKEYPAIR_it,005743b0,8,8,ok
OSSL_CMP_REVDETAILS_it,005743c0,8,8,ok
OSSL_CMP_REVREQCONTENT_it,005743d0,8,8,ok
OSSL_CMP_REVREPCONTENT_it,005743e0,8,8,ok
OSSL_CMP_KEYRECREPCONTENT_it,005743f0,8,8,ok
OSSL_CMP_PKISTATUS_it,00574400,8,8,ok
OSSL_CMP_PKISI_it,00574410,8,8,ok
OSSL_CMP_CERTSTATUS_it,00574420,8,8,ok
OSSL_CMP_CERTCONFIRMCONTENT_it,00574430,8,8,ok
OSSL_CMP_CERTRESPONSE_it,00574440,8,8,ok
OSSL_CMP_POLLREQ_it,00574450,8,8,ok
OSSL_CMP_POLLREQCONTENT_it,00574460,8,8,ok
OSSL_CMP_POLLREP_it,00574470,8,8,ok
OSSL_CMP_POLLREPCONTENT_it,00574480,8,8,ok
OSSL_CMP_CERTREPMESSAGE_it,00574490,8,8,ok
OSSL_CMP_GENMSGCONTENT_it,005744a0,8,8,ok
OSSL_CMP_GENREPCONTENT_it,005744b0,8,8,ok
OSSL_CMP_CRLANNCONTENT_it,005744c0,8,8,ok
OSSL_CMP_PKIBODY_it,005744d0,8,8,ok
OSSL_CMP_PKIHEADER_it,005744e0,8,8,ok
OSSL_CMP_MSG_it,005744f0,8,8,ok
OSSL_CMP_MSGS_it,00574500,8,8,ok
ossl_cmp_msg_cb,00574510,115,29,ok
sk_OSSL_CMP_ITAV_freefunc_thunk,00574590,8,11,ok
sk_GENERAL_NAME_cmpfunc_thunk,005745a0,11,12,ok
sk_OSSL_CRMF_ATTRIBUTETYPEANDVALUE_cmpfunc_thunk,005745b0,11,12,ok
d2i_OSSL_CMP_REVANNCONTENT,005745c0,12,9,ok
i2d_OSSL_CMP_REVANNCONTENT,005745d0,12,9,ok
OSSL_CMP_REVANNCONTENT_new,005745e0,12,9,ok
OSSL_CMP_REVANNCONTENT_free,005745f0,12,9,ok
d2i_OSSL_CMP_CHALLENGE,00574600,12,9,ok
i2d_OSSL_CMP_CHALLENGE,00574610,12,9,ok
OSSL_CMP_CHALLENGE_new,00574620,12,9,ok
OSSL_CMP_CHALLENGE_free,00574630,12,9,ok
d2i_OSSL_CMP_CAKEYUPDANNCONTENT,00574640,12,9,ok
i2d_OSSL_CMP_CAKEYUPDANNCONTENT,00574650,12,9,ok
OSSL_CMP_CAKEYUPDANNCONTENT_new,00574660,12,9,ok
OSSL_CMP_CAKEYUPDANNCONTENT_free,00574670,12,9,ok
d2i_OSSL_CMP_ERRORMSGCONTENT,00574680,12,9,ok
i2d_OSSL_CMP_ERRORMSGCONTENT,00574690,12,9,ok
OSSL_CMP_ERRORMSGCONTENT_new,005746a0,12,9,ok
OSSL_CMP_ERRORMSGCONTENT_free,005746b0,12,9,ok
d2i_OSSL_CMP_ITAV,005746c0,12,9,ok
i2d_OSSL_CMP_ITAV,005746d0,12,9,ok
OSSL_CMP_ITAV_new,005746e0,12,9,ok
OSSL_CMP_ITAV_free,005746f0,12,9,ok
OSSL_CMP_ITAV_dup,00574700,15,9,ok
d2i_OSSL_CMP_ROOTCAKEYUPDATE,00574710,12,9,ok
i2d_OSSL_CMP_ROOTCAKEYUPDATE,00574720,12,9,ok
OSSL_CMP_ROOTCAKEYUPDATE_new,00574730,12,9,ok
OSSL_CMP_ROOTCAKEYUPDATE_free,00574740,12,9,ok
OSSL_CMP_ATAVS_it,00574750,8,8,ok
d2i_OSSL_CMP_ATAVS,00574760,12,9,ok
i2d_OSSL_CMP_ATAVS,00574770,12,9,ok
OSSL_CMP_ATAVS_new,00574780,12,9,ok
OSSL_CMP_ATAVS_free,00574790,12,9,ok
d2i_OSSL_CMP_CERTREQTEMPLATE,005747a0,12,9,ok
i2d_OSSL_CMP_CERTREQTEMPLATE,005747b0,12,9,ok
OSSL_CMP_CERTREQTEMPLATE_new,005747c0,12,9,ok
OSSL_CMP_CERTREQTEMPLATE_free,005747d0,12,9,ok
d2i_OSSL_CMP_CRLSOURCE,005747e0,12,9,ok
i2d_OSSL_CMP_CRLSOURCE,005747f0,12,9,ok
OSSL_CMP_CRLSOURCE_new,00574800,12,9,ok
OSSL_CMP_CRLSOURCE_free,00574810,12,9,ok
d2i_OSSL_CMP_CRLSTATUS,00574820,12,9,ok
i2d_OSSL_CMP_CRLSTATUS,00574830,12,9,ok
OSSL_CMP_CRLSTATUS_new,00574840,12,9,ok
OSSL_CMP_CRLSTATUS_free,00574850,12,9,ok
OSSL_CMP_ITAV_create,00574860,51,18,ok
OSSL_CMP_ITAV_set0,005748a0,8,10,ok
OSSL_CMP_ITAV_get0_type,005748b0,12,11,ok
OSSL_CMP_ITAV_get0_value,005748d0,13,11,ok
OSSL_CMP_ITAV_push0_stack_item,005748f0,176,34,ok
OSSL_CMP_ITAV_new0_certProfile,005749b0,56,17,ok
OSSL_CMP_ITAV_get0_certProfile,005749f0,166,25,ok
OSSL_CMP_ITAV_new_caCerts,00574ab0,115,27,ok
OSSL_CMP_ITAV_get0_caCerts,00574b30,181,31,ok
OSSL_CMP_ITAV_new_rootCaCert,00574bf0,88,29,ok
OSSL_CMP_ITAV_get0_rootCaCert,00574c50,166,25,ok
OSSL_CMP_ITAV_new_rootCaKeyUpdate,00574d10,198,42,ok
OSSL_CMP_ITAV_get0_rootCaKeyUpdate,00574de0,265,50,ok
OSSL_CMP_ITAV_new0_certReqTemplate,00574f00,188,34,ok
OSSL_CMP_ATAV_create,00574fc0,36,15,ok
OSSL_CMP_ATAV_set0,00574ff0,8,10,ok
OSSL_CMP_ATAV_get0_type,00575000,12,11,ok
OSSL_CMP_ATAV_new_algId,00575020,130,30,ok
OSSL_CMP_ATAV_get0_algId,005750b0,37,17,ok
OSSL_CMP_ATAV_new_rsaKeyLen,005750e0,146,34,ok
OSSL_CMP_ATAV_get_rsaKeyLen,00575180,88,21,ok
OSSL_CMP_ATAV_get0_value,005751f0,13,11,ok
OSSL_CMP_ATAV_push1,00575210,230,44,ok
OSSL_CMP_ITAV_get1_certReqTemplate,00575310,616,85,ok
OSSL_CMP_ITAV_new0_crlStatusList,00575590,56,17,ok
OSSL_CMP_ITAV_get0_crlStatusList,005755d0,166,25,ok
OSSL_CMP_CRLSTATUS_new1,00575690,307,49,ok
OSSL_CMP_CRLSTATUS_create,005757d0,1076,185,ok
OSSL_CMP_CRLSTATUS_get0,00575c40,230,45,ok
OSSL_CMP_ITAV_new_crls,00575d40,192,38,ok
OSSL_CMP_ITAV_get0_crls,00575e10,166,25,ok
ossl_cmp_asn1_get_int,00575ed0,202,30,ok
d2i_OSSL_CMP_CERTORENCCERT,00575fa0,12,9,ok
i2d_OSSL_CMP_CERTORENCCERT,00575fb0,12,9,ok
OSSL_CMP_CERTORENCCERT_new,00575fc0,12,9,ok
OSSL_CMP_CERTORENCCERT_free,00575fd0,12,9,ok
d2i_OSSL_CMP_CERTIFIEDKEYPAIR,00575fe0,12,9,ok
i2d_OSSL_CMP_CERTIFIEDKEYPAIR,00575ff0,12,9,ok
OSSL_CMP_CERTIFIEDKEYPAIR_new,00576000,12,9,ok
OSSL_CMP_CERTIFIEDKEYPAIR_free,00576010,12,9,ok
d2i_OSSL_CMP_REVDETAILS,00576020,12,9,ok
i2d_OSSL_CMP_REVDETAILS,00576030,12,9,ok
OSSL_CMP_REVDETAILS_new,00576040,12,9,ok
OSSL_CMP_REVDETAILS_free,00576050,12,9,ok
d2i_OSSL_CMP_REVREPCONTENT,00576060,12,9,ok
i2d_OSSL_CMP_REVREPCONTENT,00576070,12,9,ok
OSSL_CMP_REVREPCONTENT_new,00576080,12,9,ok
OSSL_CMP_REVREPCONTENT_free,00576090,12,9,ok
d2i_OSSL_CMP_KEYRECREPCONTENT,005760a0,12,9,ok
i2d_OSSL_CMP_KEYRECREPCONTENT,005760b0,12,9,ok
OSSL_CMP_KEYRECREPCONTENT_new,005760c0,12,9,ok
OSSL_CMP_KEYRECREPCONTENT_free,005760d0,12,9,ok
d2i_OSSL_CMP_PKISI,005760e0,12,9,ok
i2d_OSSL_CMP_PKISI,005760f0,12,9,ok
OSSL_CMP_PKISI_new,00576100,12,9,ok
OSSL_CMP_PKISI_free,00576110,12,9,ok
OSSL_CMP_PKISI_dup,00576120,15,9,ok
d2i_OSSL_CMP_CERTSTATUS,00576130,12,9,ok
i2d_OSSL_CMP_CERTSTATUS,00576140,12,9,ok
OSSL_CMP_CERTSTATUS_new,00576150,12,9,ok
OSSL_CMP_CERTSTATUS_free,00576160,12,9,ok
d2i_OSSL_CMP_CERTRESPONSE,00576170,12,9,ok
i2d_OSSL_CMP_CERTRESPONSE,00576180,12,9,ok
OSSL_CMP_CERTRESPONSE_new,00576190,12,9,ok
OSSL_CMP_CERTRESPONSE_free,005761a0,12,9,ok
d2i_OSSL_CMP_POLLREQ,005761b0,12,9,ok
i2d_OSSL_CMP_POLLREQ,005761c0,12,9,ok
OSSL_CMP_POLLREQ_new,005761d0,12,9,ok
OSSL_CMP_POLLREQ_free,005761e0,12,9,ok
d2i_OSSL_CMP_POLLREP,005761f0,12,9,ok
i2d_OSSL_CMP_POLLREP,00576200,12,9,ok
OSSL_CMP_POLLREP_new,00576210,12,9,ok
OSSL_CMP_POLLREP_free,00576220,12,9,ok
d2i_OSSL_CMP_CERTREPMESSAGE,00576230,12,9,ok
i2d_OSSL_CMP_CERTREPMESSAGE,00576240,12,9,ok
OSSL_CMP_CERTREPMESSAGE_new,00576250,12,9,ok
OSSL_CMP_CERTREPMESSAGE_free,00576260,12,9,ok
d2i_OSSL_CMP_PKIBODY,00576270,12,9,ok
i2d_OSSL_CMP_PKIBODY,00576280,12,9,ok
OSSL_CMP_PKIBODY_new,00576290,12,9,ok
OSSL_CMP_PKIBODY_free,005762a0,12,9,ok
d2i_OSSL_CMP_PKIHEADER,005762b0,12,9,ok
i2d_OSSL_CMP_PKIHEADER,005762c0,12,9,ok
OSSL_CMP_PKIHEADER_new,005762d0,12,9,ok
OSSL_CMP_PKIHEADER_free,005762e0,12,9,ok
OSSL_CMP_PROTECTEDPART_it,005762f0,8,8,ok
d2i_OSSL_CMP_PROTECTEDPART,00576300,12,9,ok
i2d_OSSL_CMP_PROTECTEDPART,00576310,12,9,ok
OSSL_CMP_PROTECTEDPART_new,00576320,12,9,ok
OSSL_CMP_PROTECTEDPART_free,00576330,12,9,ok
OSSL_CMP_MSG_dup,00576340,15,9,ok
sk_ASN1_UTF8STRING_freefunc_thunk,00576350,8,11,ok
unprotected_exception,00576360,357,68,ok
save_statusInfo,005764e0,220,44,ok
send_receive_check,005765d0,1301,155,ok
OSSL_CMP_certConf_cb,00576b20,716,89,ok
get1_cert_status,00576e10,736,81,ok
sk_OSSL_CMP_ITAV_freefunc_thunk,00577120,8,11,ok
save_senderNonce_if_waiting,00577130,133,28,ok
poll_for_response.constprop.0,005771c0,1913,219,ok
send_receive_also_delayed,00577960,282,43,ok
cert_response.isra.0,00577a90,1389,175,ok
ossl_cmp_exchange_certConf,00578010,131,31,ok
ossl_cmp_exchange_error,005780a0,180,40,ok
OSSL_CMP_try_certreq,00578160,561,87,ok
OSSL_CMP_exec_certreq,005783c0,325,55,ok
OSSL_CMP_exec_RR_ses,00578520,1271,151,ok
OSSL_CMP_exec_GENM_ses,00578a60,241,49,ok
sk_X509_freefunc_thunk,00578b60,8,11,ok
sk_GENERAL_NAME_freefunc_thunk,00578b70,8,11,ok
OSSL_CMP_CTX_get0_trustedStore,00578b80,72,14,ok
OSSL_CMP_CTX_set0_trustedStore,00578bd0,105,16,ok
OSSL_CMP_CTX_get0_libctx,00578c40,68,14,ok
OSSL_CMP_CTX_get0_propq,00578c90,69,14,ok
OSSL_CMP_CTX_get0_untrusted,00578ce0,72,14,ok
OSSL_CMP_CTX_set1_untrusted,00578d30,146,26,ok
ossl_cmp_ctx_set_status,00578dd0,76,15,ok
OSSL_CMP_CTX_get_status,00578e30,74,14,ok
OSSL_CMP_CTX_get0_statusString,00578e80,72,14,ok
ossl_cmp_ctx_set0_statusString,00578ed0,112,16,ok
OSSL_CMP_CTX_set_certConf_cb,00578f50,77,15,ok
OSSL_CMP_CTX_set_certConf_cb_arg,00578fb0,77,15,ok
OSSL_CMP_CTX_get_certConf_cb_arg,00579010,72,14,ok
ossl_cmp_print_log,00579060,293,59,ok
OSSL_CMP_CTX_free,00579190,677,63,ok
OSSL_CMP_CTX_new,00579440,454,64,ok
OSSL_CMP_CTX_reinit,00579610,429,45,ok
OSSL_CMP_CTX_set_log_cb,005797d0,74,15,ok
OSSL_CMP_CTX_print_errors,00579820,28,16,ok
OSSL_CMP_CTX_set1_referenceValue,00579850,76,17,ok
OSSL_CMP_CTX_set1_secretValue,005798b0,155,31,ok
OSSL_CMP_CTX_get1_newChain,00579950,76,17,ok
ossl_cmp_ctx_set1_newChain,005799b0,138,25,ok
OSSL_CMP_CTX_get1_extraCertsIn,00579a50,76,17,ok
ossl_cmp_ctx_set1_extraCertsIn,00579ab0,138,25,ok
OSSL_CMP_CTX_set1_extraCertsOut,00579b50,138,25,ok
OSSL_CMP_CTX_push0_policy,00579bf0,134,26,ok
OSSL_CMP_CTX_push0_geninfo_ITAV,00579c90,76,17,ok
OSSL_CMP_CTX_reset_geninfo_ITAVs,00579cf0,98,16,ok
OSSL_CMP_CTX_get0_geninfo_ITAVs,00579d60,72,14,ok
OSSL_CMP_CTX_push0_genm_ITAV,00579db0,76,17,ok
OSSL_CMP_CTX_get1_caPubs,00579e10,76,17,ok
ossl_cmp_ctx_set1_caPubs,00579e70,138,25,ok
ossl_cmp_ctx_set1_validatedSrvCert,00579f10,190,33,ok
OSSL_CMP_CTX_set1_srvCert,00579fe0,190,33,ok
OSSL_CMP_CTX_set1_recipient,0057a0b0,121,26,ok
OSSL_CMP_CTX_set1_expected_sender,0057a130,121,26,ok
OSSL_CMP_CTX_set1_issuer,0057a1b0,121,26,ok
OSSL_CMP_CTX_set1_serialNumber,0057a230,121,26,ok
OSSL_CMP_CTX_set1_subjectName,0057a2b0,121,26,ok
OSSL_CMP_CTX_set0_reqExtensions,0057a330,211,26,ok
OSSL_CMP_CTX_reqExtensions_have_SAN,0057a420,103,23,ok
OSSL_CMP_CTX_push1_subjectAltName,0057a490,294,46,ok
OSSL_CMP_CTX_set1_cert,0057a5d0,190,33,ok
OSSL_CMP_CTX_build_cert_chain,0057a6a0,329,33,ok
OSSL_CMP_CTX_set1_oldCert,0057a800,190,33,ok
OSSL_CMP_CTX_set1_p10CSR,0057a8d0,121,26,ok
ossl_cmp_ctx_set0_newCert,0057a950,105,16,ok
OSSL_CMP_CTX_get0_validatedSrvCert,0057a9c0,72,14,ok
OSSL_CMP_CTX_get0_newCert,0057aa10,72,14,ok
OSSL_CMP_CTX_set1_pkey,0057aa60,117,27,ok
OSSL_CMP_CTX_set0_newPkey,0057aae0,107,17,ok
OSSL_CMP_CTX_get0_newPkey,0057ab50,126,28,ok
ossl_cmp_ctx_get0_newPubkey,0057abf0,81,25,ok
OSSL_CMP_CTX_set1_transactionID,0057ac60,76,17,ok
ossl_cmp_ctx_set1_recipNonce,0057acc0,76,17,ok
OSSL_CMP_CTX_set1_senderNonce,0057ad20,76,17,ok
ossl_cmp_ctx_set1_first_senderNonce,0057ad80,76,17,ok
OSSL_CMP_CTX_set1_proxy,0057ade0,141,26,ok
OSSL_CMP_CTX_set1_server,0057ae80,141,26,ok
OSSL_CMP_CTX_set1_no_proxy,0057af20,141,26,ok
OSSL_CMP_CTX_set_http_cb,0057afc0,74,15,ok
OSSL_CMP_CTX_set_http_cb_arg,0057b010,77,15,ok
OSSL_CMP_CTX_get_http_cb_arg,0057b070,72,14,ok
OSSL_CMP_CTX_set_transfer_cb,0057b0c0,74,15,ok
OSSL_CMP_CTX_set_transfer_cb_arg,0057b110,74,15,ok
OSSL_CMP_CTX_get_transfer_cb_arg,0057b160,69,14,ok
OSSL_CMP_CTX_set_serverPort,0057b1b0,73,15,ok
OSSL_CMP_CTX_set1_serverPath,0057b200,141,26,ok
ossl_cmp_ctx_set_failInfoCode,0057b2a0,76,15,ok
OSSL_CMP_CTX_get_failInfoCode,0057b300,74,14,ok
OSSL_CMP_CTX_set_option,0057b350,709,137,ok
OSSL_CMP_CTX_get_option,0057b640,355,88,ok
sk_X509_cmpfunc_thunk,0057b820,11,11,ok
get_genm_itav,0057b830,795,104,ok
verify_ss_cert_trans,0057bb70,571,83,ok
selfsigned_verify_cb,0057bdc0,349,65,ok
sk_OSSL_CMP_CRLSTATUS_cmpfunc_thunk,0057bf40,11,12,ok
OSSL_CMP_get1_caCerts,0057bf50,823,115,ok
OSSL_CMP_get1_rootCaKeyUpdate,0057c2a0,609,76,ok
OSSL_CMP_get1_crlUpdate,0057c520,605,87,ok
OSSL_CMP_get1_certReqTemplate,0057c7a0,231,36,ok
sk_ASN1_UTF8STRING_freefunc_thunk,0057c8a0,8,11,ok
ossl_cmp_hdr_set_pvno,0057c8b0,19,14,ok
ossl_cmp_hdr_get_pvno,0057c8d0,60,18,ok
ossl_cmp_hdr_get_protection_nid,0057c920,25,14,ok
OSSL_CMP_HDR_get0_transactionID,0057c950,69,14,ok
ossl_cmp_hdr_get0_senderNonce,0057c9a0,13,11,ok
OSSL_CMP_HDR_get0_recipNonce,0057c9c0,69,14,ok
OSSL_CMP_HDR_get0_geninfo_ITAVs,0057ca10,69,14,ok
ossl_cmp_general_name_is_NULL_DN,0057ca60,47,16,ok
ossl_cmp_hdr_set1_sender,0057caa0,17,14,ok
ossl_cmp_hdr_set1_recipient,0057cac0,17,14,ok
ossl_cmp_hdr_update_messageTime,0057cae0,67,23,ok
ossl_cmp_hdr_set1_senderKID,0057cb30,17,14,ok
ossl_cmp_hdr_push0_freeText,0057cb50,89,27,ok
ossl_cmp_hdr_push1_freeText,0057cbc0,92,27,ok
ossl_cmp_hdr_generalInfo_push0_item,0057cc30,22,14,ok
ossl_cmp_hdr_generalInfo_push1_items,0057cc50,126,32,ok
ossl_cmp_hdr_set_implicitConfirm,0057cce0,106,29,ok
ossl_cmp_hdr_has_implicitConfirm,0057cd60,91,30,ok
ossl_cmp_hdr_set_transactionID,0057cdc0,312,38,ok
ossl_cmp_hdr_init,0057cf10,653,100,ok
OSSL_CMP_MSG_http_perform,0057d1d0,1100,158,ok
sk_ASN1_UTF8STRING_freefunc_thunk,0057d650,8,11,ok
sk_X509_cmpfunc_thunk,0057d660,11,11,ok
i2d_OSSL_CMP_MSG,0057d670,37,12,ok
sk_OSSL_CRMF_CERTID_freefunc_thunk,0057d6a0,8,11,ok
sk_OSSL_CMP_CERTSTATUS_freefunc_thunk,0057d6b0,8,11,ok
sk_OSSL_CMP_ITAV_freefunc_thunk,0057d6c0,8,11,ok
sk_OSSL_CMP_REVDETAILS_freefunc_thunk,0057d6d0,8,11,ok
sk_OSSL_CMP_POLLREQ_freefunc_thunk,0057d6e0,8,11,ok
sk_OSSL_CMP_POLLREP_freefunc_thunk,0057d6f0,8,11,ok
OSSL_CMP_MSG_new,0057d700,137,30,ok
OSSL_CMP_MSG_free,0057d790,21,12,ok
ossl_cmp_msg_set0_libctx,0057d7b0,101,23,ok
OSSL_CMP_MSG_get0_header,0057d820,68,14,ok
ossl_cmp_bodytype_to_string,0057d870,27,14,ok
ossl_cmp_msg_set_bodytype,0057d890,25,12,ok
OSSL_CMP_MSG_get_bodytype,0057d8c0,23,11,ok
OSSL_CMP_MSG_get0_certreq_publickey,0057d8e0,246,37,ok
ossl_cmp_msg_create,0057d9f0,783,135,ok
OSSL_CMP_CTX_setup_CRM,0057dd40,1446,202,ok
ossl_cmp_certreq_new,0057e320,549,90,ok
ossl_cmp_certrep_new,0057e560,1099,134,ok
ossl_cmp_rr_new,0057e9d0,580,103,ok
ossl_cmp_rp_new,0057ec30,354,66,ok
ossl_cmp_pkiconf_new,0057edb0,133,26,ok
ossl_cmp_msg_gen_push0_ITAV,0057ee40,100,22,ok
ossl_cmp_msg_gen_push1_ITAVs,0057eec0,216,41,ok
ossl_cmp_genm_new,0057efb0,149,27,ok
ossl_cmp_genp_new,0057f050,154,28,ok
ossl_cmp_error_new,0057f0f0,566,77,ok
ossl_cmp_certstatus_set0_certHash,0057f340,43,13,ok
ossl_cmp_certConf_new,0057f380,494,82,ok
ossl_cmp_pollReq_new,0057f580,211,36,ok
ossl_cmp_pollRep_new,0057f660,215,39,ok
ossl_cmp_revrepcontent_get_pkisi,0057f740,87,20,ok
ossl_cmp_revrepcontent_get_CertId,0057f7a0,88,20,ok
ossl_cmp_pollrepcontent_get0_pollrep,0057f800,232,46,ok
ossl_cmp_certrepmessage_get0_certresponse,0057f900,251,48,ok
ossl_cmp_certresponse_get1_cert,0057fa10,628,84,ok
OSSL_CMP_MSG_update_transactionID,0057fcb0,132,27,ok
OSSL_CMP_MSG_update_recipNonce,0057fd40,160,26,ok
OSSL_CMP_MSG_read,0057fdf0,410,63,ok
OSSL_CMP_MSG_write,0057ffa0,138,27,ok
d2i_OSSL_CMP_MSG,00580030,84,26,ok
d2i_OSSL_CMP_MSG_bio,00580090,82,26,ok
i2d_OSSL_CMP_MSG_bio,005800f0,18,9,ok
ossl_cmp_is_error_with_waiting,00580110,60,19,ok
ossl_cmp_set_own_chain.part.0,00580160,245,25,ok
ossl_cmp_calc_protection,00580260,1074,142,ok
ossl_cmp_set_own_chain,005806c0,21,12,ok
ossl_cmp_msg_add_extraCerts,005806e0,289,48,ok
ossl_cmp_msg_protect,00580820,851,116,ok
unprotected_exception,00580b90,178,52,ok
process_non_polling_request,00580c60,2329,342,ok
OSSL_CMP_SRV_CTX_free,005815f0,39,13,ok
OSSL_CMP_SRV_CTX_new,00581630,120,22,ok
OSSL_CMP_SRV_CTX_init,005816b0,109,24,ok
OSSL_CMP_SRV_CTX_init_trans,00581730,78,16,ok
OSSL_CMP_SRV_CTX_get0_cmp_ctx,00581790,68,14,ok
OSSL_CMP_SRV_CTX_get0_custom_ctx,005817e0,69,14,ok
OSSL_CMP_SRV_CTX_set_send_unprotected_errors,00581830,80,15,ok
OSSL_CMP_SRV_CTX_set_accept_unprotected,00581890,80,15,ok
OSSL_CMP_SRV_CTX_set_accept_raverified,005818f0,80,15,ok
OSSL_CMP_SRV_CTX_set_grant_implicit_confirm,00581950,80,15,ok
OSSL_CMP_SRV_process_request,005819b0,2056,244,ok
OSSL_CMP_CTX_server_perform,005821f0,138,26,ok
sk_ASN1_UTF8STRING_freefunc_thunk,00582290,8,11,ok
snprint_PKIStatusInfo_parts,005822a0,1145,222,ok
ossl_cmp_pkisi_get_status,005827b0,43,17,ok
ossl_cmp_PKIStatus_to_string,005827e0,150,28,ok
ossl_cmp_pkisi_get0_statusString,005828b0,13,11,ok
ossl_cmp_pkisi_get_pkifailureinfo,005828d0,106,33,ok
ossl_cmp_pkisi_check_pkifailureinfo,00582950,92,20,ok
OSSL_CMP_snprint_PKIStatusInfo,005829b0,203,39,ok
OSSL_CMP_CTX_snprint_PKIStatus,00582a90,135,22,ok
OSSL_CMP_STATUSINFO_new,00582b20,242,56,ok
parse_level,00582c20,302,52,ok
OSSL_CMP_log_open,00582d60,6,8,ok
OSSL_CMP_log_close,00582d70,12,9,ok
ossl_cmp_log_parse_metadata,00582d80,404,60,ok
OSSL_CMP_print_to_bio,00582f20,145,42,ok
OSSL_CMP_print_errors_cb,00582ff0,752,104,ok
ossl_cmp_X509_STORE_add1_certs,00583310,230,38,ok
ossl_cmp_sk_ASN1_UTF8STRING_push_str,00583410,115,27,ok
ossl_cmp_asn1_octet_string_set1,005834a0,123,31,ok
ossl_cmp_asn1_octet_string_set1_bytes,00583530,156,30,ok
check_name,005835e0,445,43,ok
verify_signature,005837b0,465,71,ok
check_transactionID_or_nonce,005839a0,278,46,ok
cert_acceptable,00583ad0,1713,190,ok
OSSL_CMP_validate_cert_path,005841b0,359,50,ok
check_msg_with_certs,00584320,937,124,ok
check_msg_all_certs,005846f0,434,47,ok
OSSL_CMP_validate_msg,005848b0,2033,203,ok
ossl_cmp_msg_check_update,005850f0,1496,207,ok
ossl_cmp_verify_popo,00585700,248,50,ok
CMS_IssuerAndSerialNumber_it,00585810,8,8,ok
CMS_OtherCertificateFormat_it,00585820,8,8,ok
CMS_CertificateChoices_it,00585830,8,8,ok
CMS_SignerIdentifier_it,00585840,8,8,ok
CMS_EncapsulatedContentInfo_it,00585850,8,8,ok
CMS_SignerInfo_it,00585860,8,8,ok
CMS_OtherRevocationInfoFormat_it,00585870,8,8,ok
CMS_RevocationInfoChoice_it,00585880,8,8,ok
CMS_SignedData_it,00585890,8,8,ok
CMS_OriginatorInfo_it,005858a0,8,8,ok
CMS_EncryptedContentInfo_it,005858b0,8,8,ok
CMS_KeyTransRecipientInfo_it,005858c0,8,8,ok
CMS_OtherKeyAttribute_it,005858d0,8,8,ok
CMS_RecipientKeyIdentifier_it,005858e0,8,8,ok
CMS_KeyAgreeRecipientIdentifier_it,005858f0,8,8,ok
CMS_RecipientEncryptedKey_it,00585900,8,8,ok
CMS_OriginatorPublicKey_it,00585910,8,8,ok
CMS_OriginatorIdentifierOrKey_it,00585920,8,8,ok
CMS_KeyAgreeRecipientInfo_it,00585930,8,8,ok
CMS_KEKIdentifier_it,00585940,8,8,ok
CMS_KEKRecipientInfo_it,00585950,8,8,ok
CMS_PasswordRecipientInfo_it,00585960,8,8,ok
CMS_KEMRecipientInfo_it,00585970,8,8,ok
CMS_OtherRecipientInfo_adb,00585980,8,8,ok
CMS_OtherRecipientInfo_it,00585990,8,8,ok
CMS_RecipientInfo_it,005859a0,8,8,ok
CMS_EnvelopedData_it,005859b0,8,8,ok
CMS_DigestedData_it,005859c0,8,8,ok
CMS_EncryptedData_it,005859d0,8,8,ok
CMS_AuthEnvelopedData_it,005859e0,8,8,ok
CMS_AuthenticatedData_it,005859f0,8,8,ok
CMS_CompressedData_it,00585a00,8,8,ok
CMS_ContentInfo_adb,00585a10,8,8,ok
CMS_ReceiptsFrom_it,00585a20,8,8,ok
cms_rek_cb,00585a30,37,12,ok
cms_ec_cb,00585a60,53,13,ok
cms_kari_cb,00585aa0,80,25,ok
cms_kemri_cb,00585b00,89,26,ok
cms_cb,00585b60,162,38,ok
cms_ri_cb,00585c20,195,44,ok
cms_si_cb,00585d00,58,18,ok
CMS_SignedData_new,00585d40,12,9,ok
CMS_SignedData_free,00585d50,12,9,ok
d2i_CMS_OtherRecipientInfo,00585d60,12,9,ok
i2d_CMS_OtherRecipientInfo,00585d70,12,9,ok
CMS_OtherRecipientInfo_new,00585d80,12,9,ok
CMS_OtherRecipientInfo_free,00585d90,12,9,ok
CMS_EnvelopedData_dup,00585da0,15,9,ok
CMS_ContentInfo_it,00585db0,8,8,ok
CMS_Attributes_Sign_it,00585dc0,8,8,ok
CMS_Attributes_Verify_it,00585dd0,8,8,ok
CMS_ReceiptRequest_it,00585de0,8,8,ok
CMS_Receipt_it,00585df0,8,8,ok
CMS_SharedInfo_encode,00585e00,92,26,ok
CMS_CMSORIforKEMOtherInfo_encode,00585e60,40,17,ok
sk_X509_ATTRIBUTE_freefunc_thunk,00585e90,8,11,ok
cms_env_set_version,00585ea0,254,70,ok
ossl_cms_get0_enveloped,00585fc0,75,17,ok
ossl_cms_get0_auth_enveloped,00586020,77,17,ok
ossl_cms_env_asn1_ctrl,00586080,371,68,ok
ossl_cms_get0_env_enc_content,00586230,91,21,ok
CMS_get0_RecipientInfos,005862a0,86,17,ok
ossl_cms_RecipientInfos_set_cmsctx,00586300,283,56,ok
CMS_RecipientInfo_type,00586430,4,8,ok
CMS_RecipientInfo_get0_pkey_ctx,00586440,63,20,ok
CMS_EnvelopedData_create_ex,00586490,360,61,ok
CMS_EnvelopedData_create,00586610,9,11,ok
CMS_EnvelopedData_decrypt,00586620,339,60,ok
CMS_AuthEnvelopedData_create_ex,00586790,362,62,ok
CMS_AuthEnvelopedData_create,00586910,9,9,ok
CMS_RecipientInfo_ktri_get0_algs,00586920,112,27,ok
CMS_RecipientInfo_ktri_get0_signer_id,005869a0,79,19,ok
CMS_RecipientInfo_ktri_cert_cmp,00586a00,82,17,ok
CMS_RecipientInfo_set0_pkey,00586a60,109,16,ok
CMS_RecipientInfo_kekri_id_cmp,00586ae0,114,24,ok
CMS_add0_recipient_key,00586b60,835,120,ok
CMS_RecipientInfo_kekri_get0_id,00586ee0,191,53,ok
CMS_RecipientInfo_set0_key,00586fb0,83,19,ok
CMS_RecipientInfo_decrypt,00587010,1757,231,ok
CMS_RecipientInfo_encrypt,00587740,1389,196,ok
ossl_cms_EnvelopedData_init_bio,00587d00,439,74,ok
ossl_cms_AuthEnvelopedData_init_bio,00587ed0,337,58,ok
ossl_cms_EnvelopedData_final,00588030,436,60,ok
ossl_cms_AuthEnvelopedData_final,00588200,249,38,ok
ossl_cms_pkey_get_ri_type,00588310,340,61,ok
CMS_add1_recipient,00588480,790,113,ok
CMS_add1_recipient_cert,005887c0,12,11,ok
ossl_cms_pkey_is_ri_type_supported,005887d0,413,71,ok
ossl_cms_RecipientInfo_wrap_init,00588980,407,63,ok
d2i_CMS_ReceiptRequest,00588b30,39,13,ok
i2d_CMS_ReceiptRequest,00588b60,37,13,ok
CMS_ReceiptRequest_new,00588b90,21,15,ok
CMS_ReceiptRequest_free,00588bb0,21,12,ok
CMS_get1_ReceiptRequest,00588bd0,139,35,ok
ossl_cms_check_signing_certs,00588c70,242,45,ok
CMS_ReceiptRequest_create0_ex,00588d80,314,52,ok
CMS_ReceiptRequest_create0,00588ed0,306,51,ok
CMS_add1_ReceiptRequest,00589020,189,33,ok
CMS_ReceiptRequest_get0_values,005890f0,84,35,ok
ossl_cms_msgSigDigest_add1,00589150,301,41,ok
ossl_cms_Receipt_verify,00589290,1354,177,ok
ossl_cms_encode_Receipt,00589800,313,51,ok
CMS_stream,00589950,139,28,ok
d2i_CMS_bio,005899e0,121,27,ok
i2d_CMS_bio,00589a60,37,13,ok
PEM_read_bio_CMS,00589a90,31,11,ok
PEM_read_CMS,00589ab0,31,11,ok
PEM_write_bio_CMS,00589ad0,46,12,ok
PEM_write_CMS,00589b00,46,12,ok
BIO_new_CMS,00589b30,37,13,ok
i2d_CMS_bio_stream,00589b60,57,13,ok
PEM_write_bio_CMS_stream,00589ba0,64,13,ok
SMIME_write_CMS,00589be0,164,28,ok
SMIME_read_CMS_ex,00589c90,146,27,ok
SMIME_read_CMS,00589d30,123,23,ok
cms_kek_cipher,00589db0,390,56,ok
CMS_RecipientInfo_kari_get0_alg,00589f50,101,24,ok
CMS_RecipientInfo_kari_get0_reks,00589fd0,74,14,ok
CMS_RecipientInfo_kari_get0_orig_id,0058a020,255,61,ok
CMS_RecipientInfo_kari_orig_id_cmp,0058a130,111,26,ok
CMS_RecipientEncryptedKey_get0_id,0058a1b0,176,51,ok
CMS_RecipientEncryptedKey_cert_cmp,0058a270,41,20,ok
CMS_RecipientInfo_kari_set0_pkey_and_peer,0058a2b0,166,35,ok
CMS_RecipientInfo_kari_set0_pkey,0058a360,117,28,ok
CMS_RecipientInfo_kari_get0_ctx,0058a3e0,18,11,ok
CMS_RecipientInfo_kari_decrypt,0058a400,204,34,ok
ossl_cms_RecipientInfo_kari_init,0058a4e0,713,129,ok
ossl_cms_RecipientInfo_kari_encrypt,0058a7d0,362,63,ok
kem_cms_encrypt,0058a950,661,135,ok
ossl_cms_kem_envelope,0058ac00,376,66,ok
cms_kek_cipher,0058ad90,1030,159,ok
ossl_cms_RecipientInfo_kemri_get0_alg,0058b1b0,111,20,ok
CMS_RecipientInfo_kemri_cert_cmp,0058b230,85,18,ok
CMS_RecipientInfo_kemri_set0_pkey,0058b290,179,35,ok
ossl_cms_RecipientInfo_kemri_init,0058b350,296,56,ok
CMS_RecipientInfo_kemri_get0_ctx,0058b480,22,11,ok
CMS_RecipientInfo_kemri_get0_kdf_alg,0058b4a0,22,11,ok
CMS_RecipientInfo_kemri_set_ukm,0058b4c0,228,37,ok
ossl_cms_RecipientInfo_kemri_encrypt,0058b5b0,418,54,ok
ossl_cms_RecipientInfo_kemri_decrypt,0058b760,479,65,ok
sk_X509_cmpfunc_thunk,0058b950,11,11,ok
sk_CMS_RevocationInfoChoice_freefunc_thunk,0058b960,8,11,ok
sk_CMS_CertificateChoices_freefunc_thunk,0058b970,8,11,ok
sk_X509_CRL_cmpfunc_thunk,0058b980,11,11,ok
CMS_ContentInfo_new,0058b990,21,15,ok
CMS_ContentInfo_free,0058b9b0,21,12,ok
CMS_ContentInfo_print_ctx,0058b9d0,57,13,ok
i2d_CMS_ContentInfo,0058ba10,37,13,ok
CMS_ContentInfo_new_ex,0058ba40,117,29,ok
ossl_cms_get0_cmsctx,0058bac0,14,14,ok
ossl_cms_ctx_get0_libctx,0058bad0,12,11,ok
ossl_cms_ctx_get0_propq,0058baf0,13,11,ok
ossl_cms_resolve_libctx,0058bb10,226,47,ok
d2i_CMS_ContentInfo,0058bc10,116,35,ok
CMS_get0_type,0058bca0,4,8,ok
ossl_cms_content_bio,0058bcb0,252,72,ok
CMS_dataFinal,0058bdf0,693,104,ok
CMS_dataFinal_ex,0058c0f0,708,105,ok
ossl_cms_DataFinal,0058c410,710,109,ok
CMS_get0_content,0058c720,210,44,ok
ossl_cms_Data_create,0058c810,231,51,ok
CMS_dataInit,0058c910,387,84,ok
CMS_get0_eContentType,0058cac0,159,40,ok
CMS_set1_eContentType,0058cb80,215,49,ok
CMS_is_detached,0058cc70,201,55,ok
CMS_set_detached,0058cd60,339,75,ok
ossl_cms_DigestAlgorithm_init_bio,0058cee0,591,112,ok
ossl_cms_DigestAlgorithm_find_ctx,0058d150,231,35,ok
CMS_add0_CertificateChoices,0058d250,241,49,ok
CMS_add0_cert,0058d360,238,47,ok
CMS_add1_cert,0058d470,58,18,ok
CMS_add0_RevocationInfoChoice,0058d4c0,270,59,ok
CMS_add0_crl,0058d5f0,276,61,ok
CMS_add1_crl,0058d720,78,21,ok
ossl_cms_get1_certs_ex,0058d780,290,56,ok
CMS_get1_certs,0058d8c0,73,22,ok
ossl_cms_get1_crls_ex,0058d920,309,67,ok
CMS_get1_crls,0058da80,73,22,ok
ossl_cms_ias_cert_cmp,0058dae0,68,19,ok
ossl_cms_keyid_cert_cmp,0058db30,36,16,ok
ossl_cms_set1_ias,0058db60,253,46,ok
ossl_cms_set1_keyid,0058dc70,170,27,ok
ossl_cms_sign_encrypt,0058dd30,340,61,ok
CMS_RecipientInfo_set0_password,0058dea0,99,22,ok
CMS_add0_recipient_password,0058df10,1516,220,ok
ossl_cms_RecipientInfo_pwri_crypt,0058e550,2213,244,ok
ossl_cms_rsa_envelope,0058ee30,1314,199,ok
ossl_cms_rsa_sign,0058f370,700,122,ok
sk_X509_ALGOR_freefunc_thunk,0058f650,8,11,ok
cms_bio_read.constprop.0,0058f660,194,39,ok
cms_EVP_PKEY_verify,0058f730,272,46,ok
sk_X509_ATTRIBUTE_freefunc_thunk,0058f860,8,11,ok
sk_CMS_SignerInfo_freefunc_thunk,0058f870,8,11,ok
cms_generic_sign.part.0,0058f880,231,37,ok
cms_sd_asn1_ctrl,0058f980,344,42,ok
CMS_SignedData_init,0058faf0,250,47,ok
ossl_cms_set1_SignerIdentifier,0058fc00,122,26,ok
ossl_cms_SignerIdentifier_get0_signer_id,0058fc90,66,26,ok
ossl_cms_SignerIdentifier_cert_cmp,0058fce0,35,18,ok
ossl_cms_SignerInfos_set_cmsctx,0058fd10,146,41,ok
CMS_SignerInfo_get0_pkey_ctx,0058fdc0,5,8,ok
CMS_SignerInfo_get0_md_ctx,0058fdd0,5,8,ok
CMS_get0_SignerInfos,0058fde0,84,21,ok
CMS_get0_signers,0058fe40,197,44,ok
CMS_SignerInfo_set1_signer_cert,0058ff10,77,22,ok
CMS_SignerInfo_get0_signer_id,0058ff70,70,28,ok
CMS_SignerInfo_cert_cmp,0058ffc0,39,20,ok
CMS_set1_signers_certs,00590000,598,125,ok
CMS_SignerInfo_get0_algs,00590270,52,21,ok
CMS_SignerInfo_get0_signature,005902b0,5,8,ok
CMS_SignerInfo_sign,005902c0,889,124,ok
cms_SignerInfo_content_sign,00590670,1773,226,ok
ossl_cms_SignedData_final,00590da0,211,42,ok
CMS_SignerInfo_verify,00590e80,898,121,ok
ossl_cms_SignedData_init_bio,00591220,471,94,ok
CMS_SignerInfo_verify_ex,00591430,1116,152,ok
CMS_SignerInfo_verify_content,005918b0,7,11,ok
CMS_SignedData_verify,005918c0,353,59,ok
CMS_add_smimecap,00591a40,96,19,ok
CMS_add_simple_smimecap,00591aa0,185,44,ok
CMS_add_standard_smimecap,00591b70,1277,169,ok
CMS_add1_signer,005920c0,3715,448,ok
cms_copy_content,00592fc0,376,60,ok
CMS_data,00593160,137,27,ok
CMS_data_create_ex,00593200,274,40,ok
CMS_data_create,00593330,272,40,ok
CMS_digest_verify,00593460,329,52,ok
CMS_EncryptedData_decrypt,005935c0,314,50,ok
CMS_verify,00593710,3448,445,ok
CMS_verify_receipt,005944e0,65,16,ok
CMS_decrypt_set1_pkey_and_peer,00594530,1084,165,ok
CMS_decrypt_set1_pkey,00594990,7,11,ok
CMS_decrypt_set1_key,005949a0,460,62,ok
CMS_decrypt_set1_password,00594b90,285,47,ok
CMS_decrypt,00594cd0,519,80,ok
CMS_final,00594ef0,301,44,ok
CMS_digest_create_ex,00595030,140,30,ok
CMS_EncryptedData_encrypt_ex,005950d0,221,38,ok
CMS_sign_ex,005951c0,423,66,ok
CMS_sign,00595390,19,11,ok
CMS_sign_receipt,005953b0,465,67,ok
CMS_encrypt_ex,005955a0,339,58,ok
CMS_encrypt,00595710,11,11,ok
CMS_digest_create,00595720,112,28,ok
CMS_EncryptedData_encrypt,005957a0,217,36,ok
CMS_final_digest,00595880,296,40,ok
CMS_uncompress,005959b0,59,11,ok
CMS_compress,005959f0,59,14,ok
COMP_CTX_new,00595a30,122,21,ok
COMP_CTX_get_method,00595ac0,4,8,ok
COMP_get_type,00595ad0,11,11,ok
COMP_get_name,00595af0,13,11,ok
COMP_CTX_free,00595b10,45,18,ok
COMP_compress_block,00595b50,90,25,ok
COMP_expand_block,00595bb0,90,25,ok
COMP_CTX_get_type,00595c10,13,14,ok
sk_OPENSSL_CSTRING_cmpfunc_thunk,00595c20,11,12,ok
lh_CONF_VALUE_doall_SECTION_NAMES_thunk,00595c30,2,12,ok
default_to_int,00595c40,8,8,ok
section_name_cmp,00595c50,11,9,ok
default_is_number,00595c60,9,9,ok
collect_section_name,00595c70,22,12,ok
CONF_set_nconf,00595c90,55,13,ok
CONF_set_default_method,00595cd0,13,9,ok
CONF_load,00595ce0,177,33,ok
CONF_load_fp,00595da0,172,33,ok
CONF_load_bio,00595e60,96,22,ok
CONF_get_section,00595ed0,136,28,ok
CONF_get_string,00595f70,276,37,ok
CONF_free,005960a0,63,16,ok
CONF_dump_fp,005960f0,164,26,ok
CONF_dump_bio,005961b0,73,17,ok
NCONF_new_ex,00596200,102,22,ok
NCONF_new,00596280,90,22,ok
NCONF_free,005962f0,12,14,ok
NCONF_free_data,00596310,12,14,ok
NCONF_get0_libctx,00596330,5,8,ok
NCONF_get_section_names,00596340,88,19,ok
NCONF_load,005963a0,70,19,ok
NCONF_load_fp,005963f0,176,28,ok
NCONF_load_bio,005964b0,70,19,ok
NCONF_get_section,00596500,128,24,ok
NCONF_get_string,005965a0,191,25,ok
NCONF_get_number_e,00596670,483,66,ok
CONF_get_number,00596870,150,31,ok
_CONF_get_number,00596910,77,20,ok
NCONF_dump_fp,00596960,176,28,ok
NCONF_dump_bio,00596a20,70,19,ok
OPENSSL_INIT_new,00596a70,37,14,ok
OPENSSL_INIT_set_config_filename,00596aa0,62,13,ok
OPENSSL_INIT_set_config_file_flags,00596ae0,5,9,ok
OPENSSL_INIT_set_config_appname,00596af0,62,13,ok
OPENSSL_INIT_free,00596b30,36,14,ok
sk_CONF_MODULE_freefunc_thunk,00596b60,8,11,ok
do_load_builtin_modules_ossl_,00596b70,24,10,ok
do_init_module_list_lock_ossl_,00596b90,96,18,ok
module_free,00596c00,63,11,ok
module_add,00596c40,389,50,ok
conf_modules_finish_int,00596de0,279,47,ok
sk_CONF_IMODULE_freefunc_thunk,00596f00,8,11,ok
CONF_modules_load,00596f10,1771,226,ok
CONF_modules_unload,00597630,404,63,ok
CONF_modules_finish,005977f0,5,47,ok
CONF_module_add,00597800,34,11,ok
ossl_config_modules_free,00597830,88,15,ok
CONF_imodule_get_name,00597890,5,8,ok
CONF_imodule_get_value,005978a0,5,8,ok
CONF_imodule_get_usr_data,005978b0,5,8,ok
CONF_imodule_set_usr_data,005978c0,5,9,ok
CONF_imodule_get_module,005978d0,4,8,ok
CONF_imodule_get_flags,005978e0,5,8,ok
CONF_imodule_set_flags,005978f0,5,9,ok
CONF_module_get_usr_data,00597900,5,8,ok
CONF_module_set_usr_data,00597910,5,9,ok
CONF_get1_default_config_file,00597920,171,29,ok
CONF_modules_load_file_ex,005979e0,525,90,ok
CONF_modules_load_file,00597c30,460,90,ok
CONF_parse_list,00597e30,385,68,ok
ssl_module_free,00597fe0,280,40,ok
ssl_module_init,00598100,740,94,ok
conf_ssl_get,00598400,78,23,ok
conf_ssl_name_find,00598460,109,31,ok
conf_ssl_get_cmd,005984e0,21,13,ok
ossl_config_add_ssl_module,00598500,26,9,ok
OSSL_CRMF_PRIVATEKEYINFO_it,00598520,8,8,ok
OSSL_CRMF_ENCKEYWITHID_IDENTIFIER_it,00598530,8,8,ok
OSSL_CRMF_CERTID_it,00598540,8,8,ok
OSSL_CRMF_ENCRYPTEDVALUE_it,00598550,8,8,ok
OSSL_CRMF_SINGLEPUBINFO_it,00598560,8,8,ok
OSSL_CRMF_PKIPUBLICATIONINFO_it,00598570,8,8,ok
OSSL_CRMF_PKMACVALUE_it,00598580,8,8,ok
OSSL_CRMF_POPOPRIVKEY_it,00598590,8,8,ok
OSSL_CRMF_POPOSIGNINGKEYINPUT_AUTHINFO_it,005985a0,8,8,ok
OSSL_CRMF_POPOSIGNINGKEYINPUT_it,005985b0,8,8,ok
OSSL_CRMF_POPOSIGNINGKEY_it,005985c0,8,8,ok
OSSL_CRMF_POPO_it,005985d0,8,8,ok
OSSL_CRMF_ATTRIBUTETYPEANDVALUE_adb,005985e0,8,8,ok
OSSL_CRMF_ATTRIBUTETYPEANDVALUE_it,005985f0,8,8,ok
OSSL_CRMF_OPTIONALVALIDITY_it,00598600,8,8,ok
OSSL_CRMF_CERTTEMPLATE_it,00598610,8,8,ok
OSSL_CRMF_CERTREQUEST_it,00598620,8,8,ok
OSSL_CRMF_MSG_it,00598630,8,8,ok
d2i_OSSL_CRMF_PRIVATEKEYINFO,00598640,12,9,ok
i2d_OSSL_CRMF_PRIVATEKEYINFO,00598650,12,9,ok
OSSL_CRMF_PRIVATEKEYINFO_new,00598660,12,9,ok
OSSL_CRMF_PRIVATEKEYINFO_free,00598670,12,9,ok
d2i_OSSL_CRMF_ENCKEYWITHID_IDENTIFIER,00598680,12,9,ok
i2d_OSSL_CRMF_ENCKEYWITHID_IDENTIFIER,00598690,12,9,ok
OSSL_CRMF_ENCKEYWITHID_IDENTIFIER_new,005986a0,12,9,ok
OSSL_CRMF_ENCKEYWITHID_IDENTIFIER_free,005986b0,12,9,ok
OSSL_CRMF_ENCKEYWITHID_it,005986c0,8,8,ok
d2i_OSSL_CRMF_ENCKEYWITHID,005986d0,12,9,ok
i2d_OSSL_CRMF_ENCKEYWITHID,005986e0,12,9,ok
OSSL_CRMF_ENCKEYWITHID_new,005986f0,12,9,ok
OSSL_CRMF_ENCKEYWITHID_free,00598700,12,9,ok
d2i_OSSL_CRMF_CERTID,00598710,12,9,ok
i2d_OSSL_CRMF_CERTID,00598720,12,9,ok
OSSL_CRMF_CERTID_new,00598730,12,9,ok
OSSL_CRMF_CERTID_free,00598740,12,9,ok
OSSL_CRMF_CERTID_dup,00598750,15,9,ok
d2i_OSSL_CRMF_ENCRYPTEDVALUE,00598760,12,9,ok
i2d_OSSL_CRMF_ENCRYPTEDVALUE,00598770,12,9,ok
OSSL_CRMF_ENCRYPTEDVALUE_new,00598780,12,9,ok
OSSL_CRMF_ENCRYPTEDVALUE_free,00598790,12,9,ok
OSSL_CRMF_ENCRYPTEDKEY_it,005987a0,8,8,ok
d2i_OSSL_CRMF_ENCRYPTEDKEY,005987b0,12,9,ok
i2d_OSSL_CRMF_ENCRYPTEDKEY,005987c0,12,9,ok
OSSL_CRMF_ENCRYPTEDKEY_new,005987d0,12,9,ok
OSSL_CRMF_ENCRYPTEDKEY_free,005987e0,12,9,ok
d2i_OSSL_CRMF_SINGLEPUBINFO,005987f0,12,9,ok
i2d_OSSL_CRMF_SINGLEPUBINFO,00598800,12,9,ok
OSSL_CRMF_SINGLEPUBINFO_new,00598810,12,9,ok
OSSL_CRMF_SINGLEPUBINFO_free,00598820,12,9,ok
d2i_OSSL_CRMF_PKIPUBLICATIONINFO,00598830,12,9,ok
i2d_OSSL_CRMF_PKIPUBLICATIONINFO,00598840,12,9,ok
OSSL_CRMF_PKIPUBLICATIONINFO_new,00598850,12,9,ok
OSSL_CRMF_PKIPUBLICATIONINFO_free,00598860,12,9,ok
OSSL_CRMF_PKIPUBLICATIONINFO_dup,00598870,15,9,ok
d2i_OSSL_CRMF_PKMACVALUE,00598880,12,9,ok
i2d_OSSL_CRMF_PKMACVALUE,00598890,12,9,ok
OSSL_CRMF_PKMACVALUE_new,005988a0,12,9,ok
OSSL_CRMF_PKMACVALUE_free,005988b0,12,9,ok
d2i_OSSL_CRMF_POPOPRIVKEY,005988c0,12,9,ok
i2d_OSSL_CRMF_POPOPRIVKEY,005988d0,12,9,ok
OSSL_CRMF_POPOPRIVKEY_new,005988e0,12,9,ok
OSSL_CRMF_POPOPRIVKEY_free,005988f0,12,9,ok
OSSL_CRMF_PBMPARAMETER_it,00598900,8,8,ok
d2i_OSSL_CRMF_PBMPARAMETER,00598910,12,9,ok
i2d_OSSL_CRMF_PBMPARAMETER,00598920,12,9,ok
OSSL_CRMF_PBMPARAMETER_new,00598930,12,9,ok
OSSL_CRMF_PBMPARAMETER_free,00598940,12,9,ok
d2i_OSSL_CRMF_POPOSIGNINGKEYINPUT_AUTHINFO,00598950,12,9,ok
i2d_OSSL_CRMF_POPOSIGNINGKEYINPUT_AUTHINFO,00598960,12,9,ok
OSSL_CRMF_POPOSIGNINGKEYINPUT_AUTHINFO_new,00598970,12,9,ok
OSSL_CRMF_POPOSIGNINGKEYINPUT_AUTHINFO_free,00598980,12,9,ok
d2i_OSSL_CRMF_POPOSIGNINGKEYINPUT,00598990,12,9,ok
i2d_OSSL_CRMF_POPOSIGNINGKEYINPUT,005989a0,12,9,ok
OSSL_CRMF_POPOSIGNINGKEYINPUT_new,005989b0,12,9,ok
OSSL_CRMF_POPOSIGNINGKEYINPUT_free,005989c0,12,9,ok
d2i_OSSL_CRMF_POPOSIGNINGKEY,005989d0,12,9,ok
i2d_OSSL_CRMF_POPOSIGNINGKEY,005989e0,12,9,ok
OSSL_CRMF_POPOSIGNINGKEY_new,005989f0,12,9,ok
OSSL_CRMF_POPOSIGNINGKEY_free,00598a00,12,9,ok
d2i_OSSL_CRMF_POPO,00598a10,12,9,ok
i2d_OSSL_CRMF_POPO,00598a20,12,9,ok
OSSL_CRMF_POPO_new,00598a30,12,9,ok
OSSL_CRMF_POPO_free,00598a40,12,9,ok
d2i_OSSL_CRMF_ATTRIBUTETYPEANDVALUE,00598a50,12,9,ok
i2d_OSSL_CRMF_ATTRIBUTETYPEANDVALUE,00598a60,12,9,ok
OSSL_CRMF_ATTRIBUTETYPEANDVALUE_new,00598a70,12,9,ok
OSSL_CRMF_ATTRIBUTETYPEANDVALUE_free,00598a80,12,9,ok
OSSL_CRMF_ATTRIBUTETYPEANDVALUE_dup,00598a90,15,9,ok
d2i_OSSL_CRMF_OPTIONALVALIDITY,00598aa0,12,9,ok
i2d_OSSL_CRMF_OPTIONALVALIDITY,00598ab0,12,9,ok
OSSL_CRMF_OPTIONALVALIDITY_new,00598ac0,12,9,ok
OSSL_CRMF_OPTIONALVALIDITY_free,00598ad0,12,9,ok
d2i_OSSL_CRMF_CERTTEMPLATE,00598ae0,12,9,ok
i2d_OSSL_CRMF_CERTTEMPLATE,00598af0,12,9,ok
OSSL_CRMF_CERTTEMPLATE_new,00598b00,12,9,ok
OSSL_CRMF_CERTTEMPLATE_free,00598b10,12,9,ok
OSSL_CRMF_CERTTEMPLATE_dup,00598b20,15,9,ok
d2i_OSSL_CRMF_CERTREQUEST,00598b30,12,9,ok
i2d_OSSL_CRMF_CERTREQUEST,00598b40,12,9,ok
OSSL_CRMF_CERTREQUEST_new,00598b50,12,9,ok
OSSL_CRMF_CERTREQUEST_free,00598b60,12,9,ok
OSSL_CRMF_CERTREQUEST_dup,00598b70,15,9,ok
d2i_OSSL_CRMF_MSG,00598b80,12,9,ok
i2d_OSSL_CRMF_MSG,00598b90,12,9,ok
OSSL_CRMF_MSG_new,00598ba0,12,9,ok
OSSL_CRMF_MSG_free,00598bb0,12,9,ok
OSSL_CRMF_MSG_dup,00598bc0,15,9,ok
OSSL_CRMF_MSGS_it,00598bd0,8,8,ok
d2i_OSSL_CRMF_MSGS,00598be0,12,9,ok
i2d_OSSL_CRMF_MSGS,00598bf0,12,9,ok
OSSL_CRMF_MSGS_new,00598c00,12,9,ok
OSSL_CRMF_MSGS_free,00598c10,12,9,ok
sk_X509_EXTENSION_freefunc_thunk,00598c20,8,11,ok
OSSL_CRMF_MSG_push0_regCtrl,00598c30,191,35,ok
OSSL_CRMF_MSG_push0_regInfo,00598d00,186,40,ok
check_cmKGA,00598dc0,112,34,ok
sk_OSSL_CRMF_ATTRIBUTETYPEANDVALUE_freefunc_thunk,00598e40,8,12,ok
sk_OSSL_CRMF_SINGLEPUBINFO_freefunc_thunk,00598e50,8,11,ok
OSSL_CRMF_MSG_get0_regCtrl_regToken,00598e60,87,28,ok
OSSL_CRMF_MSG_set1_regCtrl_regToken,00598ed0,105,33,ok
OSSL_CRMF_MSG_get0_regCtrl_authenticator,00598f50,87,28,ok
OSSL_CRMF_MSG_set1_regCtrl_authenticator,00598fc0,105,33,ok
OSSL_CRMF_MSG_set0_SinglePubInfo,00599040,121,24,ok
OSSL_CRMF_MSG_PKIPublicationInfo_push0_SinglePubInfo,005990d0,143,28,ok
OSSL_CRMF_MSG_set_PKIPublicationInfo_action,00599170,80,17,ok
OSSL_CRMF_MSG_get0_regCtrl_pkiPublicationInfo,005991d0,87,28,ok
OSSL_CRMF_MSG_set1_regCtrl_pkiPublicationInfo,00599240,105,33,ok
OSSL_CRMF_MSG_get0_regCtrl_oldCertID,005992c0,87,28,ok
OSSL_CRMF_MSG_set1_regCtrl_oldCertID,00599330,105,33,ok
OSSL_CRMF_CERTID_gen,005993b0,165,34,ok
OSSL_CRMF_MSG_get0_regCtrl_protocolEncrKey,00599460,87,28,ok
OSSL_CRMF_MSG_set1_regCtrl_protocolEncrKey,005994d0,105,33,ok
OSSL_CRMF_MSG_get0_regInfo_utf8Pairs,00599550,87,28,ok
OSSL_CRMF_MSG_set1_regInfo_utf8Pairs,005995c0,105,33,ok
OSSL_CRMF_MSG_get0_regInfo_certReq,00599640,87,28,ok
OSSL_CRMF_MSG_set1_regInfo_certReq,005996b0,105,33,ok
OSSL_CRMF_MSG_get0_tmpl,00599730,77,14,ok
OSSL_CRMF_MSG_set0_validity,00599790,179,32,ok
OSSL_CRMF_MSG_set_certReqId,00599850,88,19,ok
OSSL_CRMF_MSG_get_certReqId,005998b0,274,37,ok
OSSL_CRMF_MSG_set0_extensions,005999d0,204,34,ok
OSSL_CRMF_MSG_push0_extension,00599ab0,271,43,ok
OSSL_CRMF_MSG_create_popo,00599be0,762,116,ok
OSSL_CRMF_MSGS_verify_popo,00599f00,639,84,ok
OSSL_CRMF_MSG_centralkeygen_requested,0059a1a0,371,58,ok
OSSL_CRMF_CERTTEMPLATE_get0_publicKey,0059a330,13,11,ok
OSSL_CRMF_CERTTEMPLATE_get0_serialNumber,0059a350,13,11,ok
OSSL_CRMF_CERTTEMPLATE_get0_subject,0059a370,13,11,ok
OSSL_CRMF_CERTTEMPLATE_get0_issuer,0059a390,13,11,ok
OSSL_CRMF_CERTTEMPLATE_get0_extensions,0059a3b0,13,11,ok
OSSL_CRMF_CERTID_get0_issuer,0059a3d0,23,11,ok
OSSL_CRMF_CERTID_get0_serialNumber,0059a3f0,13,11,ok
OSSL_CRMF_CERTTEMPLATE_fill,0059a410,201,42,ok
OSSL_CRMF_ENCRYPTEDVALUE_decrypt,0059a4e0,1265,150,ok
OSSL_CRMF_ENCRYPTEDKEY_get1_pkey,0059a9f0,875,112,ok
OSSL_CRMF_ENCRYPTEDVALUE_get1_encCert,0059ad80,203,28,ok
OSSL_CRMF_ENCRYPTEDKEY_get1_encCert,0059ae60,152,32,ok
OSSL_CRMF_ENCRYPTEDKEY_init_envdata,0059af10,26,15,ok
OSSL_CRMF_pbmp_new,0059af30,607,72,ok
OSSL_CRMF_pbm_new,0059b1c0,1235,128,ok
sk_CTLOG_freefunc_thunk,0059b6a0,8,11,ok
ctlog_store_load_log,0059b6b0,453,69,ok
CTLOG_free,0059b880,87,15,ok
CTLOG_STORE_new_ex,0059b8f0,229,37,ok
CTLOG_STORE_new,0059b9e0,186,28,ok
CTLOG_STORE_free,0059bab0,77,14,ok
CTLOG_STORE_load_file,0059bb10,331,56,ok
CTLOG_STORE_load_default_file,0059bc70,42,15,ok
CTLOG_new_ex,0059bca0,463,66,ok
CTLOG_new,0059be80,409,57,ok
CTLOG_get0_name,0059c030,5,8,ok
CTLOG_get0_log_id,0059c040,15,10,ok
CTLOG_get0_public_key,0059c050,5,8,ok
CTLOG_STORE_get0_log_by_id,0059c060,86,23,ok
sk_SCT_freefunc_thunk,0059c0c0,8,11,ok
o2i_SCT_signature,0059c0d0,292,55,ok
o2i_SCT,0059c200,650,108,ok
i2o_SCT_signature,0059c4b0,285,47,ok
i2o_SCT,0059c5d0,473,92,ok
o2i_SCT_LIST,0059c7c0,458,82,ok
i2o_SCT_LIST,0059c9b0,581,92,ok
d2i_SCT_LIST,0059cc30,151,27,ok
i2d_SCT_LIST,0059ccd0,124,24,ok
CT_POLICY_EVAL_CTX_new_ex,0059cd50,169,36,ok
CT_POLICY_EVAL_CTX_new,0059ce00,97,23,ok
CT_POLICY_EVAL_CTX_free,0059ce70,78,15,ok
CT_POLICY_EVAL_CTX_set1_cert,0059ced0,40,15,ok
CT_POLICY_EVAL_CTX_set1_issuer,0059cf00,40,15,ok
CT_POLICY_EVAL_CTX_set_shared_CTLOG_STORE,0059cf30,5,9,ok
CT_POLICY_EVAL_CTX_set_time,0059cf40,5,9,ok
CT_POLICY_EVAL_CTX_get0_cert,0059cf50,4,8,ok
CT_POLICY_EVAL_CTX_get0_issuer,0059cf60,5,8,ok
CT_POLICY_EVAL_CTX_get0_log_store,0059cf70,5,8,ok
CT_POLICY_EVAL_CTX_get_time,0059cf80,5,8,ok
SCT_validation_status_string,0059cf90,116,26,ok
SCT_print,0059d020,834,82,ok
SCT_LIST_print,0059d370,147,32,ok
SCT_free,0059d410,112,16,ok
SCT_new,0059d490,49,15,ok
SCT_LIST_free,0059d4d0,12,9,ok
SCT_set_version,0059d4e0,82,16,ok
SCT_set_log_entry_type,0059d540,80,16,ok
SCT_set0_log_id,0059d5a0,126,18,ok
SCT_set1_log_id,0059d630,199,28,ok
SCT_set_timestamp,0059d710,12,10,ok
SCT_set_signature_nid,0059d720,119,21,ok
SCT_set0_extensions,0059d7b0,54,12,ok
SCT_set1_extensions,0059d7f0,130,22,ok
SCT_set0_signature,0059d880,54,12,ok
SCT_set1_signature,0059d8c0,130,22,ok
SCT_get_version,0059d950,3,8,ok
SCT_get_log_entry_type,0059d960,4,8,ok
SCT_get0_log_id,0059d970,12,9,ok
SCT_get_timestamp,0059d980,5,8,ok
SCT_get_signature_nid,0059d990,43,21,ok
SCT_get0_extensions,0059d9c0,12,9,ok
SCT_get0_signature,0059d9d0,12,9,ok
SCT_is_complete,0059d9e0,69,21,ok
SCT_signature_is_complete,0059da40,46,15,ok
SCT_get_source,0059da80,4,8,ok
SCT_set_source,0059da90,55,18,ok
SCT_get_validation_status,0059dad0,4,8,ok
SCT_validate,0059dae0,364,68,ok
SCT_LIST_validate,0059dc70,536,96,ok
SCT_CTX_new,0059de90,117,24,ok
SCT_CTX_free,0059df10,141,18,ok
SCT_CTX_set1_cert,0059dfb0,867,126,ok
SCT_CTX_set1_issuer,0059e330,290,45,ok
SCT_CTX_set1_issuer_pubkey,0059e460,282,43,ok
SCT_CTX_set1_pubkey,0059e590,376,49,ok
SCT_CTX_set_time,0059e710,5,9,ok
SCT_CTX_verify,0059e720,825,103,ok
DHvparams_it,0059ea70,8,8,ok
dh_cb,0059ea80,117,27,ok
DHparams_it,0059eb10,8,8,ok
d2i_DHparams,0059eb20,12,11,ok
i2d_DHparams,0059eb30,12,11,ok
d2i_int_dhx,0059eb40,12,9,ok
i2d_int_dhx,0059eb50,12,9,ok
d2i_DHxparams,0059eb60,303,39,ok
i2d_DHxparams,0059eca0,236,51,ok
ossl_dh_new_by_nid_ex,0059ed90,142,26,ok
DH_new_by_nid,0059ee30,136,26,ok
ossl_dh_cache_named_group,0059eec0,115,31,ok
ossl_dh_is_named_safe_prime_group,0059ef40,18,11,ok
DH_get_nid,0059ef60,12,11,ok
dh_new_intern,0059ef80,410,57,ok
DH_set_method,0059f120,63,20,ok
ossl_dh_get_method,0059f160,8,8,ok
DH_new,0059f170,7,13,ok
DH_new_method,0059f180,13,14,ok
ossl_dh_new_ex,0059f1a0,5,57,ok
DH_free,0059f1b0,138,29,ok
DH_up_ref,0059f250,25,12,ok
ossl_dh_get0_libctx,0059f270,8,8,ok
ossl_dh_set0_libctx,0059f280,8,9,ok
DH_set_ex_data,0059f290,12,11,ok
DH_get_ex_data,0059f2a0,12,11,ok
DH_bits,0059f2b0,20,14,ok
DH_size,0059f2d0,41,19,ok
DH_security_bits,0059f300,81,26,ok
DH_get0_pqg,0059f360,9,9,ok
DH_set0_pqg,0059f370,61,17,ok
DH_get_length,0059f3c0,5,8,ok
DH_set_length,0059f3d0,17,10,ok
DH_get0_key,0059f3f0,25,14,ok
DH_set0_key,0059f410,67,17,ok
DH_get0_p,0059f460,5,8,ok
DH_get0_q,0059f470,5,8,ok
DH_get0_g,0059f480,5,8,ok
DH_get0_priv_key,0059f490,5,8,ok
DH_get0_pub_key,0059f4a0,5,8,ok
DH_clear_flags,0059f4b0,9,9,ok
DH_test_flags,0059f4c0,9,8,ok
DH_set_flags,0059f4d0,7,9,ok
ossl_dh_get0_params,0059f4e0,5,8,ok
ossl_dh_get0_nid,0059f4f0,4,8,ok
dsa_cb,0059f500,63,20,ok
d2i_DSAPrivateKey,0059f550,12,11,ok
i2d_DSAPrivateKey,0059f560,12,11,ok
d2i_DSAparams,0059f570,12,11,ok
i2d_DSAparams,0059f580,12,11,ok
d2i_DSAPublicKey,0059f590,12,11,ok
i2d_DSAPublicKey,0059f5a0,12,11,ok
DSAparams_dup,0059f5b0,15,11,ok
dsa_new_intern,0059f5c0,431,57,ok
DSA_set_ex_data,0059f780,12,11,ok
DSA_get_ex_data,0059f790,12,11,ok
DSA_dup_DH,0059f7a0,185,48,ok
DSA_clear_flags,0059f870,6,9,ok
DSA_test_flags,0059f880,6,8,ok
DSA_set_flags,0059f890,4,9,ok
DSA_set_method,0059f8a0,63,20,ok
DSA_get_method,0059f8e0,8,8,ok
DSA_new_method,0059f8f0,13,14,ok
ossl_dsa_new,0059f910,5,57,ok
DSA_new,0059f920,7,13,ok
DSA_free,0059f930,138,28,ok
DSA_up_ref,0059f9d0,25,12,ok
ossl_dsa_get0_libctx,0059f9f0,8,8,ok
ossl_dsa_set0_libctx,0059fa00,8,9,ok
DSA_get0_pqg,0059fa10,9,9,ok
DSA_set0_pqg,0059fa20,62,17,ok
DSA_get0_p,0059fa70,5,8,ok
DSA_get0_q,0059fa80,5,8,ok
DSA_get0_g,0059fa90,5,8,ok
DSA_get0_pub_key,0059faa0,5,8,ok
DSA_get0_priv_key,0059fab0,5,8,ok
DSA_get0_key,0059fac0,25,14,ok
DSA_set0_key,0059fae0,67,17,ok
DSA_security_bits,0059fb30,72,21,ok
DSA_bits,0059fb80,20,14,ok
ossl_dsa_get0_params,0059fba0,5,8,ok
ossl_dsa_ffc_params_fromdata,0059fbb0,27,14,ok
dsa_init,0059fbd0,18,10,ok
dsa_finish,0059fbf0,26,9,ok
dsa_do_verify,0059fc10,960,104,ok
dsa_sign_setup.isra.0,0059fff0,1386,149,ok
dsa_sign_setup_no_digest,005a0580,31,9,ok
DSA_set_default_method,005a05a0,8,9,ok
DSA_get_default_method,005a05b0,8,10,ok
DSA_OpenSSL,005a05c0,8,10,ok
ossl_dsa_do_sign_int,005a05d0,969,137,ok
dsa_do_sign,005a09b0,24,9,ok
DSA_do_sign,005a09d0,10,13,ok
DSA_sign_setup,005a09e0,10,13,ok
DSA_SIG_new,005a09f0,22,13,ok
DSA_SIG_free,005a0a10,48,14,ok
d2i_DSA_SIG,005a0a50,283,57,ok
i2d_DSA_SIG,005a0b80,303,51,ok
DSA_size,005a0ce0,126,33,ok
DSA_SIG_get0,005a0d70,24,14,ok
DSA_SIG_set0,005a0d90,62,17,ok
ossl_dsa_sign_int,005a0de0,364,66,ok
DSA_sign,005a0f60,345,62,ok
DSA_verify,005a10d0,403,66,ok
DSA_do_verify,005a1270,10,13,ok
sk_void_freefunc_thunk,005a1280,8,11,ok
DSO_free,005a1290,271,39,ok
DSO_new,005a13b0,192,41,ok
DSO_flags,005a1480,11,14,ok
DSO_up_ref,005a1490,83,18,ok
DSO_bind_func,005a14f0,195,34,ok
DSO_ctrl,005a15d0,180,41,ok
DSO_get_filename,005a16a0,69,14,ok
DSO_set_filename,005a16f0,199,28,ok
DSO_load,005a17d0,644,90,ok
DSO_merge,005a1a80,101,26,ok
DSO_convert_filename,005a1af0,191,33,ok
DSO_pathbyaddr,005a1bc0,100,21,ok
DSO_dsobyaddr,005a1c30,277,44,ok
DSO_global_lookup,005a1d50,76,24,ok
X9_62_PENTANOMIAL_it,005a1db0,8,8,ok
X9_62_CHARACTERISTIC_TWO_adb,005a1dc0,8,8,ok
X9_62_CHARACTERISTIC_TWO_it,005a1dd0,8,8,ok
X9_62_FIELDID_adb,005a1de0,8,8,ok
X9_62_FIELDID_it,005a1df0,8,8,ok
X9_62_CURVE_it,005a1e00,8,8,ok
ECPARAMETERS_it,005a1e10,8,8,ok
ECPKPARAMETERS_it,005a1e20,8,8,ok
X9_62_PENTANOMIAL_new,005a1e30,12,9,ok
X9_62_PENTANOMIAL_free,005a1e40,12,9,ok
X9_62_CHARACTERISTIC_TWO_new,005a1e50,12,9,ok
X9_62_CHARACTERISTIC_TWO_free,005a1e60,12,9,ok
ECPARAMETERS_new,005a1e70,12,9,ok
ECPARAMETERS_free,005a1e80,12,9,ok
d2i_ECPKPARAMETERS,005a1e90,12,9,ok
i2d_ECPKPARAMETERS,005a1ea0,12,9,ok
ECPKPARAMETERS_new,005a1eb0,12,9,ok
ECPKPARAMETERS_free,005a1ec0,12,9,ok
d2i_EC_PRIVATEKEY,005a1ed0,12,9,ok
i2d_EC_PRIVATEKEY,005a1ee0,12,9,ok
EC_PRIVATEKEY_new,005a1ef0,12,9,ok
EC_PRIVATEKEY_free,005a1f00,12,9,ok
EC_GROUP_get_ecparameters,005a1f10,2444,332,ok
EC_GROUP_get_ecpkparameters,005a2910,338,52,ok
EC_GROUP_new_from_ecparameters,005a2a80,2674,365,ok
EC_GROUP_new_from_ecpkparameters,005a3560,335,45,ok
d2i_ECPKParameters,005a36e0,272,44,ok
i2d_ECPKParameters,005a3800,442,59,ok
d2i_ECPrivateKey,005a39e0,713,107,ok
i2d_ECPrivateKey,005a3ce0,763,93,ok
i2d_ECParameters,005a4010,256,35,ok
d2i_ECParameters,005a4120,381,59,ok
o2i_ECPublicKey,005a42c0,168,27,ok
i2o_ECPublicKey,005a4380,450,63,ok
ECDSA_SIG_new,005a4560,22,13,ok
ECDSA_SIG_free,005a4580,48,14,ok
d2i_ECDSA_SIG,005a45c0,283,58,ok
i2d_ECDSA_SIG,005a46f0,303,51,ok
ECDSA_SIG_get0,005a4850,24,14,ok
ECDSA_SIG_get0_r,005a4870,4,8,ok
ECDSA_SIG_get0_s,005a4880,5,8,ok
ECDSA_SIG_set0,005a4890,62,17,ok
ECDSA_size,005a48e0,153,41,ok
EC_GROUP_check_named_curve,005a4990,207,34,ok
EC_GROUP_check,005a4a70,664,87,ok
ec_group_new_from_data.isra.0,005a4d40,1725,227,ok
EC_GROUP_new_by_curve_name_ex,005a5440,138,33,ok
EC_GROUP_new_by_curve_name,005a54e0,142,35,ok
EC_get_builtin_curves,005a5590,81,26,ok
EC_curve_nid2nist,005a55f0,5,58,ok
EC_curve_nist2nid,005a5600,5,100,ok
ossl_ec_curve_nid_from_params,005a5610,1083,137,ok
EC_GROUP_new_curve_GFp,005a5a80,115,23,ok
EC_GROUP_new_curve_GF2m,005a5b00,115,24,ok
EC_KEY_free.part.0,005a5b80,152,23,ok
EC_KEY_new,005a5c20,9,13,ok
EC_KEY_new_ex,005a5c30,5,48,ok
EC_KEY_new_by_curve_name_ex,005a5c40,130,31,ok
EC_KEY_new_by_curve_name,005a5cd0,112,31,ok
EC_KEY_free,005a5d50,24,15,ok
EC_KEY_copy,005a5d80,456,97,ok
EC_KEY_dup,005a5f60,10,11,ok
EC_KEY_up_ref,005a5f70,19,12,ok
EC_KEY_generate_key,005a5f90,148,28,ok
ossl_ec_key_gen,005a6030,31,15,ok
ossl_ec_generate_key_dhkem,005a6060,238,52,ok
ossl_ec_key_simple_generate_key,005a6160,421,86,ok
ossl_ec_key_simple_generate_public_key,005a6320,90,22,ok
EC_KEY_check_key,005a6380,151,29,ok
ossl_ec_key_public_check_quick,005a6430,532,65,ok
ossl_ec_key_public_check,005a6660,347,53,ok
ossl_ec_key_private_check,005a67d0,180,29,ok
ossl_ec_key_pairwise_check,005a6890,297,41,ok
ossl_ec_key_simple_check_key,005a69d0,164,33,ok
EC_KEY_set_public_key_affine_coordinates,005a6a90,479,64,ok
ossl_ec_key_get_libctx,005a6c90,5,8,ok
ossl_ec_key_get0_propq,005a6ca0,5,8,ok
ossl_ec_key_set0_libctx,005a6cb0,5,9,ok
EC_KEY_get0_group,005a6cc0,5,8,ok
EC_KEY_set_group,005a6cd0,140,30,ok
EC_KEY_get0_private_key,005a6d70,5,8,ok
EC_KEY_set_private_key,005a6d80,257,39,ok
EC_KEY_get0_public_key,005a6e90,5,8,ok
EC_KEY_set_public_key,005a6ea0,76,19,ok
EC_KEY_get_enc_flags,005a6ef0,4,8,ok
EC_KEY_set_enc_flags,005a6f00,4,9,ok
EC_KEY_get_conv_form,005a6f10,4,8,ok
EC_KEY_set_conv_form,005a6f20,18,13,ok
EC_KEY_set_asn1_flag,005a6f40,15,12,ok
EC_KEY_precompute_mult,005a6f60,17,14,ok
EC_KEY_get_flags,005a6f80,4,8,ok
EC_KEY_set_flags,005a6f90,9,10,ok
EC_KEY_clear_flags,005a6fa0,11,10,ok
EC_KEY_decoded_from_explicit_params,005a6fb0,24,11,ok
EC_KEY_key2buf,005a6fd0,42,15,ok
EC_KEY_oct2key,005a7010,149,35,ok
EC_KEY_priv2oct,005a70b0,93,26,ok
ossl_ec_key_simple_priv2oct,005a7120,129,32,ok
EC_KEY_oct2priv,005a71b0,104,28,ok
ossl_ec_key_simple_oct2priv,005a7230,225,37,ok
EC_KEY_priv2buf,005a7330,296,46,ok
EC_KEY_can_sign,005a7470,33,14,ok
EC_KEY_OpenSSL,005a74a0,8,8,ok
EC_KEY_get_default_method,005a74b0,8,8,ok
EC_KEY_set_default_method,005a74c0,22,12,ok
EC_KEY_get_method,005a74e0,4,8,ok
EC_KEY_set_method,005a74f0,61,22,ok
ossl_ec_key_new_method_int,005a7540,276,48,ok
EC_KEY_new_method,005a7660,257,39,ok
ECDH_compute_key,005a7770,307,44,ok
EC_KEY_METHOD_new,005a78b0,111,73,ok
EC_KEY_METHOD_free,005a7920,24,12,ok
EC_KEY_METHOD_set_init,005a7950,30,16,ok
EC_KEY_METHOD_set_keygen,005a7970,5,9,ok
EC_KEY_METHOD_set_compute_key,005a7980,5,9,ok
EC_KEY_METHOD_set_sign,005a7990,13,11,ok
EC_KEY_METHOD_set_verify,005a79a0,9,10,ok
EC_KEY_METHOD_get_init,005a79b0,81,28,ok
EC_KEY_METHOD_get_keygen,005a7a10,13,11,ok
EC_KEY_METHOD_get_compute_key,005a7a20,13,11,ok
EC_KEY_METHOD_get_sign,005a7a30,37,18,ok
EC_KEY_METHOD_get_verify,005a7a60,25,14,ok
ossl_ec_group_new_ex,005a7a80,364,60,ok
EC_GROUP_new,005a7c00,324,53,ok
EC_pre_comp_free,005a7d50,83,19,ok
EC_GROUP_free,005a7dc0,244,36,ok
EC_GROUP_clear_free,005a7ed0,281,40,ok
EC_GROUP_method_of,005a8010,4,8,ok
EC_METHOD_get_field_type,005a8020,4,8,ok
EC_GROUP_get0_generator,005a8030,5,8,ok
EC_GROUP_get_mont_data,005a8040,8,8,ok
EC_GROUP_get_order,005a8050,48,18,ok
EC_GROUP_get0_order,005a8090,5,8,ok
EC_GROUP_order_bits,005a80a0,6,11,ok
EC_GROUP_security_bits,005a80b0,86,17,ok
EC_GROUP_get_cofactor,005a8110,49,18,ok
EC_GROUP_get0_cofactor,005a8150,5,8,ok
EC_GROUP_set_curve_name,005a8160,14,10,ok
EC_GROUP_get_curve_name,005a8170,4,8,ok
EC_GROUP_get0_field,005a8180,5,8,ok
EC_GROUP_get_field_type,005a8190,7,8,ok
EC_GROUP_set_asn1_flag,005a81a0,4,9,ok
EC_GROUP_get_asn1_flag,005a81b0,4,8,ok
EC_GROUP_set_point_conversion_form,005a81c0,4,9,ok
EC_GROUP_get_point_conversion_form,005a81d0,4,8,ok
EC_GROUP_set_seed,005a81e0,146,27,ok
EC_GROUP_get0_seed,005a8280,5,8,ok
EC_GROUP_get_seed_len,005a8290,5,8,ok
EC_GROUP_set_curve,005a82a0,73,19,ok
EC_GROUP_get_curve,005a82f0,73,19,ok
EC_GROUP_set_curve_GFp,005a8340,73,19,ok
EC_GROUP_get_curve_GFp,005a8390,73,19,ok
EC_GROUP_set_curve_GF2m,005a83e0,73,19,ok
EC_GROUP_get_curve_GF2m,005a8430,73,19,ok
EC_GROUP_get_degree,005a8480,73,19,ok
EC_GROUP_check_discriminant,005a84d0,73,19,ok
EC_POINT_new,005a8520,241,37,ok
EC_POINT_free,005a8630,45,15,ok
EC_POINT_clear_free,005a8670,64,19,ok
EC_POINT_copy,005a86c0,174,33,ok
EC_GROUP_copy,005a8790,801,131,ok
EC_GROUP_dup,005a8af0,433,73,ok
EC_GROUP_set_generator,005a8cc0,1003,137,ok
EC_POINT_dup,005a90c0,462,63,ok
EC_POINT_method_of,005a92b0,4,8,ok
EC_POINT_set_to_infinity,005a92c0,132,28,ok
EC_POINT_set_Jprojective_coordinates_GFp,005a9360,161,26,ok
EC_POINT_get_Jprojective_coordinates_GFp,005a9410,161,26,ok
EC_POINT_add,005a94c0,224,38,ok
EC_POINT_dbl,005a95b0,183,36,ok
EC_POINT_invert,005a9680,156,30,ok
EC_POINT_is_at_infinity,005a9730,153,30,ok
EC_POINT_get_affine_coordinates,005a97e0,288,37,ok
EC_POINT_get_affine_coordinates_GFp,005a9910,288,35,ok
EC_POINT_get_affine_coordinates_GF2m,005a9a40,288,38,ok
EC_POINT_is_on_curve,005a9b70,156,30,ok
EC_POINT_set_affine_coordinates,005a9c20,259,38,ok
EC_POINT_set_affine_coordinates_GFp,005a9d40,259,36,ok
EC_POINT_set_affine_coordinates_GF2m,005a9e60,259,38,ok
EC_POINT_cmp,005a9f80,193,36,ok
EC_GROUP_cmp,005aa050,535,71,ok
EC_POINT_make_affine,005aa280,156,30,ok
EC_POINTs_make_affine,005aa330,180,36,ok
EC_POINTs_mul,005aa400,496,85,ok
EC_POINT_mul,005aa610,468,63,ok
EC_GROUP_precompute_mult,005aa7f0,38,22,ok
EC_GROUP_have_precompute_mult,005aa830,35,22,ok
EC_KEY_set_ex_data,005aa860,9,9,ok
EC_KEY_get_ex_data,005aa870,9,9,ok
ossl_ec_group_simple_order_bits,005aa880,17,14,ok
ossl_ec_group_do_inverse_ord,005aa8a0,240,39,ok
ossl_ec_point_blind_coordinates,005aa9b0,23,16,ok
EC_GROUP_get_basis_type,005aa9d0,67,17,ok
EC_GROUP_get_trinomial_basis,005aaa20,113,21,ok
EC_GROUP_get_pentanomial_basis,005aaaa0,159,30,ok
ossl_ec_group_set_params,005aab50,404,69,ok
EC_GROUP_new_from_params,005aad00,2760,336,ok
EC_GROUP_to_params,005ab800,236,40,ok
EC_ec_pre_comp_dup,005ab900,13,11,ok
EC_ec_pre_comp_free,005ab910,135,34,ok
ossl_ec_scalar_mul_ladder,005ab9b0,2148,251,ok
ossl_ec_wNAF_mul,005ac270,4030,541,ok
ossl_ec_wNAF_precompute_mult,005ad290,1504,225,ok
ossl_ec_wNAF_have_precompute_mult,005ad8b0,26,11,ok
EC_POINT_set_compressed_coordinates,005ad8d0,200,38,ok
EC_POINT_set_compressed_coordinates_GFp,005ad9b0,200,39,ok
EC_POINT_set_compressed_coordinates_GF2m,005ada90,200,38,ok
EC_POINT_point2oct,005adb70,245,49,ok
EC_POINT_oct2point,005adc80,200,38,ok
EC_POINT_point2buf,005add60,457,53,ok
ossl_ecdh_compute_key,005adf50,80,22,ok
ossl_ecdh_simple_compute_key,005adfb0,964,145,ok
ecdsa_sign_setup,005ae3c0,1543,192,ok
ossl_ecdsa_sign_setup,005aea10,80,21,ok
ossl_ecdsa_sign_sig,005aea70,80,22,ok
ossl_ecdsa_verify_sig,005aead0,80,22,ok
ossl_ecdsa_sign,005aeb30,142,34,ok
ossl_ecdsa_deterministic_sign,005aebd0,340,53,ok
ossl_ecdsa_simple_sign_setup,005aed40,28,9,ok
ossl_ecdsa_simple_sign_sig,005aed60,1737,211,ok
ossl_ecdsa_verify,005af480,253,44,ok
ossl_ecdsa_simple_verify_sig,005af590,1392,157,ok
ECDSA_do_sign,005afb30,80,22,ok
ECDSA_do_sign_ex,005afb90,73,20,ok
ECDSA_sign,005afbe0,87,19,ok
ECDSA_sign_ex,005afc40,103,21,ok
ECDSA_sign_setup,005afcb0,73,19,ok
ECDSA_do_verify,005afd00,76,20,ok
ECDSA_verify,005afd50,76,21,ok
ossl_ec_GFp_mont_group_init,005afda0,19,10,ok
ossl_ec_GFp_mont_group_finish,005afdc0,53,13,ok
ossl_ec_GFp_mont_group_clear_finish,005afe00,53,13,ok
ossl_ec_GFp_mont_group_copy,005afe40,172,40,ok
ossl_ec_GFp_mont_group_set_curve,005aff00,423,69,ok
ossl_ec_GFp_mont_field_inv,005b00c0,278,36,ok
ossl_ec_GFp_mont_field_set_to_one,005b01f0,96,17,ok
ossl_ec_GFp_mont_field_encode,005b0260,82,17,ok
ossl_ec_GFp_mont_field_mul,005b02c0,85,19,ok
ossl_ec_GFp_mont_field_sqr,005b0320,82,18,ok
ossl_ec_GFp_mont_field_decode,005b0380,82,17,ok
EC_GFp_mont_method,005b03e0,8,10,ok
ecp_nistz256group_full_init,005b03f0,2066,237,ok
ecp_nistz256_inv_mod_ord,005b0c30,833,85,ok
ecp_nistz256_is_affine_G,005b0f90,283,32,ok
ecp_nistz256_get_affine,005b10b0,1129,139,ok
ecp_nistz256_mult_precompute,005b1520,1113,137,ok
ecp_nistz256_points_mul,005b19a0,5065,541,ok
ecp_nistz256_window_have_precompute_mult,005b2da0,323,39,ok
EC_nistz256_pre_comp_dup,005b2ef0,13,11,ok
EC_nistz256_pre_comp_free,005b2f00,81,20,ok
EC_GFp_nistz256_method,005b2f70,8,8,ok
ossl_ec_GFp_simple_set_compressed_coordinates,005b2f80,1119,157,ok
ossl_ec_GFp_simple_point2oct,005b3400,980,146,ok
ossl_ec_GFp_simple_oct2point,005b3800,861,125,ok
ossl_ec_GFp_simple_group_init,005b3ba0,93,24,ok
ossl_ec_GFp_simple_group_finish,005b3c10,32,11,ok
ossl_ec_GFp_simple_point_init,005b3c30,97,24,ok
ossl_ec_GFp_simple_point_finish,005b3ca0,32,11,ok
ossl_ec_GFp_simple_group_clear_finish,005b3cc0,32,11,ok
ossl_ec_GFp_simple_point_clear_finish,005b3ce0,40,12,ok
ossl_ec_GFp_simple_group_copy,005b3d10,93,21,ok
ossl_ec_GFp_simple_point_copy,005b3d80,99,22,ok
ossl_ec_GFp_simple_group_get_degree,005b3df0,9,9,ok
ossl_ec_GFp_simple_group_set_curve,005b3e00,480,62,ok
ossl_ec_GFp_simple_group_get_curve,005b3ff0,297,60,ok
ossl_ec_GFp_simple_is_at_infinity,005b4140,9,9,ok
ossl_ec_GFp_simple_field_sqr,005b4150,18,9,ok
ossl_ec_GFp_simple_field_mul,005b4170,21,10,ok
ossl_ec_GFp_simple_group_check_discriminant,005b4190,598,72,ok
ossl_ec_GFp_simple_point_set_to_infinity,005b4400,30,10,ok
ossl_ec_GFp_simple_point_get_affine_coordinates,005b4420,854,109,ok
ossl_ec_GFp_simple_dbl,005b47a0,1282,105,ok
ossl_ec_GFp_simple_ladder_step,005b4cc0,1239,183,ok
ossl_ec_GFp_simple_ladder_pre,005b51a0,664,88,ok
ossl_ec_GFp_simple_field_inv,005b5450,308,46,ok
ossl_ec_GFp_simple_blind_coordinates,005b5590,398,64,ok
ossl_ec_GFp_simple_point_set_affine_coordinates,005b5730,128,20,ok
ossl_ec_GFp_simple_cmp,005b57c0,765,100,ok
ossl_ec_GFp_simple_add,005b5af0,1545,147,ok
ossl_ec_GFp_simple_is_on_curve,005b6110,758,83,ok
ossl_ec_GFp_simple_make_affine,005b6420,286,45,ok
ossl_ec_GFp_simple_points_make_affine,005b6560,1384,167,ok
ossl_ec_GFp_simple_ladder_post,005b6af0,1279,120,ok
ossl_ec_GFp_simple_invert,005b7010,68,19,ok
EC_GFp_simple_method,005b7060,8,10,ok
ossl_ec_GFp_simple_set_Jprojective_coordinates_GFp,005b7070,371,61,ok
ossl_ec_GFp_simple_get_Jprojective_coordinates_GFp,005b7200,362,55,ok
sk_OSSL_DECODER_INSTANCE_freefunc_thunk,005b7390,8,11,ok
decoder_sk_cmp,005b73a0,28,16,ok
decoder_process,005b73c0,1281,190,ok
collect_all_decoders,005b7900,57,18,ok
sk_OSSL_DECODER_freefunc_thunk,005b7940,8,11,ok
OSSL_DECODER_from_bio,005b7950,689,108,ok
OSSL_DECODER_from_fp,005b7c30,142,24,ok
OSSL_DECODER_from_data,005b7cd0,185,26,ok
OSSL_DECODER_CTX_set_selection,005b7da0,133,26,ok
OSSL_DECODER_CTX_set_input_type,005b7e30,133,26,ok
OSSL_DECODER_CTX_set_input_structure,005b7ec0,134,26,ok
ossl_decoder_instance_new,005b7f50,540,74,ok
ossl_decoder_instance_new_forprov,005b8190,234,45,ok
ossl_decoder_instance_free,005b8290,72,22,ok
ossl_decoder_instance_dup,005b82f0,244,54,ok
ossl_decoder_ctx_set_harderr,005b83f0,8,9,ok
ossl_decoder_ctx_get_harderr,005b8400,4,8,ok
ossl_decoder_ctx_add_decoder_inst,005b8410,128,25,ok
OSSL_DECODER_CTX_add_decoder,005b84a0,415,62,ok
OSSL_DECODER_CTX_add_extra,005b8660,1327,199,ok
OSSL_DECODER_CTX_get_num_decoders,005b8bb0,22,14,ok
OSSL_DECODER_CTX_set_construct,005b8bd0,134,26,ok
OSSL_DECODER_CTX_set_construct_data,005b8c60,134,26,ok
OSSL_DECODER_CTX_set_cleanup,005b8cf0,134,26,ok
OSSL_DECODER_CTX_get_construct,005b8d80,13,11,ok
OSSL_DECODER_CTX_get_construct_data,005b8da0,13,11,ok
OSSL_DECODER_CTX_get_cleanup,005b8dc0,13,11,ok
OSSL_DECODER_export,005b8de0,95,20,ok
OSSL_DECODER_INSTANCE_get_decoder,005b8e50,12,11,ok
OSSL_DECODER_INSTANCE_get_decoder_ctx,005b8e70,13,11,ok
OSSL_DECODER_INSTANCE_get_input_type,005b8e90,13,11,ok
OSSL_DECODER_INSTANCE_get_input_structure,005b8eb0,22,12,ok
sk_OSSL_DECODER_INSTANCE_freefunc_thunk,005b8ed0,8,11,ok
do_one,005b8ee0,9,11,ok
get_tmp_decoder_store,005b8ef0,28,15,ok
put_decoder_in_store,005b8f20,221,38,ok
get_decoder_from_store,005b9010,210,43,ok
unreserve_decoder_store,005b90f0,51,20,ok
reserve_decoder_store,005b9130,51,20,ok
ossl_decoder_up_ref,005b9170,10,9,ok
up_ref_decoder,005b9180,10,9,ok
free_decoder,005b9190,98,22,ok
destruct_decoder,005b9210,98,22,ok
ossl_decoder_free,005b9290,98,22,ok
OSSL_DECODER_up_ref,005b9310,10,9,ok
OSSL_DECODER_free,005b9320,98,22,ok
ossl_decoder_from_algorithm,005b93a0,827,149,ok
construct_decoder,005b9740,87,22,ok
OSSL_DECODER_fetch,005b97a0,1031,143,ok
ossl_decoder_store_cache_flush,005b9bd0,41,16,ok
ossl_decoder_store_remove_all_provided,005b9c00,46,17,ok
OSSL_DECODER_get0_provider,005b9c40,68,14,ok
OSSL_DECODER_get0_properties,005b9c90,73,14,ok
ossl_decoder_parsed_properties,005b9ce0,69,14,ok
ossl_decoder_get_number,005b9d30,68,14,ok
OSSL_DECODER_get0_name,005b9d80,5,8,ok
OSSL_DECODER_get0_description,005b9d90,9,8,ok
OSSL_DECODER_is_a,005b9da0,62,19,ok
ossl_decoder_fast_is_a,005b9de0,136,27,ok
OSSL_DECODER_do_all_provided,005b9e80,406,60,ok
OSSL_DECODER_names_do_all,005ba020,73,19,ok
OSSL_DECODER_gettable_params,005ba080,41,20,ok
OSSL_DECODER_get_params,005ba0c0,22,16,ok
OSSL_DECODER_settable_ctx_params,005ba0e0,41,20,ok
OSSL_DECODER_CTX_new,005ba120,22,9,ok
OSSL_DECODER_CTX_set_params,005ba140,221,41,ok
OSSL_DECODER_CTX_free,005ba230,86,22,ok
sk_EVP_KEYMGMT_freefunc_thunk,005ba290,8,11,ok
lh_DECODER_CACHE_ENTRY_hfn_thunk,005ba2a0,2,11,ok
lh_DECODER_CACHE_ENTRY_cfn_thunk,005ba2b0,2,12,ok
lh_DECODER_CACHE_ENTRY_doall_thunk,005ba2c0,2,11,ok
lh_DECODER_CACHE_ENTRY_doall_arg_thunk,005ba2d0,2,12,ok
decoder_cache_entry_hash,005ba2e0,129,31,ok
keymgmt_dup,005ba370,22,16,ok
decoder_construct_pkey,005ba390,555,93,ok
collect_keymgmt,005ba5d0,225,51,ok
collect_decoder,005ba6d0,426,75,ok
decoder_cache_entry_cmp,005ba8a0,220,81,ok
decoder_clean_pkey_construct_arg,005ba9a0,109,19,ok
decoder_cache_entry_free,005baa20,120,17,ok
OSSL_DECODER_CTX_set_passphrase,005baab0,9,9,ok
OSSL_DECODER_CTX_set_passphrase_ui,005baac0,9,9,ok
OSSL_DECODER_CTX_set_pem_password_cb,005baad0,9,9,ok
OSSL_DECODER_CTX_set_passphrase_cb,005baae0,9,9,ok
ossl_decoder_cache_new,005baaf0,172,32,ok
ossl_decoder_cache_free,005babb0,58,12,ok
ossl_decoder_cache_flush,005babf0,123,24,ok
OSSL_DECODER_CTX_new_for_pkey,005bac80,3160,382,ok
sk_OSSL_ENCODER_INSTANCE_freefunc_thunk,005bb930,8,11,ok
encoder_process,005bb940,1855,319,ok
OSSL_ENCODER_to_bio,005bc0b0,227,39,ok
OSSL_ENCODER_to_fp,005bc1b0,142,24,ok
OSSL_ENCODER_to_data,005bc250,293,56,ok
OSSL_ENCODER_CTX_set_selection,005bc390,195,27,ok
OSSL_ENCODER_CTX_set_output_type,005bc460,142,22,ok
OSSL_ENCODER_CTX_set_output_structure,005bc500,142,24,ok
ossl_encoder_instance_free,005bc5a0,72,22,ok
OSSL_ENCODER_CTX_add_encoder,005bc600,833,113,ok
OSSL_ENCODER_CTX_add_extra,005bc960,130,25,ok
OSSL_ENCODER_CTX_get_num_encoders,005bc9f0,22,14,ok
OSSL_ENCODER_CTX_set_construct,005bca10,134,26,ok
OSSL_ENCODER_CTX_set_construct_data,005bcaa0,134,26,ok
OSSL_ENCODER_CTX_set_cleanup,005bcb30,134,26,ok
OSSL_ENCODER_INSTANCE_get_encoder,005bcbc0,12,11,ok
OSSL_ENCODER_INSTANCE_get_encoder_ctx,005bcbe0,13,11,ok
OSSL_ENCODER_INSTANCE_get_output_type,005bcc00,13,11,ok
OSSL_ENCODER_INSTANCE_get_output_structure,005bcc20,13,11,ok
ossl_bio_print_labeled_bignum,005bcc40,569,99,ok
ossl_bio_print_labeled_buf,005bcea0,223,39,ok
ossl_bio_print_ffc_params,005bcf90,327,39,ok
sk_OSSL_ENCODER_INSTANCE_freefunc_thunk,005bd0f0,8,11,ok
do_one,005bd100,9,11,ok
get_tmp_encoder_store,005bd110,28,15,ok
put_encoder_in_store,005bd140,221,38,ok
get_encoder_from_store,005bd230,210,43,ok
unreserve_encoder_store,005bd310,51,20,ok
reserve_encoder_store,005bd350,51,20,ok
ossl_encoder_up_ref,005bd390,10,9,ok
up_ref_encoder,005bd3a0,10,9,ok
free_encoder,005bd3b0,98,22,ok
destruct_encoder,005bd430,98,22,ok
ossl_encoder_free,005bd4b0,98,22,ok
construct_encoder,005bd530,839,139,ok
OSSL_ENCODER_up_ref,005bd8e0,10,9,ok
OSSL_ENCODER_free,005bd8f0,98,22,ok
OSSL_ENCODER_fetch,005bd970,921,126,ok
ossl_encoder_store_cache_flush,005bdd30,41,16,ok
ossl_encoder_store_remove_all_provided,005bdd60,46,17,ok
OSSL_ENCODER_get0_provider,005bdda0,68,14,ok
OSSL_ENCODER_get0_properties,005bddf0,73,14,ok
ossl_encoder_parsed_properties,005bde40,69,14,ok
ossl_encoder_get_number,005bde90,68,14,ok
OSSL_ENCODER_get0_name,005bdee0,5,8,ok
OSSL_ENCODER_get0_description,005bdef0,9,8,ok
OSSL_ENCODER_is_a,005bdf00,62,19,ok
OSSL_ENCODER_do_all_provided,005bdf40,978,135,ok
OSSL_ENCODER_names_do_all,005be330,73,19,ok
OSSL_ENCODER_gettable_params,005be390,41,20,ok
OSSL_ENCODER_get_params,005be3d0,22,16,ok
OSSL_ENCODER_settable_ctx_params,005be3f0,41,20,ok
OSSL_ENCODER_CTX_new,005be430,22,9,ok
OSSL_ENCODER_CTX_set_params,005be450,221,41,ok
OSSL_ENCODER_CTX_ctrl_string,005be540,581,87,ok
OSSL_ENCODER_CTX_free,005be7a0,101,20,ok
sk_OPENSSL_CSTRING_freefunc_thunk,005be810,8,11,ok
encoder_destruct_pkey,005be820,67,23,ok
encoder_construct_pkey,005be870,148,40,ok
encoder_import_cb,005be910,75,16,ok
collect_encoder,005be960,227,43,ok
collect_name,005bea60,40,18,ok
OSSL_ENCODER_CTX_set_cipher,005bea90,157,54,ok
OSSL_ENCODER_CTX_set_passphrase,005beb30,9,9,ok
OSSL_ENCODER_CTX_set_passphrase_ui,005beb40,9,9,ok
OSSL_ENCODER_CTX_set_pem_password_cb,005beb50,9,9,ok
OSSL_ENCODER_CTX_set_passphrase_cb,005beb60,9,9,ok
OSSL_ENCODER_CTX_new_for_pkey,005beb70,1250,155,ok
lh_ERR_STRING_DATA_hash_thunk,005bf080,2,11,ok
lh_ERR_STRING_DATA_comp_thunk,005bf090,2,12,ok
lh_ERR_STRING_DATA_doall_thunk,005bf0a0,2,11,ok
lh_ERR_STRING_DATA_doall_arg_thunk,005bf0b0,2,12,ok
err_string_data_hash,005bf0c0,72,16,ok
err_string_data_cmp,005bf110,25,14,ok
do_err_strings_init_ossl_,005bf130,150,26,ok
OSSL_ERR_STATE_free.part.0,005bf1d0,225,31,ok
err_delete_thread_state,005bf2c0,52,16,ok
OSSL_ERR_STATE_free,005bf300,11,12,ok
err_cleanup,005bf320,55,12,ok
ossl_err_load_ERR_strings,005bf360,168,38,ok
ERR_load_strings,005bf410,291,52,ok
ERR_load_strings_const,005bf540,242,45,ok
ERR_unload_strings,005bf650,103,19,ok
err_free_strings_int,005bf6d0,1,8,ok
ERR_lib_error_string,005bf6e0,135,27,ok
ERR_func_error_string,005bf770,3,8,ok
ERR_reason_error_string,005bf780,207,32,ok
ossl_err_string_int.part.0,005bf850,424,62,ok
ossl_err_string_int,005bfa10,11,14,ok
ERR_error_string_n,005bfa30,24,12,ok
ERR_error_string,005bfa60,43,15,ok
ossl_err_get_state_int,005bfa90,240,39,ok
ERR_clear_error,005bfb90,247,44,ok
ERR_get_error_all,005bfc90,912,148,ok
ERR_peek_last_error,005c0050,545,93,ok
ERR_peek_error,005c0290,545,92,ok
ERR_peek_last_error_func,005c04d0,607,102,ok
ERR_peek_error_func,005c0750,607,101,ok
ERR_peek_last_error_line,005c09d0,609,106,ok
ERR_peek_last_error_data,005c0c50,675,118,ok
ERR_peek_error_line,005c0f20,609,105,ok
ERR_get_error,005c11a0,651,108,ok
ERR_peek_error_data,005c1440,675,117,ok
ERR_peek_last_error_line_data,005c1710,757,130,ok
ERR_get_error_line,005c1a30,718,117,ok
ERR_peek_error_line_data,005c1d20,757,129,ok
ERR_peek_last_error_all,005c2040,820,140,ok
ERR_peek_error_all,005c23a0,816,138,ok
ERR_get_error_line_data,005c2700,849,140,ok
err_shelve_state,005c2a80,99,25,ok
err_unshelve_state,005c2af0,25,12,ok
ERR_get_next_error_library,005c2b20,87,23,ok
ERR_set_error_data,005c2b80,298,49,ok
ERR_add_error_vdata,005c2cc0,542,120,ok
ERR_add_error_data,005c2f00,148,61,ok
err_clear_last_constant_time,005c2fa0,243,45,ok
ERR_new,005c30a0,276,45,ok
ERR_set_debug,005c31c0,267,45,ok
ERR_set_error,005c32e0,768,142,ok
ERR_vset_error,005c3600,645,105,ok
ERR_set_mark,005c38a0,57,25,ok
ERR_pop,005c38e0,281,51,ok
ERR_pop_to_mark,005c3a10,347,75,ok
ERR_count_to_mark,005c3b70,118,49,ok
ERR_clear_last_mark,005c3c00,116,42,ok
print_bio,005c3c80,16,9,ok
ERR_print_errors_cb,005c3c90,391,57,ok
ERR_add_error_txt,005c3e20,813,137,ok
ERR_add_error_mem_bio,005c4160,141,29,ok
ERR_print_errors,005c4200,15,9,ok
ERR_print_errors_fp,005c4210,42,16,ok
OSSL_ERR_STATE_new,005c4280,14,9,ok
OSSL_ERR_STATE_save,005c4290,335,61,ok
OSSL_ERR_STATE_save_to_mark,005c43f0,1185,160,ok
OSSL_ERR_STATE_restore,005c48b0,1031,130,ok
ESS_ISSUER_SERIAL_it,005c4ce0,8,8,ok
ESS_CERT_ID_it,005c4cf0,8,8,ok
ESS_CERT_ID_V2_it,005c4d00,8,8,ok
d2i_ESS_ISSUER_SERIAL,005c4d10,12,9,ok
i2d_ESS_ISSUER_SERIAL,005c4d20,12,9,ok
ESS_ISSUER_SERIAL_new,005c4d30,12,9,ok
ESS_ISSUER_SERIAL_free,005c4d40,12,9,ok
ESS_ISSUER_SERIAL_dup,005c4d50,15,9,ok
d2i_ESS_CERT_ID,005c4d60,12,9,ok
i2d_ESS_CERT_ID,005c4d70,12,9,ok
ESS_CERT_ID_new,005c4d80,12,9,ok
ESS_CERT_ID_free,005c4d90,12,9,ok
ESS_CERT_ID_dup,005c4da0,15,9,ok
ESS_SIGNING_CERT_it,005c4db0,8,8,ok
d2i_ESS_SIGNING_CERT,005c4dc0,12,9,ok
i2d_ESS_SIGNING_CERT,005c4dd0,12,9,ok
ESS_SIGNING_CERT_new,005c4de0,12,9,ok
ESS_SIGNING_CERT_free,005c4df0,12,9,ok
ESS_SIGNING_CERT_dup,005c4e00,15,9,ok
d2i_ESS_CERT_ID_V2,005c4e10,12,9,ok
i2d_ESS_CERT_ID_V2,005c4e20,12,9,ok
ESS_CERT_ID_V2_new,005c4e30,12,9,ok
ESS_CERT_ID_V2_free,005c4e40,12,9,ok
ESS_CERT_ID_V2_dup,005c4e50,15,9,ok
ESS_SIGNING_CERT_V2_it,005c4e60,8,8,ok
d2i_ESS_SIGNING_CERT_V2,005c4e70,12,9,ok
i2d_ESS_SIGNING_CERT_V2,005c4e80,12,9,ok
ESS_SIGNING_CERT_V2_new,005c4e90,12,9,ok
ESS_SIGNING_CERT_V2_free,005c4ea0,12,9,ok
ESS_SIGNING_CERT_V2_dup,005c4eb0,15,9,ok
sk_ESS_CERT_ID_freefunc_thunk,005c4ec0,8,11,ok
ESS_CERT_ID_new_init,005c4ed0,615,98,ok
ESS_CERT_ID_V2_new_init,005c5160,801,120,ok
ess_issuer_serial_cmp,005c54b0,111,29,ok
OSSL_ESS_signing_cert_new_init,005c5530,475,69,ok
OSSL_ESS_signing_cert_v2_new_init,005c5730,361,64,ok
OSSL_ESS_check_signing_certs_ex,005c58c0,1324,165,ok
OSSL_ESS_check_signing_certs,005c5e20,13,9,ok
evp_asym_cipher_up_ref,005c5e30,10,9,ok
evp_asym_cipher_free,005c5e40,90,21,ok
evp_pkey_asym_cipher_init,005c5eb0,1230,176,ok
evp_asym_cipher_from_algorithm,005c63a0,900,155,ok
EVP_PKEY_encrypt_init,005c6780,12,11,ok
EVP_PKEY_encrypt_init_ex,005c6790,13,9,ok
EVP_PKEY_encrypt,005c67a0,358,51,ok
EVP_PKEY_decrypt_init,005c6910,12,11,ok
EVP_PKEY_decrypt_init_ex,005c6920,13,9,ok
EVP_PKEY_decrypt,005c6930,358,51,ok
evp_pkey_decrypt_alloc,005c6aa0,548,71,ok
EVP_ASYM_CIPHER_free,005c6ce0,90,21,ok
EVP_ASYM_CIPHER_up_ref,005c6d50,10,9,ok
EVP_ASYM_CIPHER_get0_provider,005c6d60,5,8,ok
EVP_ASYM_CIPHER_fetch,005c6d70,47,10,ok
evp_asym_cipher_fetch_from_prov,005c6da0,47,11,ok
EVP_ASYM_CIPHER_is_a,005c6dd0,16,9,ok
evp_asym_cipher_get_number,005c6de0,3,8,ok
EVP_ASYM_CIPHER_get0_name,005c6df0,5,8,ok
EVP_ASYM_CIPHER_get0_description,005c6e00,5,8,ok
EVP_ASYM_CIPHER_do_all_provided,005c6e10,47,10,ok
EVP_ASYM_CIPHER_names_do_all,005c6e40,33,14,ok
EVP_ASYM_CIPHER_gettable_ctx_params,005c6e70,44,20,ok
EVP_ASYM_CIPHER_settable_ctx_params,005c6eb0,44,20,ok
b64_callback_ctrl,005c6f00,49,16,ok
b64_free,005c6f40,138,23,ok
b64_new,005c6fe0,141,27,ok
b64_read,005c7080,2058,368,ok
b64_write,005c78d0,755,116,ok
b64_ctrl,005c7bf0,609,89,ok
b64_puts,005c7e90,59,16,ok
BIO_f_base64,005c7ed0,8,10,ok
enc_callback_ctrl,005c7ee0,49,16,ok
enc_free,005c7f20,98,20,ok
enc_new,005c7f90,142,26,ok
enc_read,005c8030,798,148,ok
enc_write,005c8370,434,67,ok
enc_ctrl,005c8550,669,119,ok
BIO_f_cipher,005c8820,8,10,ok
BIO_set_cipher,005c8830,419,57,ok
md_callback_ctrl,005c89f0,49,16,ok
md_new,005c8a30,60,15,ok
md_ctrl,005c8a70,537,98,ok
md_gets,005c8cc0,86,23,ok
md_read,005c8d20,160,28,ok
md_write,005c8dd0,191,36,ok
md_free,005c8ea0,52,17,ok
BIO_f_md,005c8ee0,8,10,ok
EVP_PKEY_CTX_set_dh_paramgen_gindex,005c8ef0,238,62,ok
EVP_PKEY_CTX_set_dh_paramgen_seed,005c8ff0,236,60,ok
EVP_PKEY_CTX_set_dh_paramgen_type,005c90f0,26,9,ok
EVP_PKEY_CTX_set_dh_paramgen_prime_len,005c9110,246,62,ok
EVP_PKEY_CTX_set_dh_paramgen_subprime_len,005c9220,246,62,ok
EVP_PKEY_CTX_set_dh_paramgen_generator,005c9330,242,62,ok
EVP_PKEY_CTX_set_dh_rfc5114,005c9430,26,9,ok
EVP_PKEY_CTX_set_dhx_rfc5114,005c9450,26,9,ok
EVP_PKEY_CTX_set_dh_nid,005c9470,26,9,ok
EVP_PKEY_CTX_set_dh_pad,005c9490,198,58,ok
EVP_PKEY_CTX_set_dh_kdf_type,005c9560,26,9,ok
EVP_PKEY_CTX_get_dh_kdf_type,005c9580,29,9,ok
EVP_PKEY_CTX_set0_dh_kdf_oid,005c95a0,26,9,ok
EVP_PKEY_CTX_get0_dh_kdf_oid,005c95c0,26,9,ok
EVP_PKEY_CTX_set_dh_kdf_md,005c95e0,26,9,ok
EVP_PKEY_CTX_get_dh_kdf_md,005c9600,26,9,ok
EVP_PKEY_CTX_set_dh_kdf_outlen,005c9620,321,70,ok
EVP_PKEY_CTX_get_dh_kdf_outlen,005c9780,340,71,ok
EVP_PKEY_CTX_set0_dh_kdf_ukm,005c98f0,334,76,ok
EVP_PKEY_CTX_get0_dh_kdf_ukm,005c9a60,316,69,ok
set_legacy_nid,005c9bb0,54,20,ok
evp_md_up_ref,005c9bf0,17,11,ok
evp_md_free,005c9c10,97,21,ok
evp_md_ctx_reset_ex.part.0.constprop.0,005c9c90,209,35,ok
evp_md_from_algorithm,005c9d70,1538,272,ok
evp_md_init_internal,005ca3b0,778,140,ok
evp_md_ctx_clear_digest,005ca6f0,182,35,ok
EVP_MD_CTX_reset,005ca7b0,239,43,ok
evp_md_ctx_new_ex,005ca8c0,287,38,ok
EVP_MD_CTX_new,005ca9f0,22,9,ok
EVP_MD_CTX_free,005caa10,248,44,ok
evp_md_ctx_free_algctx,005cab20,100,23,ok
EVP_DigestInit_ex2,005cab90,5,139,ok
EVP_DigestInit,005caba0,267,43,ok
EVP_DigestInit_ex,005cacc0,13,14,ok
EVP_DigestUpdate,005cace0,258,58,ok
EVP_DigestFinal,005cae10,495,76,ok
EVP_DigestFinal_ex,005cb030,257,46,ok
EVP_DigestSqueeze,005cb150,216,33,ok
EVP_MD_CTX_serialize,005cb240,264,38,ok
EVP_MD_CTX_deserialize,005cb370,264,38,ok
EVP_MD_CTX_dup,005cb4a0,804,159,ok
EVP_MD_CTX_copy_ex,005cb800,797,150,ok
EVP_MD_CTX_copy,005cbb50,265,43,ok
EVP_Digest,005cbc70,406,52,ok
EVP_Q_digest,005cbe20,228,30,ok
EVP_MD_get_params,005cbf10,25,16,ok
EVP_MD_gettable_params,005cbf40,47,23,ok
EVP_MD_CTX_set_params,005cbf80,82,30,ok
EVP_DigestFinalXOF,005cbfe0,391,85,ok
EVP_MD_settable_ctx_params,005cc180,54,21,ok
EVP_MD_CTX_settable_params,005cc1c0,119,32,ok
EVP_MD_CTX_get_params,005cc250,82,30,ok
EVP_MD_gettable_ctx_params,005cc2b0,54,21,ok
EVP_MD_CTX_gettable_params,005cc2f0,124,34,ok
EVP_MD_CTX_ctrl,005cc380,394,61,ok
evp_md_new,005cc520,43,14,ok
EVP_MD_fetch,005cc550,47,9,ok
EVP_MD_up_ref,005cc580,17,11,ok
EVP_MD_free,005cc5a0,97,21,ok
EVP_MD_do_all_provided,005cc620,47,9,ok
evp_digest_fetch_from_prov,005cc650,47,10,ok
ossl_hmac2mdnid,005cc680,266,58,ok
ossl_md2hmacnid,005cc790,265,58,ok
EVP_PKEY_CTX_set_dsa_paramgen_type,005cc8a0,211,59,ok
EVP_PKEY_CTX_set_dsa_paramgen_gindex,005cc980,218,61,ok
EVP_PKEY_CTX_set_dsa_paramgen_seed,005cca70,212,59,ok
EVP_PKEY_CTX_set_dsa_paramgen_bits,005ccb60,222,61,ok
EVP_PKEY_CTX_set_dsa_paramgen_q_bits,005ccc50,222,61,ok
EVP_PKEY_CTX_set_dsa_paramgen_md_props,005ccd40,299,73,ok
EVP_PKEY_CTX_set_dsa_paramgen_md,005cce80,26,9,ok
EVP_aes_128_cbc,005ccea0,8,10,ok
EVP_aes_128_ecb,005cceb0,8,10,ok
EVP_aes_128_ofb,005ccec0,8,10,ok
EVP_aes_128_cfb128,005cced0,8,10,ok
EVP_aes_128_cfb1,005ccee0,8,10,ok
EVP_aes_128_cfb8,005ccef0,8,10,ok
EVP_aes_128_ctr,005ccf00,8,10,ok
EVP_aes_192_cbc,005ccf10,8,10,ok
EVP_aes_192_ecb,005ccf20,8,10,ok
EVP_aes_192_ofb,005ccf30,8,10,ok
EVP_aes_192_cfb128,005ccf40,8,10,ok
EVP_aes_192_cfb1,005ccf50,8,10,ok
EVP_aes_192_cfb8,005ccf60,8,10,ok
EVP_aes_192_ctr,005ccf70,8,10,ok
EVP_aes_256_cbc,005ccf80,8,10,ok
EVP_aes_256_ecb,005ccf90,8,10,ok
EVP_aes_256_ofb,005ccfa0,8,10,ok
EVP_aes_256_cfb128,005ccfb0,8,10,ok
EVP_aes_256_cfb1,005ccfc0,8,10,ok
EVP_aes_256_cfb8,005ccfd0,8,10,ok
EVP_aes_256_ctr,005ccfe0,8,10,ok
EVP_aes_128_gcm,005ccff0,8,10,ok
EVP_aes_192_gcm,005cd000,8,10,ok
EVP_aes_256_gcm,005cd010,8,10,ok
EVP_aes_128_xts,005cd020,8,10,ok
EVP_aes_256_xts,005cd030,8,10,ok
EVP_aes_128_ccm,005cd040,8,10,ok
EVP_aes_192_ccm,005cd050,8,10,ok
EVP_aes_256_ccm,005cd060,8,10,ok
EVP_aes_128_wrap,005cd070,8,8,ok
EVP_aes_192_wrap,005cd080,8,8,ok
EVP_aes_256_wrap,005cd090,8,8,ok
EVP_aes_128_wrap_pad,005cd0a0,8,8,ok
EVP_aes_192_wrap_pad,005cd0b0,8,8,ok
EVP_aes_256_wrap_pad,005cd0c0,8,8,ok
EVP_aes_128_ocb,005cd0d0,8,8,ok
EVP_aes_192_ocb,005cd0e0,8,8,ok
EVP_aes_256_ocb,005cd0f0,8,8,ok
EVP_des_ede_cbc,005cd100,8,10,ok
EVP_des_ede_cfb64,005cd110,8,10,ok
EVP_des_ede_ofb,005cd120,8,10,ok
EVP_des_ede_ecb,005cd130,8,10,ok
EVP_des_ede3_cbc,005cd140,8,10,ok
EVP_des_ede3_cfb64,005cd150,8,10,ok
EVP_des_ede3_ofb,005cd160,8,10,ok
EVP_des_ede3_ecb,005cd170,8,10,ok
EVP_des_ede3_cfb1,005cd180,8,10,ok
EVP_des_ede3_cfb8,005cd190,8,10,ok
EVP_des_ede,005cd1a0,8,10,ok
EVP_des_ede3,005cd1b0,8,10,ok
EVP_des_ede3_wrap,005cd1c0,8,8,ok
OSSL_EC_curve_nid2name,005cd1e0,52,22,ok
ossl_ec_curve_name2nid,005cd230,577,116,ok
ossl_ec_curve_nid2nist_int,005cd480,287,58,ok
ossl_ec_curve_nist2nid_int,005cd5a0,464,100,ok
evp_decodeblock_int,005cd770,588,130,ok
EVP_ENCODE_CTX_new,005cd9d0,22,9,ok
EVP_ENCODE_CTX_free,005cd9f0,17,9,ok
EVP_ENCODE_CTX_copy,005cda10,58,54,ok
EVP_ENCODE_CTX_num,005cda50,3,8,ok
evp_encode_ctx_set_flags,005cda60,4,9,ok
EVP_EncodeInit,005cda70,15,10,ok
EVP_EncodeUpdate,005cda80,586,105,ok
EVP_EncodeFinal,005cdd00,102,26,ok
EVP_EncodeBlock,005cdd70,72,17,ok
EVP_DecodeInit,005cddc0,15,10,ok
EVP_DecodeUpdate,005cddd0,1142,247,ok
EVP_DecodeBlock,005ce270,18,11,ok
EVP_DecodeFinal,005ce290,63,20,ok
set_legacy_nid,005ce2e0,54,20,ok
evp_cipher_up_ref,005ce320,17,11,ok
evp_cipher_free,005ce340,97,21,ok
evp_cipher_from_algorithm,005ce3c0,1291,208,ok
EVP_CIPHER_CTX_reset,005ce920,224,45,ok
EVP_CIPHER_CTX_new,005cea10,43,16,ok
EVP_CIPHER_CTX_free,005cea40,249,46,ok
EVP_CipherInit_SKEY,005ceb50,1349,242,ok
EVP_CipherUpdate,005cf0f0,982,126,ok
EVP_CipherPipelineUpdate,005cf510,353,54,ok
EVP_CipherPipelineFinal,005cf690,332,53,ok
ossl_is_partially_overlapping,005cf800,45,9,ok
EVP_EncryptUpdate,005cf830,450,65,ok
EVP_EncryptFinal,005cfa20,403,61,ok
EVP_EncryptFinal_ex,005cfbe0,403,61,ok
EVP_CipherFinal_ex,005cfda0,430,65,ok
EVP_DecryptUpdate,005cff70,512,69,ok
EVP_DecryptFinal,005d0190,408,61,ok
EVP_DecryptFinal_ex,005d0350,408,61,ok
EVP_CipherFinal,005d0510,434,67,ok
EVP_CIPHER_CTX_set_key_length,005d06e0,399,67,ok
EVP_CIPHER_CTX_set_padding,005d0880,187,36,ok
EVP_CIPHER_CTX_ctrl,005d0940,1882,336,ok
EVP_CIPHER_get_params,005d1120,25,16,ok
EVP_CIPHER_CTX_set_params,005d1150,150,34,ok
evp_cipher_init_internal,005d11f0,1502,252,ok
EVP_CipherInit_ex2,005d1810,19,9,ok
EVP_EncryptInit_ex2,005d1830,25,9,ok
EVP_DecryptInit_ex2,005d1850,22,9,ok
EVP_CipherInit,005d1870,302,47,ok
EVP_CipherInit_ex,005d19a0,36,15,ok
EVP_EncryptInit_ex,005d19d0,39,14,ok
EVP_DecryptInit_ex,005d1a00,36,14,ok
EVP_CipherPipelineEncryptInit,005d1a30,254,35,ok
EVP_CipherPipelineDecryptInit,005d1b40,251,35,ok
EVP_EncryptInit,005d1c50,292,42,ok
EVP_DecryptInit,005d1d80,289,42,ok
EVP_CIPHER_CTX_get_params,005d1eb0,32,18,ok
EVP_CIPHER_gettable_params,005d1ee0,47,23,ok
EVP_CIPHER_settable_ctx_params,005d1f20,54,21,ok
EVP_CIPHER_gettable_ctx_params,005d1f60,54,21,ok
EVP_CIPHER_CTX_settable_params,005d1fa0,65,21,ok
EVP_CIPHER_CTX_gettable_params,005d1ff0,65,21,ok
EVP_CIPHER_CTX_rand_key,005d2040,101,24,ok
EVP_CIPHER_CTX_dup,005d20b0,459,134,ok
EVP_CIPHER_CTX_copy,005d2290,421,133,ok
evp_cipher_new,005d2450,43,14,ok
EVP_CIPHER_fetch,005d2480,47,10,ok
evp_cipher_fetch_from_prov,005d24b0,47,10,ok
EVP_CIPHER_can_pipeline,005d24e0,62,24,ok
EVP_CIPHER_up_ref,005d2530,17,11,ok
evp_cipher_free_int,005d2550,64,11,ok
EVP_CIPHER_free,005d2590,97,21,ok
EVP_CIPHER_do_all_provided,005d2610,47,10,ok
destruct_evp_method,005d2640,3,11,ok
construct_evp_method,005d2650,92,23,ok
get_tmp_evp_method_store,005d26c0,28,15,ok
put_evp_method_in_store,005d26f0,247,36,ok
get_evp_method_from_store,005d27f0,242,47,ok
unreserve_evp_method_store,005d28f0,48,20,ok
reserve_evp_method_store,005d2930,48,20,ok
evp_set_parsed_default_properties,005d2970,400,58,ok
filter_on_operation_id,005d2b20,25,14,ok
evp_generic_fetch,005d2b40,1402,179,ok
evp_generic_fetch_from_prov,005d30f0,1401,180,ok
evp_method_store_cache_flush,005d36a0,38,16,ok
evp_method_store_remove_all_provided,005d36d0,43,17,ok
evp_set_default_properties_int,005d3700,148,21,ok
EVP_set_default_properties,005d37a0,135,20,ok
EVP_default_properties_is_fips_enabled,005d3840,50,18,ok
evp_default_properties_enable_fips_int,005d3880,300,57,ok
EVP_default_properties_enable_fips,005d39d0,301,57,ok
evp_get_global_properties_str,005d3b20,285,36,ok
EVP_get1_default_properties,005d3c50,295,38,ok
evp_generic_do_all,005d3d80,1378,195,ok
evp_is_a,005d4310,91,17,ok
evp_names_do_all,005d4370,45,13,ok
EVP_set_pw_prompt,005d43c0,49,14,ok
EVP_get_pw_prompt,005d4400,21,16,ok
EVP_read_pw_string_min,005d4420,224,35,ok
EVP_read_pw_string,005d4510,15,11,ok
EVP_BytesToKey,005d4520,763,123,ok
EVP_CIPHER_get_asn1_iv,005d4860,354,85,ok
EVP_CIPHER_set_asn1_iv,005d49e0,460,98,ok
evp_cipher_get_asn1_aead_params,005d4bc0,224,63,ok
evp_cipher_set_asn1_aead_params,005d4cc0,27,16,ok
EVP_CIPHER_get_type,005d4cf0,280,73,ok
evp_cipher_cache_constants,005d4e50,966,245,ok
EVP_CIPHER_get_block_size,005d5220,11,14,ok
EVP_CIPHER_CTX_get_block_size,005d5230,19,14,ok
EVP_CIPHER_impl_ctx_size,005d5250,3,8,ok
EVP_Cipher,005d5260,196,49,ok
EVP_CIPHER_CTX_cipher,005d5340,12,11,ok
EVP_CIPHER_CTX_get0_cipher,005d5360,12,11,ok
EVP_CIPHER_CTX_get1_cipher,005d5380,38,17,ok
EVP_CIPHER_CTX_is_encrypting,005d53b0,4,8,ok
EVP_CIPHER_get_flags,005d53c0,12,14,ok
EVP_CIPHER_CTX_get_app_data,005d53d0,5,8,ok
EVP_CIPHER_CTX_set_app_data,005d53e0,5,9,ok
EVP_CIPHER_CTX_get_cipher_data,005d53f0,5,8,ok
EVP_CIPHER_CTX_set_cipher_data,005d5400,9,12,ok
EVP_CIPHER_get_iv_length,005d5410,11,14,ok
EVP_CIPHER_CTX_get_iv_length,005d5420,270,62,ok
EVP_CIPHER_CTX_get_tag_length,005d5540,145,31,ok
EVP_CIPHER_CTX_original_iv,005d55e0,150,32,ok
EVP_CIPHER_CTX_iv,005d5680,150,32,ok
EVP_CIPHER_CTX_iv_noconst,005d5720,150,32,ok
EVP_CIPHER_CTX_get_updated_iv,005d57c0,123,25,ok
EVP_CIPHER_CTX_get_original_iv,005d5840,123,25,ok
EVP_CIPHER_CTX_buf_noconst,005d58c0,5,8,ok
EVP_CIPHER_CTX_get_num,005d58d0,145,32,ok
EVP_CIPHER_CTX_set_num,005d5970,146,30,ok
EVP_CIPHER_get_key_length,005d5a10,4,8,ok
EVP_CIPHER_CTX_get_key_length,005d5a20,207,41,ok
EVP_CIPHER_get_nid,005d5b00,10,14,ok
EVP_CIPHER_CTX_get_nid,005d5b10,13,14,ok
EVP_CIPHER_is_a,005d5b20,88,24,ok
evp_cipher_get_number,005d5b90,4,8,ok
EVP_CIPHER_get0_name,005d5ba0,17,12,ok
EVP_CIPHER_get0_description,005d5bc0,17,12,ok
EVP_CIPHER_names_do_all,005d5be0,34,15,ok
EVP_CIPHER_get0_provider,005d5c10,5,8,ok
EVP_CIPHER_get_mode,005d5c20,17,14,ok
EVP_MD_is_a,005d5c40,88,24,ok
evp_md_get_number,005d5cb0,4,8,ok
EVP_MD_get0_description,005d5cc0,17,12,ok
EVP_MD_get0_name,005d5ce0,25,17,ok
EVP_MD_names_do_all,005d5d10,34,15,ok
EVP_MD_get0_provider,005d5d40,5,8,ok
EVP_MD_get_type,005d5d50,3,8,ok
EVP_MD_get_pkey_type,005d5d60,4,8,ok
EVP_MD_get_block_size,005d5d70,71,14,ok
EVP_MD_get_size,005d5dc0,71,14,ok
EVP_MD_xof,005d5e10,17,14,ok
EVP_MD_get_flags,005d5e30,5,8,ok
EVP_MD_CTX_md,005d5e40,12,11,ok
EVP_MD_CTX_get0_md,005d5e60,12,11,ok
EVP_MD_CTX_get1_md,005d5e80,38,17,ok
EVP_MD_CTX_get_size_ex,005d5eb0,276,49,ok
EVP_MD_CTX_get_pkey_ctx,005d5fd0,5,8,ok
EVP_MD_CTX_set_pkey_ctx,005d5fe0,67,22,ok
EVP_MD_CTX_get0_md_data,005d6030,3,8,ok
EVP_MD_CTX_set_flags,005d6040,8,9,ok
EVP_MD_CTX_clear_flags,005d6050,10,9,ok
EVP_MD_CTX_test_flags,005d6060,6,8,ok
EVP_CIPHER_CTX_set_flags,005d6070,147,34,ok
EVP_CIPHER_CTX_clear_flags,005d6110,149,34,ok
EVP_CIPHER_CTX_test_flags,005d61b0,6,8,ok
EVP_PKEY_CTX_set_group_name,005d61c0,188,36,ok
EVP_PKEY_CTX_get_group_name,005d6280,194,40,ok
EVP_PKEY_Q_keygen,005d6350,429,95,ok
EVP_CIPHER_CTX_set_algor_params,005d6510,271,73,ok
evp_cipher_asn1_to_param_ex,005d6630,639,116,ok
EVP_CIPHER_asn1_to_param,005d68d0,381,62,ok
EVP_CIPHER_CTX_get_algor_params,005d6a60,698,118,ok
evp_cipher_param_to_asn1_ex,005d6d30,412,82,ok
EVP_CIPHER_param_to_asn1,005d6f00,383,73,ok
EVP_CIPHER_CTX_get_algor,005d70a0,463,92,ok
EVP_PKEY_CTX_set_algor_params,005d7280,201,58,ok
EVP_PKEY_CTX_get_algor_params,005d7350,453,86,ok
EVP_PKEY_CTX_get_algor,005d7520,463,92,ok
sk_EVP_PBE_CTL_freefunc_thunk,005d7700,8,11,ok
sk_EVP_PBE_CTL_cmpfunc_thunk,005d7710,11,11,ok
pbe2_cmp_BSEARCH_CMP_FN,005d7720,13,14,ok
pbe_cmp,005d7730,19,14,ok
free_evp_pbe_ctl,005d7750,17,9,ok
EVP_PBE_CipherInit_ex,005d7770,715,102,ok
EVP_PBE_CipherInit,005d7a70,18,12,ok
EVP_PBE_alg_add_type,005d7a90,332,43,ok
EVP_PBE_alg_add,005d7bf0,374,55,ok
EVP_PBE_find_ex,005d7d70,218,43,ok
EVP_PBE_find,005d7e60,195,38,ok
EVP_PBE_cleanup,005d7f30,54,15,ok
EVP_PBE_get,005d7f70,48,17,ok
evp_pkcs82pkey_legacy,005d7fb0,425,60,ok
EVP_PKCS82PKEY_ex,005d8170,407,64,ok
EVP_PKCS82PKEY,005d8310,397,63,ok
EVP_PKEY2PKCS8,005d84b0,459,64,ok
EVP_PKEY_get_attr_count,005d8690,9,11,ok
EVP_PKEY_get_attr_by_NID,005d86a0,9,11,ok
EVP_PKEY_get_attr_by_OBJ,005d86b0,9,11,ok
EVP_PKEY_get_attr,005d86c0,9,11,ok
EVP_PKEY_delete_attr,005d86d0,9,11,ok
EVP_PKEY_add1_attr,005d86e0,27,11,ok
EVP_PKEY_add1_attr_by_OBJ,005d8700,27,11,ok
EVP_PKEY_add1_attr_by_NID,005d8720,27,11,ok
EVP_PKEY_add1_attr_by_txt,005d8740,27,11,ok
EVP_PKEY_get0_type_name,005d8760,76,21,ok
EVP_PKEY_get0_provider,005d87c0,17,14,ok
EVP_PKEY_type,005d87e0,25,16,ok
evp_rand_up_ref,005d8800,15,11,ok
evp_rand_generate_locked,005d8810,379,61,ok
evp_rand_free,005d89a0,89,21,ok
evp_rand_from_algorithm,005d8a10,1433,227,ok
EVP_RAND_enable_locking,005d9000,77,19,ok
EVP_RAND_fetch,005d9060,47,10,ok
EVP_RAND_up_ref,005d9090,15,11,ok
EVP_RAND_free,005d90a0,89,21,ok
evp_rand_get_number,005d9110,4,8,ok
EVP_RAND_get0_name,005d9120,5,8,ok
EVP_RAND_get0_description,005d9130,5,8,ok
EVP_RAND_is_a,005d9140,43,14,ok
EVP_RAND_get0_provider,005d9180,4,8,ok
EVP_RAND_get_params,005d9190,23,16,ok
EVP_RAND_CTX_up_ref,005d91b0,10,9,ok
EVP_RAND_CTX_free,005d91c0,165,34,ok
EVP_RAND_CTX_new,005d9270,305,51,ok
EVP_RAND_CTX_get0_rand,005d93b0,4,8,ok
EVP_RAND_CTX_get_params,005d93c0,77,24,ok
EVP_RAND_CTX_set_params,005d9410,90,28,ok
EVP_RAND_gettable_params,005d9470,34,19,ok
EVP_RAND_gettable_ctx_params,005d94a0,40,17,ok
EVP_RAND_settable_ctx_params,005d94d0,40,17,ok
EVP_RAND_CTX_gettable_params,005d9500,48,17,ok
EVP_RAND_CTX_settable_params,005d9540,48,17,ok
EVP_RAND_do_all_provided,005d9580,47,10,ok
EVP_RAND_names_do_all,005d95b0,33,14,ok
EVP_RAND_instantiate,005d95e0,122,27,ok
EVP_RAND_uninstantiate,005d9660,72,24,ok
EVP_RAND_generate,005d96b0,130,21,ok
EVP_RAND_reseed,005d9740,136,30,ok
EVP_RAND_get_strength,005d97d0,189,39,ok
EVP_RAND_nonce,005d9890,367,54,ok
EVP_RAND_get_state,005d9a10,188,41,ok
EVP_RAND_verify_zeroization,005d9ad0,85,28,ok
evp_rand_can_seed,005d9b30,18,8,ok
evp_rand_get_seed,005d9b50,147,32,ok
evp_rand_clear_seed,005d9bf0,89,29,ok
evp_do_ciph_getparams,005d9c50,97,25,ok
evp_do_ciph_ctx_getparams,005d9cc0,100,25,ok
evp_do_ciph_ctx_setparams,005d9d30,100,25,ok
evp_do_md_getparams,005d9da0,97,25,ok
evp_do_md_ctx_getparams,005d9e10,100,25,ok
evp_do_md_ctx_setparams,005d9e80,100,25,ok
evp_keyexch_up_ref,005d9ef0,10,9,ok
evp_keyexch_free,005d9f00,90,21,ok
evp_keyexch_from_algorithm,005d9f70,860,150,ok
EVP_KEYEXCH_free,005da310,90,21,ok
EVP_KEYEXCH_up_ref,005da380,10,9,ok
EVP_KEYEXCH_get0_provider,005da390,5,8,ok
EVP_KEYEXCH_fetch,005da3a0,47,10,ok
evp_keyexch_fetch_from_prov,005da3d0,47,11,ok
EVP_PKEY_derive_init_ex,005da400,1113,160,ok
EVP_PKEY_derive_init,005da880,7,11,ok
EVP_PKEY_derive_set_peer_ex,005da890,540,83,ok
EVP_PKEY_derive_set_peer,005daac0,535,83,ok
EVP_PKEY_derive,005dace0,224,39,ok
EVP_PKEY_derive_SKEY,005dadc0,971,129,ok
evp_keyexch_get_number,005db1b0,3,8,ok
EVP_KEYEXCH_get0_name,005db1c0,5,8,ok
EVP_KEYEXCH_get0_description,005db1d0,5,8,ok
EVP_KEYEXCH_is_a,005db1e0,43,14,ok
EVP_KEYEXCH_do_all_provided,005db220,47,10,ok
EVP_KEYEXCH_names_do_all,005db250,33,14,ok
EVP_KEYEXCH_gettable_ctx_params,005db280,44,20,ok
EVP_KEYEXCH_settable_ctx_params,005db2c0,44,20,ok
convert_key_cb,005db300,122,41,ok
EVP_KDF_CTX_new,005db390,245,40,ok
EVP_KDF_CTX_free,005db490,57,15,ok
EVP_KDF_CTX_dup,005db4e0,253,36,ok
evp_kdf_get_number,005db5f0,4,8,ok
EVP_KDF_get0_name,005db600,5,8,ok
EVP_KDF_get0_description,005db610,5,8,ok
EVP_KDF_is_a,005db620,43,14,ok
EVP_KDF_get0_provider,005db660,4,8,ok
EVP_KDF_CTX_kdf,005db670,4,8,ok
EVP_KDF_CTX_reset,005db680,24,14,ok
EVP_KDF_CTX_get_kdf_size,005db6b0,183,41,ok
EVP_KDF_derive,005db770,24,16,ok
EVP_KDF_CTX_set_SKEY,005db790,179,44,ok
EVP_KDF_derive_SKEY,005db850,805,98,ok
EVP_KDF_get_params,005dbba0,20,16,ok
EVP_KDF_CTX_get_params,005dbbc0,24,16,ok
EVP_KDF_CTX_set_params,005dbbe0,24,16,ok
EVP_KDF_names_do_all,005dbc00,33,14,ok
evp_kdf_from_algorithm,005dbc30,943,154,ok
evp_kdf_up_ref,005dc040,10,9,ok
evp_kdf_free,005dc050,89,21,ok
EVP_KDF_fetch,005dc0c0,47,9,ok
EVP_KDF_up_ref,005dc0f0,10,9,ok
EVP_KDF_free,005dc100,89,21,ok
EVP_KDF_gettable_params,005dc170,36,20,ok
EVP_KDF_gettable_ctx_params,005dc1a0,39,18,ok
EVP_KDF_settable_ctx_params,005dc1d0,39,18,ok
EVP_KDF_CTX_gettable_params,005dc200,48,18,ok
EVP_KDF_CTX_settable_params,005dc240,48,18,ok
EVP_KDF_do_all_provided,005dc280,47,9,ok
evp_kem_up_ref,005dc2b0,10,9,ok
evp_kem_free,005dc2c0,90,21,ok
evp_kem_from_algorithm,005dc330,1030,179,ok
evp_kem_init,005dc790,1512,205,ok
EVP_PKEY_auth_encapsulate_init,005dcdb0,21,14,ok
EVP_PKEY_encapsulate_init,005dcdd0,15,9,ok
EVP_PKEY_encapsulate,005dcde0,183,33,ok
EVP_PKEY_decapsulate_init,005dcea0,15,9,ok
EVP_PKEY_auth_decapsulate_init,005dceb0,21,14,ok
EVP_PKEY_decapsulate,005dced0,178,32,ok
EVP_KEM_free,005dcf90,90,21,ok
EVP_KEM_up_ref,005dd000,10,9,ok
EVP_KEM_get0_provider,005dd010,5,8,ok
EVP_KEM_fetch,005dd020,47,9,ok
evp_kem_fetch_from_prov,005dd050,47,10,ok
EVP_KEM_is_a,005dd080,43,14,ok
evp_kem_get_number,005dd0c0,3,8,ok
EVP_KEM_get0_name,005dd0d0,5,8,ok
EVP_KEM_get0_description,005dd0e0,5,8,ok
EVP_KEM_do_all_provided,005dd0f0,47,10,ok
EVP_KEM_names_do_all,005dd120,33,14,ok
EVP_KEM_gettable_ctx_params,005dd150,44,20,ok
EVP_KEM_settable_ctx_params,005dd190,44,20,ok
sk_OP_CACHE_ELEM_freefunc_thunk,005dd1d0,8,11,ok
evp_keymgmt_util_try_import,005dd1e0,183,33,ok
op_cache_free,005dd2b0,45,11,ok
evp_keymgmt_util_cache_keyinfo.part.0,005dd2e0,389,110,ok
evp_keymgmt_util_assign_pkey,005dd470,123,21,ok
evp_keymgmt_util_make_pkey,005dd4f0,138,29,ok
evp_keymgmt_util_export,005dd590,37,15,ok
evp_keymgmt_util_clear_operation_cache,005dd5c0,51,16,ok
evp_keymgmt_util_find_operation_cache,005dd600,111,27,ok
evp_keymgmt_util_cache_keydata,005dd680,244,43,ok
evp_keymgmt_util_export_to_provider,005dd790,635,105,ok
evp_keymgmt_util_cache_keyinfo,005dda30,13,12,ok
evp_keymgmt_util_fromdata,005dda50,182,29,ok
evp_keymgmt_util_has,005ddb10,26,14,ok
evp_keymgmt_util_match,005ddb40,453,85,ok
evp_keymgmt_util_copy,005ddd30,441,76,ok
evp_keymgmt_util_gen,005ddf00,150,27,ok
evp_keymgmt_util_get_deflt_digest_name,005ddfa0,501,117,ok
evp_keymgmt_util_query_operation_name,005de1a0,45,20,ok
help_get_legacy_alg_type_from_keymgmt,005de1e0,20,15,ok
evp_keymgmt_up_ref,005de200,10,9,ok
evp_keymgmt_free,005de210,90,21,ok
keymgmt_from_algorithm,005de280,1532,263,ok
evp_keymgmt_fetch_from_prov,005de900,47,10,ok
EVP_KEYMGMT_fetch,005de930,47,10,ok
EVP_KEYMGMT_up_ref,005de960,10,9,ok
EVP_KEYMGMT_free,005de970,90,21,ok
EVP_KEYMGMT_get0_provider,005de9e0,5,8,ok
evp_keymgmt_get_number,005de9f0,4,8,ok
evp_keymgmt_get_legacy_alg,005dea00,4,8,ok
EVP_KEYMGMT_get0_description,005dea10,5,8,ok
EVP_KEYMGMT_get0_name,005dea20,5,8,ok
EVP_KEYMGMT_is_a,005dea30,44,14,ok
EVP_KEYMGMT_do_all_provided,005dea70,47,10,ok
EVP_KEYMGMT_names_do_all,005deaa0,34,14,ok
evp_keymgmt_newdata,005dead0,70,23,ok
evp_keymgmt_freedata,005deb30,9,11,ok
evp_keymgmt_gen_init,005deb40,51,17,ok
evp_keymgmt_gen_set_template,005deb80,26,16,ok
evp_keymgmt_gen_set_params,005deba0,26,16,ok
EVP_KEYMGMT_gen_settable_params,005debd0,37,17,ok
evp_keymgmt_gen_get_params,005dec00,23,16,ok
EVP_KEYMGMT_gen_gettable_params,005dec20,37,17,ok
evp_keymgmt_gen,005dec50,235,35,ok
evp_keymgmt_gen_cleanup,005ded50,21,14,ok
evp_keymgmt_has_load,005ded70,21,14,ok
evp_keymgmt_load,005ded90,31,16,ok
evp_keymgmt_get_params,005dedc0,26,16,ok
EVP_KEYMGMT_gettable_params,005dede0,32,17,ok
evp_keymgmt_set_params,005dee10,26,16,ok
EVP_KEYMGMT_settable_params,005dee30,32,17,ok
evp_keymgmt_has,005dee60,14,11,ok
evp_keymgmt_validate,005dee70,30,17,ok
evp_keymgmt_match,005deea0,28,16,ok
evp_keymgmt_import,005deed0,28,16,ok
evp_keymgmt_import_types,005def00,76,23,ok
evp_keymgmt_export,005def60,31,18,ok
evp_keymgmt_export_types,005def90,76,23,ok
evp_keymgmt_dup,005deff0,25,16,ok
EVP_md5,005df020,8,10,ok
EVP_sha1,005df030,8,10,ok
EVP_sha224,005df040,8,10,ok
EVP_sha256,005df050,8,10,ok
EVP_sha512_224,005df060,8,8,ok
EVP_sha512_256,005df070,8,8,ok
EVP_sha384,005df080,8,10,ok
EVP_sha512,005df090,8,10,ok
EVP_sha3_224,005df0a0,8,8,ok
EVP_sha3_256,005df0b0,8,8,ok
EVP_sha3_384,005df0c0,8,8,ok
EVP_sha3_512,005df0d0,8,8,ok
EVP_shake128,005df0e0,8,8,ok
EVP_shake256,005df0f0,8,8,ok
do_sigver_init,005df100,2099,292,ok
EVP_DigestSignInit_ex,005df990,33,11,ok
EVP_DigestSignInit,005df9c0,34,14,ok
EVP_DigestVerifyInit_ex,005df9f0,33,11,ok
EVP_DigestVerifyInit,005dfa20,34,14,ok
EVP_DigestSignUpdate,005dfa50,413,55,ok
EVP_DigestVerifyUpdate,005dfc10,351,48,ok
EVP_DigestSignFinal,005dfd90,662,88,ok
EVP_DigestSign,005e0060,496,65,ok
EVP_DigestVerifyFinal,005e0270,622,63,ok
EVP_DigestVerify,005e0510,659,83,ok
get_size_t_ctx_param,005e07d0,175,43,ok
evp_mac_final,005e0890,603,99,ok
EVP_MAC_CTX_new,005e0b10,181,35,ok
EVP_MAC_CTX_free,005e0bd0,57,15,ok
EVP_MAC_CTX_dup,005e0c20,235,40,ok
EVP_MAC_CTX_get0_mac,005e0d20,4,8,ok
EVP_MAC_CTX_get_mac_size,005e0d30,182,43,ok
EVP_MAC_CTX_get_block_size,005e0df0,182,43,ok
EVP_MAC_init,005e0eb0,77,19,ok
EVP_MAC_init_SKEY,005e0f10,97,22,ok
EVP_MAC_update,005e0f80,16,11,ok
EVP_MAC_final,005e0f90,604,99,ok
EVP_MAC_finalXOF,005e1210,536,92,ok
EVP_MAC_get_params,005e1440,20,16,ok
EVP_MAC_CTX_get_params,005e1460,24,16,ok
EVP_MAC_CTX_set_params,005e1480,27,16,ok
evp_mac_get_number,005e14a0,4,8,ok
EVP_MAC_get0_name,005e14b0,5,8,ok
EVP_MAC_get0_description,005e14c0,5,8,ok
EVP_MAC_is_a,005e14d0,43,14,ok
EVP_MAC_names_do_all,005e1510,33,14,ok
EVP_Q_mac,005e1540,915,147,ok
evp_mac_from_algorithm,005e1900,952,158,ok
evp_mac_up_ref,005e1d00,10,9,ok
evp_mac_free,005e1d10,89,21,ok
EVP_MAC_fetch,005e1d80,47,9,ok
EVP_MAC_up_ref,005e1db0,10,9,ok
EVP_MAC_free,005e1dc0,89,21,ok
EVP_MAC_get0_provider,005e1e30,4,8,ok
EVP_MAC_gettable_params,005e1e40,31,19,ok
EVP_MAC_gettable_ctx_params,005e1e70,34,17,ok
EVP_MAC_settable_ctx_params,005e1ea0,34,17,ok
EVP_MAC_CTX_gettable_params,005e1ed0,42,17,ok
EVP_MAC_CTX_settable_params,005e1f10,42,17,ok
EVP_MAC_do_all_provided,005e1f50,47,9,ok
evp_mac_fetch_from_prov,005e1f80,47,10,ok
cipher_from_name,005e1fb0,26,15,ok
digest_from_name,005e1fe0,26,15,ok
do_all_md_fn,005e2010,38,17,ok
do_all_cipher_fn,005e2040,38,17,ok
EVP_add_cipher,005e2070,67,21,ok
EVP_add_digest,005e20d0,141,35,ok
EVP_get_cipherbyname,005e2160,170,36,ok
evp_get_cipherbyname_ex,005e2220,181,36,ok
EVP_get_digestbyname,005e22e0,170,36,ok
evp_get_digestbyname_ex,005e23a0,181,36,ok
evp_cleanup_int,005e2460,58,14,ok
EVP_CIPHER_do_all,005e24a0,60,15,ok
EVP_CIPHER_do_all_sorted,005e24e0,60,15,ok
EVP_MD_do_all,005e2520,60,15,ok
EVP_MD_do_all_sorted,005e2560,60,15,ok
PKCS5_PBE_add,005e25a0,1,10,ok
PKCS5_PBE_keyivgen_ex,005e25b0,1200,240,ok
PKCS5_PBE_keyivgen,005e2a90,23,12,ok
ossl_pkcs5_pbkdf2_hmac_ex,005e2ab0,539,123,ok
PKCS5_PBKDF2_HMAC,005e2ce0,527,121,ok
PKCS5_PBKDF2_HMAC_SHA1,005e2f00,131,18,ok
PKCS5_v2_PBE_keyivgen_ex,005e2f90,554,76,ok
PKCS5_v2_PBE_keyivgen,005e31e0,23,13,ok
PKCS5_v2_PBKDF2_keyivgen_ex,005e3200,832,118,ok
PKCS5_v2_PBKDF2_keyivgen,005e3570,23,9,ok
EVP_PKEY_set1_RSA,005e3590,74,18,ok
evp_pkey_get0_RSA_int,005e35e0,78,17,ok
EVP_PKEY_get0_RSA,005e3640,78,17,ok
EVP_PKEY_get1_RSA,005e36a0,100,25,ok
EVP_PKEY_set1_EC_KEY,005e3710,70,18,ok
evp_pkey_get0_EC_KEY_int,005e3760,77,19,ok
EVP_PKEY_get0_EC_KEY,005e37c0,77,19,ok
EVP_PKEY_get1_EC_KEY,005e3820,104,26,ok
get_raw_key_details,005e3890,83,28,ok
mdname2nid,005e38f0,54,20,ok
evp_pkey_free_it,005e3940,130,31,ok
pkey_set_type,005e39d0,549,99,ok
EVP_PKEY_free.part.0,005e3c40,202,35,ok
find_ameth,005e3d10,154,32,ok
EVP_PKEY_get_bits,005e3dc0,96,24,ok
EVP_PKEY_get_security_bits,005e3e30,96,24,ok
EVP_PKEY_get_security_category,005e3ea0,18,11,ok
EVP_PKEY_save_parameters,005e3ec0,32,15,ok
EVP_PKEY_set_ex_data,005e3ef0,9,9,ok
EVP_PKEY_get_ex_data,005e3f00,9,9,ok
EVP_PKEY_missing_parameters,005e3f10,65,25,ok
EVP_PKEY_get_raw_private_key,005e3f60,240,48,ok
EVP_PKEY_get_raw_public_key,005e4060,240,48,ok
EVP_PKEY_new_CMAC_key,005e4160,467,97,ok
EVP_PKEY_set_type,005e4350,206,31,ok
EVP_PKEY_set_type_str,005e4440,196,33,ok
EVP_PKEY_assign,005e4510,497,93,ok
EVP_PKEY_get0,005e4750,20,11,ok
EVP_PKEY_set1_DSA,005e4770,578,115,ok
EVP_PKEY_set1_DH,005e49d0,103,27,ok
EVP_PKEY_get_id,005e4a50,3,8,ok
EVP_PKEY_get_base_id,005e4a60,7,9,ok
evp_pkey_name2type,005e4a70,108,29,ok
evp_pkey_type2name,005e4af0,171,48,ok
EVP_PKEY_is_a,005e4ba0,174,40,ok
EVP_PKEY_type_names_do_all,005e4c70,74,26,ok
EVP_PKEY_can_sign,005e4cc0,160,39,ok
EVP_PKEY_print_public,005e4d70,530,86,ok
EVP_PKEY_print_private,005e4fb0,533,86,ok
EVP_PKEY_print_params,005e51f0,533,86,ok
EVP_PKEY_print_public_fp,005e5430,597,95,ok
EVP_PKEY_print_private_fp,005e56b0,597,95,ok
EVP_PKEY_print_params_fp,005e5930,600,95,ok
EVP_PKEY_get_default_digest_name,005e5bb0,142,34,ok
EVP_PKEY_get_default_digest_nid,005e5c50,295,56,ok
EVP_PKEY_get_group_name,005e5d90,308,87,ok
EVP_PKEY_digestsign_supports_digest,005e5ed0,101,23,ok
EVP_PKEY_set1_encoded_public_key,005e5f40,286,71,ok
EVP_PKEY_get1_encoded_public_key,005e6080,675,133,ok
EVP_PKEY_new,005e6340,201,40,ok
EVP_PKEY_new_raw_public_key_ex,005e6420,574,90,ok
EVP_PKEY_new_raw_private_key,005e6680,554,88,ok
EVP_PKEY_new_raw_public_key,005e68d0,554,88,ok
EVP_PKEY_new_raw_private_key_ex,005e6b20,574,90,ok
EVP_PKEY_set_type_by_keymgmt,005e6d80,160,30,ok
EVP_PKEY_up_ref,005e6e30,19,12,ok
EVP_PKEY_dup,005e6e50,345,66,ok
evp_pkey_free_legacy,005e6fc0,84,30,ok
EVP_PKEY_free,005e7020,24,15,ok
EVP_PKEY_get_size,005e7040,99,24,ok
EVP_PKEY_get0_description,005e70b0,50,18,ok
evp_pkey_export_to_provider,005e70f0,857,164,ok
evp_pkey_cmp_any,005e7460,481,110,ok
EVP_PKEY_eq,005e7670,210,48,ok
EVP_PKEY_cmp,005e7760,210,48,ok
EVP_PKEY_cmp_parameters,005e7850,546,128,ok
EVP_PKEY_parameters_eq,005e7aa0,546,129,ok
evp_pkey_copy_downgraded,005e7cf0,720,101,ok
EVP_PKEY_copy_parameters,005e7ff0,892,144,ok
evp_pkey_get0_DH_int,005e8390,323,71,ok
EVP_PKEY_get0_DH,005e84e0,323,71,ok
EVP_PKEY_get1_DH,005e8630,424,92,ok
EVP_PKEY_get0_DSA,005e87f0,318,71,ok
EVP_PKEY_get0_hmac,005e8940,392,85,ok
EVP_PKEY_get0_poly1305,005e8ae0,392,85,ok
EVP_PKEY_get0_siphash,005e8c80,392,85,ok
EVP_PKEY_get1_DSA,005e8e20,404,88,ok
ossl_evp_pkey_get1_ED448,005e8fd0,413,89,ok
ossl_evp_pkey_get1_X25519,005e9190,413,89,ok
ossl_evp_pkey_get1_X448,005e9350,413,89,ok
ossl_evp_pkey_get1_ED25519,005e9510,413,89,ok
evp_pkey_get_legacy,005e96d0,239,68,ok
EVP_PKEY_get_bn_param,005e97e0,661,128,ok
EVP_PKEY_get_octet_string_param,005e9aa0,283,80,ok
EVP_PKEY_get_utf8_string_param,005e9be0,320,83,ok
EVP_PKEY_get_int_param,005e9d30,255,70,ok
EVP_PKEY_get_size_t_param,005e9e40,255,70,ok
EVP_PKEY_set_int_param,005e9f50,214,60,ok
EVP_PKEY_set_size_t_param,005ea030,215,60,ok
EVP_PKEY_set_bn_param,005ea110,340,72,ok
EVP_PKEY_set_utf8_string_param,005ea270,207,59,ok
EVP_PKEY_set_octet_string_param,005ea350,205,59,ok
EVP_PKEY_settable_params,005ea430,22,14,ok
EVP_PKEY_set_params,005ea450,96,19,ok
EVP_PKEY_gettable_params,005ea4c0,22,14,ok
EVP_PKEY_get_params,005ea4e0,128,24,ok
EVP_PKEY_get_ec_point_conv_form,005ea570,474,95,ok
EVP_PKEY_get_field_type,005ea760,499,92,ok
EVP_SignFinal_ex,005ea970,414,69,ok
EVP_SignFinal,005eab40,398,67,ok
EVP_PBE_scrypt_ex,005ead00,717,156,ok
EVP_PBE_scrypt,005eaff0,34,9,ok
EVP_PKEY_public_check,005eb020,256,37,ok
EVP_PKEY_public_check_quick,005eb130,255,37,ok
EVP_PKEY_param_check,005eb240,256,37,ok
EVP_PKEY_param_check_quick,005eb350,255,37,ok
EVP_PKEY_private_check,005eb460,256,37,ok
EVP_PKEY_check,005eb570,256,37,ok
EVP_PKEY_pairwise_check,005eb680,256,37,ok
pkey_fake_import,005eb790,12,11,ok
ossl_callback_to_pkey_gencb,005eb7a0,150,38,ok
trans_cb,005eb840,42,18,ok
ossl_pkey_todata_cb,005eb870,19,12,ok
EVP_PKEY_paramgen_init,005eb890,266,39,ok
EVP_PKEY_keygen_init,005eb9b0,266,39,ok
EVP_PKEY_generate,005ebad0,489,89,ok
EVP_PKEY_paramgen,005ebce0,467,84,ok
EVP_PKEY_keygen,005ebed0,467,84,ok
EVP_PKEY_CTX_set_cb,005ec0c0,5,9,ok
EVP_PKEY_CTX_get_cb,005ec0d0,5,8,ok
evp_pkey_set_cb_translate,005ec0e0,15,9,ok
EVP_PKEY_CTX_get_keygen_info,005ec0f0,31,17,ok
EVP_PKEY_new_mac_key,005ec120,358,57,ok
EVP_PKEY_fromdata_init,005ec290,102,21,ok
EVP_PKEY_fromdata,005ec300,278,37,ok
EVP_PKEY_fromdata_settable,005ec430,119,24,ok
EVP_PKEY_todata,005ec4b0,151,30,ok
EVP_PKEY_export,005ec560,122,27,ok
EVP_PKEY_CTX_set_params.part.0,005ec5f0,200,64,ok
evp_pkey_ctx_ctrl_int,005ec6d0,269,50,ok
evp_pkey_ctx_state,005ec7f0,101,40,ok
EVP_PKEY_CTX_new_from_name,005ec870,429,65,ok
evp_pkey_ctx_free_old_ops,005eca40,243,57,ok
EVP_PKEY_CTX_new_from_pkey,005ecb40,733,100,ok
EVP_PKEY_CTX_free,005ece50,154,21,ok
EVP_PKEY_CTX_new,005ecf00,648,93,ok
EVP_PKEY_CTX_new_id,005ed1b0,260,47,ok
EVP_PKEY_CTX_dup,005ed2d0,983,186,ok
EVP_PKEY_CTX_is_a,005ed6e0,39,18,ok
EVP_PKEY_CTX_set_params,005ed710,401,105,ok
EVP_PKEY_CTX_get_params,005ed8e0,463,110,ok
EVP_PKEY_CTX_gettable_params,005edad0,332,75,ok
EVP_PKEY_CTX_settable_params,005edc40,346,86,ok
evp_pkey_ctx_set_params_strict,005eddc0,231,57,ok
evp_pkey_ctx_get_params_strict,005edec0,138,34,ok
EVP_PKEY_CTX_set_kem_op,005edf60,374,88,ok
EVP_PKEY_CTX_set1_id,005ee0f0,250,39,ok
EVP_PKEY_CTX_get1_id,005ee1f0,170,22,ok
EVP_PKEY_CTX_get1_id_len,005ee2a0,170,22,ok
EVP_PKEY_CTX_ctrl,005ee350,632,96,ok
EVP_PKEY_CTX_get_signature_md,005ee5f0,366,79,ok
EVP_PKEY_CTX_set_hkdf_mode,005ee770,427,89,ok
EVP_PKEY_CTX_set_scrypt_maxmem_bytes,005ee930,363,86,ok
EVP_PKEY_CTX_add1_hkdf_info,005eeab0,892,144,ok
EVP_PKEY_CTX_set_hkdf_md,005eee60,360,91,ok
EVP_PKEY_CTX_set_signature_md,005eeff0,361,91,ok
EVP_PKEY_CTX_set_tls1_prf_md,005ef180,360,91,ok
EVP_PKEY_CTX_set_scrypt_N,005ef310,363,86,ok
EVP_PKEY_CTX_set_scrypt_r,005ef490,363,86,ok
EVP_PKEY_CTX_set_scrypt_p,005ef610,363,86,ok
EVP_PKEY_CTX_set1_tls1_prf_secret,005ef790,424,87,ok
EVP_PKEY_CTX_add1_tls1_prf_seed,005ef950,424,87,ok
EVP_PKEY_CTX_set1_hkdf_salt,005efb10,424,87,ok
EVP_PKEY_CTX_set1_hkdf_key,005efcd0,424,87,ok
EVP_PKEY_CTX_set1_pbe_pass,005efe90,424,87,ok
EVP_PKEY_CTX_set1_scrypt_salt,005f0050,424,87,ok
EVP_PKEY_CTX_set_mac_key,005f0210,423,87,ok
EVP_PKEY_CTX_ctrl_uint64,005f03d0,622,97,ok
EVP_PKEY_CTX_ctrl_str,005f0660,503,78,ok
evp_pkey_ctx_use_cached_data,005f0870,220,43,ok
EVP_PKEY_CTX_get0_libctx,005f0960,5,8,ok
EVP_PKEY_CTX_get0_propq,005f0970,5,8,ok
EVP_PKEY_CTX_get0_provider,005f0980,101,40,ok
EVP_PKEY_CTX_str2ctrl,005f0a10,339,53,ok
EVP_PKEY_CTX_hex2ctrl,005f0b80,137,21,ok
EVP_PKEY_CTX_md,005f0c20,482,57,ok
EVP_PKEY_CTX_get_operation,005f0e20,3,8,ok
EVP_PKEY_CTX_set0_keygen_info,005f0e30,8,10,ok
EVP_PKEY_CTX_set_data,005f0e40,8,9,ok
EVP_PKEY_CTX_get_data,005f0e50,8,8,ok
EVP_PKEY_CTX_get0_pkey,005f0e60,5,8,ok
EVP_PKEY_CTX_get0_peerkey,005f0e70,8,8,ok
EVP_PKEY_CTX_set_app_data,005f0e80,5,9,ok
EVP_PKEY_CTX_get_app_data,005f0e90,5,8,ok
transfer_cb,005f0ea0,29,12,ok
get_secret_key,005f0ec0,41,16,ok
EVP_SKEY_export,005f0ef0,88,18,ok
evp_skey_alloc,005f0f50,172,34,ok
EVP_SKEY_import,005f1000,253,38,ok
EVP_SKEY_import_SKEYMGMT,005f1110,277,47,ok
EVP_SKEY_generate,005f1240,253,37,ok
EVP_SKEY_get0_raw_key,005f1350,122,22,ok
EVP_SKEY_import_raw_key,005f13d0,355,77,ok
EVP_SKEY_up_ref,005f1540,17,12,ok
EVP_SKEY_free,005f1560,75,22,ok
EVP_SKEY_get0_key_id,005f15c0,27,19,ok
EVP_SKEY_get0_skeymgmt_name,005f15f0,17,11,ok
EVP_SKEY_get0_provider_name,005f1610,21,14,ok
EVP_SKEY_is_a,005f1630,17,14,ok
EVP_SKEY_to_provider,005f1650,389,64,ok
evp_signature_up_ref,005f17f0,10,9,ok
evp_signature_free,005f1800,90,21,ok
evp_pkey_signature_init,005f1870,1971,274,ok
evp_signature_from_algorithm,005f2090,3158,444,ok
EVP_SIGNATURE_free,005f2dc0,90,21,ok
EVP_SIGNATURE_up_ref,005f2e30,10,9,ok
EVP_SIGNATURE_get0_provider,005f2e40,5,8,ok
EVP_SIGNATURE_fetch,005f2e50,47,10,ok
evp_signature_fetch_from_prov,005f2e80,47,11,ok
EVP_SIGNATURE_is_a,005f2eb0,43,14,ok
EVP_SIGNATURE_has_message_update,005f2ef0,20,14,ok
evp_signature_get_number,005f2f10,3,8,ok
EVP_SIGNATURE_get0_name,005f2f20,5,8,ok
EVP_SIGNATURE_get0_description,005f2f30,5,8,ok
EVP_SIGNATURE_do_all_provided,005f2f40,47,10,ok
EVP_SIGNATURE_names_do_all,005f2f70,33,14,ok
EVP_SIGNATURE_gettable_ctx_params,005f2fa0,50,20,ok
EVP_SIGNATURE_settable_ctx_params,005f2fe0,50,20,ok
EVP_PKEY_sign_init,005f3020,14,11,ok
EVP_PKEY_sign_init_ex,005f3030,15,9,ok
EVP_PKEY_sign_init_ex2,005f3040,13,9,ok
EVP_PKEY_sign_message_init,005f3050,13,9,ok
EVP_PKEY_sign_message_update,005f3060,327,43,ok
EVP_PKEY_sign_message_final,005f31b0,341,48,ok
EVP_PKEY_sign,005f3310,416,55,ok
EVP_PKEY_verify_init,005f34c0,14,11,ok
EVP_PKEY_verify_init_ex,005f34d0,15,9,ok
EVP_PKEY_verify_init_ex2,005f34e0,13,9,ok
EVP_PKEY_verify_message_init,005f34f0,13,9,ok
EVP_PKEY_CTX_set_signature,005f3500,191,54,ok
EVP_PKEY_verify_message_update,005f35d0,327,43,ok
EVP_PKEY_verify_message_final,005f3720,327,43,ok
EVP_PKEY_verify,005f3870,397,50,ok
EVP_PKEY_verify_recover_init,005f3a10,14,11,ok
EVP_PKEY_verify_recover_init_ex,005f3a20,15,9,ok
EVP_PKEY_verify_recover_init_ex2,005f3a30,13,9,ok
EVP_PKEY_verify_recover,005f3a40,410,55,ok
EVP_SKEYMGMT_up_ref,005f3bf0,10,9,ok
EVP_SKEYMGMT_free,005f3c00,90,21,ok
skeymgmt_from_algorithm,005f3c70,670,108,ok
evp_skeymgmt_generate,005f3f50,62,23,ok
evp_skeymgmt_import,005f3fa0,48,20,ok
evp_skeymgmt_export,005f3fe0,17,12,ok
evp_skeymgmt_freedata,005f4000,9,11,ok
evp_skeymgmt_fetch_from_prov,005f4010,47,11,ok
EVP_SKEYMGMT_fetch,005f4040,47,10,ok
EVP_SKEYMGMT_get0_provider,005f4070,13,11,ok
EVP_SKEYMGMT_get0_description,005f4090,13,11,ok
EVP_SKEYMGMT_get0_name,005f40b0,13,11,ok
EVP_SKEYMGMT_is_a,005f40d0,43,14,ok
EVP_SKEYMGMT_do_all_provided,005f4110,47,10,ok
EVP_SKEYMGMT_names_do_all,005f4140,45,17,ok
EVP_SKEYMGMT_get0_gen_settable_params,005f4180,40,20,ok
EVP_SKEYMGMT_get0_imp_settable_params,005f41c0,40,20,ok
ossl_ffc_params_fromdata,005f4200,843,99,ok
ossl_ffc_name_to_dh_named_group,005f4560,97,22,ok
ossl_ffc_uid_to_dh_named_group,005f45d0,218,55,ok
ossl_ffc_numbers_to_dh_named_group,005f46b0,195,37,ok
ossl_ffc_named_group_get_uid,005f4780,12,11,ok
ossl_ffc_named_group_get_name,005f47a0,12,11,ok
ossl_ffc_named_group_get_keylength,005f47c0,12,11,ok
ossl_ffc_named_group_get_q,005f47e0,13,11,ok
ossl_ffc_named_group_set,005f4800,69,21,ok
ossl_ffc_params_init,005f4850,65,23,ok
ossl_ffc_params_cleanup,005f48a0,123,30,ok
ossl_ffc_params_set0_pqg,005f4920,100,20,ok
ossl_ffc_params_get0_pqg,005f4990,36,18,ok
ossl_ffc_params_set0_j,005f49c0,32,10,ok
ossl_ffc_params_set_seed,005f49e0,122,30,ok
ossl_ffc_params_set_gindex,005f4a70,4,9,ok
ossl_ffc_params_set_pcounter,005f4a80,4,9,ok
ossl_ffc_params_set_h,005f4a90,4,9,ok
ossl_ffc_params_set_flags,005f4aa0,4,9,ok
ossl_ffc_params_enable_flags,005f4ab0,22,15,ok
ossl_ffc_set_digest,005f4ad0,9,10,ok
ossl_ffc_params_set_validate_params,005f4ae0,141,31,ok
ossl_ffc_params_get_validate_params,005f4b80,35,18,ok
ossl_ffc_params_copy,005f4bb0,769,114,ok
ossl_ffc_params_cmp,005f4ed0,85,18,ok
ossl_ffc_params_todata,005f4f30,816,170,ok
ossl_ffc_params_print,005f5280,463,79,ok
ossl_fnv1a_hash,005f5460,52,21,ok
HMAC_Init_ex,005f54a0,930,272,ok
HMAC_Update,005f5860,18,14,ok
HMAC_Final,005f5880,129,24,ok
HMAC_size,005f5910,26,14,ok
HMAC_CTX_new,005f5930,293,54,ok
HMAC_CTX_free,005f5a70,92,19,ok
HMAC_CTX_reset,005f5ae0,153,41,ok
HMAC_Init,005f5b90,75,16,ok
HMAC_CTX_copy,005f5bf0,226,58,ok
HMAC,005f5cf0,166,26,ok
HMAC_CTX_set_flags,005f5da0,48,14,ok
HMAC_CTX_get_md,005f5dd0,4,8,ok
evp_pkey_new_raw_nist_public_key,005f5de0,329,77,ok
hpke_do_middle,005f5f30,1460,181,ok
hpke_expansion,005f6520,223,38,ok
OSSL_HPKE_CTX_new,005f6610,520,73,ok
OSSL_HPKE_CTX_free,005f6830,270,29,ok
OSSL_HPKE_CTX_set1_psk,005f6950,474,67,ok
OSSL_HPKE_CTX_set1_ikme,005f6b50,278,39,ok
OSSL_HPKE_CTX_set1_authpriv,005f6c80,223,34,ok
OSSL_HPKE_CTX_set1_authpub,005f6d70,589,78,ok
OSSL_HPKE_CTX_get_seq,005f6fe0,82,15,ok
OSSL_HPKE_CTX_set_seq,005f7040,134,26,ok
OSSL_HPKE_encap,005f70d0,1595,190,ok
OSSL_HPKE_decap,005f7740,1444,186,ok
OSSL_HPKE_seal,005f7d10,1511,192,ok
OSSL_HPKE_open,005f8320,1532,183,ok
OSSL_HPKE_export,005f8940,529,67,ok
OSSL_HPKE_keygen,005f8b70,911,133,ok
OSSL_HPKE_suite_check,005f8f30,81,18,ok
OSSL_HPKE_get_grease_value,005f8f90,623,93,ok
OSSL_HPKE_str2suite,005f9230,5,123,ok
OSSL_HPKE_get_ciphertext_size,005f9240,144,23,ok
OSSL_HPKE_get_public_encap_size,005f92e0,143,24,ok
OSSL_HPKE_get_recommended_ikmelen,005f9380,95,21,ok
kdf_derive,005f9400,468,96,ok
ossl_HPKE_KEM_INFO_find_curve,005f95e0,158,31,ok
ossl_HPKE_KEM_INFO_find_id,005f9690,136,35,ok
ossl_HPKE_KEM_INFO_find_random,005f9720,63,16,ok
ossl_HPKE_KDF_INFO_find_id,005f9770,93,18,ok
ossl_HPKE_KDF_INFO_find_random,005f97e0,63,16,ok
ossl_HPKE_AEAD_INFO_find_id,005f9830,103,19,ok
ossl_HPKE_AEAD_INFO_find_random,005f98b0,63,16,ok
ossl_hpke_kdf_extract,005f9900,394,84,ok
ossl_hpke_kdf_expand,005f9aa0,394,84,ok
ossl_hpke_labeled_extract,005f9c40,498,46,ok
ossl_hpke_labeled_expand,005f9e40,518,46,ok
ossl_kdf_ctx_create,005fa050,347,82,ok
ossl_hpke_str2suite,005fa1c0,658,123,ok
check_set_resp_len,005fa480,221,26,ok
OSSL_HTTP_REQ_CTX_new,005fa570,245,36,ok
OSSL_HTTP_REQ_CTX_free,005fa680,176,22,ok
OSSL_HTTP_REQ_CTX_get0_mem_bio,005fa750,69,14,ok
OSSL_HTTP_REQ_CTX_get_resp_len,005fa7a0,72,14,ok
OSSL_HTTP_REQ_CTX_set_max_response_length,005fa7f0,81,18,ok
OSSL_HTTP_REQ_CTX_set_request_line,005fa850,691,92,ok
OSSL_HTTP_REQ_CTX_add1_header,005fab30,448,60,ok
OSSL_HTTP_REQ_CTX_set_expected,005fad20,311,48,ok
OSSL_HTTP_REQ_CTX_set1_req,005fae80,645,98,ok
OSSL_HTTP_REQ_CTX_set_max_response_hdr_lines,005fb130,69,15,ok
OSSL_HTTP_REQ_CTX_nbio,005fb180,3933,549,ok
OSSL_HTTP_REQ_CTX_nbio_d2i,005fc190,110,21,ok
OSSL_HTTP_REQ_CTX_exchange,005fc200,256,42,ok
OSSL_HTTP_is_alive,005fc310,21,14,ok
OSSL_HTTP_open,005fc330,1481,174,ok
OSSL_HTTP_set1_request,005fc940,1363,194,ok
OSSL_HTTP_exchange,005fcec0,639,102,ok
OSSL_HTTP_get,005fd150,1402,170,ok
OSSL_HTTP_transfer,005fd710,424,75,ok
OSSL_HTTP_close,005fd8d0,70,21,ok
OSSL_HTTP_proxy_connect,005fd920,1564,192,ok
use_proxy,005fdf70,355,73,ok
OSSL_parse_url,005fe0e0,2249,298,ok
OSSL_HTTP_parse_url,005fea00,780,97,ok
OSSL_HTTP_adapt_proxy,005fed20,129,31,ok
getrn,005fedc0,165,47,ok
OPENSSL_LH_strhash,005fee70,109,28,ok
OPENSSL_LH_set_thunks,005feef0,25,16,ok
OPENSSL_LH_new,005fef10,199,46,ok
OPENSSL_LH_free,005fefe0,179,41,ok
OPENSSL_LH_flush,005ff0a0,150,40,ok
OPENSSL_LH_insert,005ff140,386,75,ok
OPENSSL_LH_delete,005ff2d0,290,74,ok
OPENSSL_LH_retrieve,005ff410,44,20,ok
OPENSSL_LH_doall,005ff440,115,32,ok
OPENSSL_LH_doall_arg,005ff4c0,133,31,ok
OPENSSL_LH_doall_arg_thunk,005ff550,132,26,ok
ossl_lh_strcasehash,005ff5e0,112,28,ok
OPENSSL_LH_num_items,005ff660,12,14,ok
OPENSSL_LH_get_down_load,005ff670,5,8,ok
OPENSSL_LH_set_down_load,005ff680,5,9,ok
OPENSSL_LH_error,005ff690,4,8,ok
CRYPTO_malloc_array,005ff6a0,101,26,ok
CRYPTO_calloc,005ff710,101,26,ok
CRYPTO_aligned_alloc_array,005ff780,132,31,ok
CRYPTO_realloc_array,005ff810,103,26,ok
CRYPTO_clear_realloc_array,005ff880,123,39,ok
CRYPTO_secure_malloc_array,005ff900,101,26,ok
CRYPTO_secure_calloc,005ff970,101,26,ok
ossl_encode_der_length,005ff9e0,122,28,ok
ossl_encode_der_integer,005ffa70,204,35,ok
ossl_encode_der_dsa_sig,005ffb40,317,53,ok
ossl_decode_der_length,005ffc90,193,67,ok
ossl_decode_der_integer,005ffd60,268,77,ok
ossl_decode_der_dsa_sig,005ffe80,270,63,ok
context_deinit_objs,005fffb0,510,80,ok
context_init,006001b0,530,111,ok
default_context_do_thread_key_init_ossl_,006003d0,37,12,ok
default_context_do_init_ossl_,00600400,538,94,ok
ossl_lib_ctx_write_lock,00600630,139,31,ok
ossl_lib_ctx_read_lock,006006d0,139,31,ok
ossl_lib_ctx_unlock,00600770,139,31,ok
ossl_lib_ctx_is_child,00600810,132,25,ok
ossl_lib_ctx_attach_ssl_conf_imodule,006008a0,40,13,ok
ossl_lib_ctx_detach_ssl_conf_imodule,006008e0,90,25,ok
ossl_lib_ctx_default_deinit,00600950,121,24,ok
OSSL_LIB_CTX_new,006009d0,81,19,ok
OSSL_LIB_CTX_load_config,00600a30,26,11,ok
OSSL_LIB_CTX_free,00600a50,227,35,ok
OSSL_LIB_CTX_new_from_dispatch,00600b50,133,25,ok
OSSL_LIB_CTX_new_child,00600bf0,162,26,ok
OSSL_LIB_CTX_get0_global_default,00600ca0,89,18,ok
OSSL_LIB_CTX_set0_default,00600d00,173,31,ok
ossl_release_default_drbg_ctx,00600db0,38,13,ok
ossl_lib_ctx_get_concrete,00600de0,123,24,ok
ossl_lib_ctx_is_default,00600e70,130,28,ok
ossl_lib_ctx_is_default_nocreate,00600f00,97,25,ok
ossl_lib_ctx_is_global_default,00600f70,146,24,ok
ossl_lib_ctx_get_data,00601020,317,62,ok
OSSL_LIB_CTX_get_data,006011f0,317,62,ok
ossl_lib_ctx_get_ex_data_global,006013c0,130,25,ok
ossl_lib_ctx_get_descriptor,00601450,263,40,ok
OSSL_LIB_CTX_get_conf_diagnostics,00601570,132,25,ok
OSSL_LIB_CTX_set_conf_diagnostics,00601600,131,24,ok
algorithm_do_this,00601690,405,79,ok
ossl_algorithm_do_all,00601830,163,44,ok
ossl_algorithm_get1_first_name,006018e0,71,23,ok
ossl_method_construct_reserve_store,00601940,67,22,ok
ossl_method_construct_unreserve_store,00601990,21,12,ok
ossl_method_construct_this,006019b0,119,25,ok
ossl_method_construct_postcondition,00601a30,113,24,ok
ossl_method_construct_precondition,00601ab0,119,31,ok
ossl_method_construct,00601b40,159,37,ok
sk_OPENSSL_STRING_freefunc_thunk,00601c00,8,11,ok
names_free,00601c10,12,9,ok
name_string_free,00601c20,17,9,ok
sk_NAMES_freefunc_thunk,00601c40,8,11,ok
ossl_stored_namemap_new,00601c50,240,47,ok
ossl_stored_namemap_free,00601d50,83,19,ok
ossl_namemap_empty,00601db0,22,14,ok
ossl_namemap_doall_names,00601dd0,183,41,ok
ossl_namemap_num2name,00601ea0,95,22,ok
ossl_namemap_stored,00601f10,534,77,ok
ossl_namemap_name2num,00602140,204,58,ok
namemap_add_name,00602220,575,110,ok
ossl_namemap_add_names,00602490,589,88,ok
ossl_namemap_name2num_n,00602720,184,48,ok
ossl_namemap_add_name,00602800,110,37,ok
get_legacy_md_names,00602880,525,88,ok
get_legacy_cipher_names,00602ab0,525,88,ok
get_legacy_evp_names,00602ce0,1086,183,ok
ossl_namemap_new,00603170,237,46,ok
ossl_namemap_free,00603270,87,21,ok
OPENSSL_showfatal,006032e0,158,51,ok
OPENSSL_isservice,00603380,3,10,ok
OPENSSL_die,00603390,26,10,ok
ossl_ctype_check,006033b0,30,14,ok
ossl_isdigit,006033d0,12,8,ok
ossl_isupper,006033e0,12,8,ok
ossl_islower,006033f0,12,8,ok
ossl_tolower,00603400,17,11,ok
ossl_toupper,00603420,17,11,ok
ossl_ascii_isdigit,00603440,12,8,ok
OpenSSL_version_num,00603450,6,8,ok
OPENSSL_version_major,00603460,6,8,ok
OPENSSL_version_minor,00603470,3,8,ok
OPENSSL_version_patch,00603480,6,8,ok
OPENSSL_version_pre_release,00603490,8,8,ok
OPENSSL_version_build_metadata,006034a0,8,8,ok
OpenSSL_version,006034b0,147,41,ok
ossl_gen_deterministic_nonce_rfc6979,00603590,1176,181,ok
sk_void_freefunc_thunk,00603a50,8,11,ok
dummy_new,00603a60,1,8,ok
dummy_dup,00603a70,6,8,ok
ex_callback_compare,00603a80,65,32,ok
cleanup_cb,00603ad0,17,9,ok
dummy_free,00603af0,1,8,ok
sk_EX_CALLBACK_freefunc_thunk,00603b00,8,11,ok
ossl_do_ex_data_init,00603b10,35,19,ok
ossl_crypto_cleanup_all_ex_data_int,00603b40,111,26,ok
ossl_crypto_free_ex_index_ex,00603bb0,206,43,ok
CRYPTO_free_ex_index,00603c90,208,43,ok
ossl_crypto_get_ex_new_index_ex,00603d70,497,76,ok
CRYPTO_get_ex_new_index,00603f70,34,13,ok
ossl_crypto_new_ex_data_ex,00603fa0,506,96,ok
CRYPTO_new_ex_data,006041b0,15,11,ok
CRYPTO_free_ex_data,006041c0,593,85,ok
ossl_crypto_alloc_ex_data_intern,00604420,193,35,ok
CRYPTO_alloc_ex_data,006044f0,97,22,ok
CRYPTO_set_ex_data,00604560,277,45,ok
CRYPTO_dup_ex_data,00604690,638,103,ok
CRYPTO_get_ex_data,00604940,55,18,ok
ossl_safe_getenv,00604980,5,14,ok
ossl_indicator_set_callback_new,00604990,22,9,ok
ossl_indicator_set_callback_free,006049b0,17,9,ok
OSSL_INDICATOR_set_callback,006049d0,24,14,ok
OSSL_INDICATOR_get_callback,006049f0,34,19,ok
init_info_strings_ossl_,00604a20,199,26,ok
OPENSSL_info,00604af0,133,38,ok
ossl_init_no_load_crypto_strings_ossl_,00604bc0,11,9,ok
ossl_init_no_load_ssl_strings_ossl_,00604bd0,11,9,ok
ossl_init_no_add_all_ciphers_ossl_,00604be0,11,9,ok
ossl_init_no_add_all_digests_ossl_,00604bf0,11,9,ok
ossl_init_async_ossl_,00604c00,39,13,ok
ossl_init_config_settings_ossl_,00604c30,27,9,ok
ossl_init_config_ossl_,00604c50,22,9,ok
ossl_init_no_config_ossl_,00604c70,24,10,ok
ossl_init_add_all_digests_ossl_,00604c90,24,10,ok
ossl_init_add_all_ciphers_ossl_,00604cb0,24,10,ok
ossl_init_load_ssl_strings_ossl_,00604cd0,24,10,ok
ossl_init_load_crypto_strings_ossl_,00604cf0,50,17,ok
ossl_init_base_ossl_,00604d30,158,25,ok
OPENSSL_init_crypto,00604de0,1081,154,ok
OPENSSL_cleanup,00605260,11,9,ok
sk_THREAD_EVENT_HANDLER_PTR_freefunc_thunk,00605280,8,11,ok
create_global_tevent_register_ossl_,00605290,185,31,ok
init_thread_remove_handlers,00605350,141,35,ok
init_thread_stop.part.0,006053f0,282,56,ok
init_thread_destructor,00605520,48,13,ok
ossl_init_thread,00605550,36,11,ok
ossl_cleanup_thread,00605580,275,47,ok
OPENSSL_thread_stop_ex,006056a0,50,19,ok
OPENSSL_thread_stop,006056e0,111,23,ok
ossl_ctx_thread_stop,00605760,46,18,ok
ossl_init_thread_start,006057a0,389,51,ok
ossl_init_thread_deregister,00605930,275,57,ok
CRYPTO_free,00605a50,26,15,ok
CRYPTO_malloc,00605a70,148,40,ok
CRYPTO_realloc,00605b10,178,45,ok
CRYPTO_set_mem_functions,00605bf0,53,20,ok
CRYPTO_get_mem_functions,00605c30,46,17,ok
CRYPTO_zalloc,00605c60,188,36,ok
CRYPTO_aligned_alloc,00605d30,203,34,ok
CRYPTO_clear_realloc,00605e10,274,44,ok
CRYPTO_clear_free,00605f50,87,21,ok
sh_setbit,00605fc0,226,36,ok
sh_add_to_list,006060b0,214,41,ok
sh_clearbit,00606190,224,36,ok
sh_testbit,00606270,184,25,ok
sh_actual_size,00606330,229,40,ok
sh_free,00606450,1029,143,ok
CRYPTO_secure_malloc_init,00606870,981,120,ok
CRYPTO_secure_malloc_done,00606c60,192,42,ok
CRYPTO_secure_malloc_initialized,00606d30,7,8,ok
CRYPTO_secure_malloc,00606d40,1183,161,ok
CRYPTO_secure_zalloc,00607200,20,13,ok
CRYPTO_secure_free,00607220,145,28,ok
CRYPTO_secure_clear_free,006072d0,157,29,ok
CRYPTO_secure_allocated,00607380,40,17,ok
CRYPTO_secure_used,006073b0,58,19,ok
CRYPTO_secure_actual_size,006073f0,65,19,ok
OPENSSL_DIR_read,00607440,218,46,ok
OPENSSL_DIR_end,00607520,84,24,ok
openssl_fopen,00607580,13,14,ok
hexstr2buf_sep,006075c0,300,54,ok
buf2hexstr_sep,00607710,399,68,ok
CRYPTO_strdup,006078b0,89,19,ok
CRYPTO_strndup,00607920,126,39,ok
CRYPTO_memdup,006079b0,76,20,ok
OPENSSL_strnlen,00607a10,39,20,ok
OPENSSL_strlcpy,00607a40,73,35,ok
OPENSSL_strlcat,00607aa0,105,46,ok
OPENSSL_strtoul,00607b40,152,27,ok
OPENSSL_hexchar2int,00607be0,31,11,ok
OPENSSL_hexstr2buf_ex,00607c10,9,9,ok
ossl_hexstr2buf_sep,00607c20,257,43,ok
OPENSSL_hexstr2buf,00607d30,274,43,ok
OPENSSL_buf2hexstr_ex,00607e60,442,68,ok
ossl_buf2hexstr_sep,00608030,262,39,ok
OPENSSL_buf2hexstr,00608150,246,32,ok
openssl_strerror_r,00608260,22,11,ok
OPENSSL_strcasecmp,00608280,59,22,ok
OPENSSL_strncasecmp,006082c0,100,25,ok
ossl_to_hex,00608330,37,10,ok
WPACKET_allocate_bytes,00608360,248,66,ok
WPACKET_reserve_bytes,00608470,239,60,ok
WPACKET_sub_reserve_bytes__,00608580,279,67,ok
WPACKET_init_static_len,006086b0,255,45,ok
WPACKET_init_der,006087c0,81,20,ok
WPACKET_init_len,00608820,347,71,ok
WPACKET_init,00608990,80,20,ok
WPACKET_init_null,006089f0,99,20,ok
WPACKET_init_null_der,00608a60,64,16,ok
WPACKET_set_flags,00608aa0,21,12,ok
WPACKET_start_sub_packet_len__,00608ac0,297,64,ok
WPACKET_start_sub_packet,00608c00,79,23,ok
WPACKET_put_bytes__,00608c60,427,100,ok
wpacket_intern_close,00608e30,842,174,ok
WPACKET_sub_allocate_bytes__,006091a0,328,63,ok
WPACKET_fill_lengths,00609300,743,176,ok
WPACKET_close,00609610,836,182,ok
WPACKET_finish,00609970,383,81,ok
WPACKET_set_max_size,00609b10,83,31,ok
WPACKET_memset,00609b80,299,74,ok
WPACKET_memcpy,00609cd0,299,74,ok
WPACKET_sub_memcpy__,00609e20,360,69,ok
WPACKET_get_total_written,00609fa0,21,12,ok
WPACKET_get_length,00609fc0,34,12,ok
WPACKET_get_curr,00609ff0,49,23,ok
WPACKET_is_null_buf,0060a040,20,11,ok
WPACKET_cleanup,0060a060,70,18,ok
WPACKET_start_quic_sub_packet_bound,0060a0b0,225,49,ok
WPACKET_start_quic_sub_packet,0060a1a0,165,37,ok
WPACKET_quic_sub_allocate_bytes,0060a260,575,120,ok
WPACKET_quic_write_vlint,0060a4c0,340,91,ok
sk_OSSL_PARAM_BLD_DEF_freefunc_thunk,0060a640,8,11,ok
push_BN,0060a650,633,83,ok
OSSL_PARAM_BLD_new,0060a900,98,22,ok
OSSL_PARAM_BLD_free,0060a970,117,26,ok
OSSL_PARAM_BLD_push_int,0060a9f0,242,44,ok
OSSL_PARAM_BLD_push_uint,0060aaf0,242,44,ok
OSSL_PARAM_BLD_push_long,0060abf0,242,44,ok
OSSL_PARAM_BLD_push_ulong,0060acf0,242,44,ok
OSSL_PARAM_BLD_push_int32,0060adf0,242,44,ok
OSSL_PARAM_BLD_push_uint32,0060aef0,242,44,ok
OSSL_PARAM_BLD_push_int64,0060aff0,242,44,ok
OSSL_PARAM_BLD_push_uint64,0060b0f0,242,44,ok
OSSL_PARAM_BLD_push_size_t,0060b1f0,242,44,ok
OSSL_PARAM_BLD_push_time_t,0060b2f0,242,44,ok
OSSL_PARAM_BLD_push_double,0060b3f0,244,44,ok
OSSL_PARAM_BLD_push_BN,0060b4f0,177,44,ok
OSSL_PARAM_BLD_push_BN_pad,0060b5b0,673,95,ok
OSSL_PARAM_BLD_push_utf8_string,0060b880,313,44,ok
OSSL_PARAM_BLD_push_utf8_ptr,0060b9d0,277,40,ok
OSSL_PARAM_BLD_push_octet_string,0060baf0,261,41,ok
OSSL_PARAM_BLD_push_octet_ptr,0060bc10,247,37,ok
OSSL_PARAM_BLD_to_param,0060bd10,831,161,ok
ossl_param_build_set_int,0060c080,53,21,ok
ossl_param_build_set_long,0060c0d0,56,21,ok
ossl_param_build_set_utf8_string,0060c120,58,22,ok
ossl_param_build_set_octet_string,0060c170,85,22,ok
ossl_param_build_set_bn_pad,0060c1e0,155,32,ok
ossl_param_build_set_bn,0060c290,65,21,ok
ossl_param_build_set_multi_key_bn,0060c2f0,224,50,ok
setbuf_fromparams,0060c400,210,43,ok
copy_integer,0060c4e0,179,32,ok
general_get_int,0060c5b0,208,31,ok
general_set_uint,0060c690,503,90,ok
general_set_int,0060c8c0,553,97,ok
general_get_uint,0060cb20,659,115,ok
OSSL_PARAM_locate,0060cdf0,77,33,ok
OSSL_PARAM_locate_const,0060ce40,77,33,ok
OSSL_PARAM_modified,0060ce90,18,14,ok
OSSL_PARAM_set_all_unmodified,0060ceb0,25,14,ok
OSSL_PARAM_get_int,0060cee0,557,88,ok
OSSL_PARAM_set_int,0060d150,348,61,ok
OSSL_PARAM_construct_int,0060d2d0,30,26,ok
OSSL_PARAM_get_uint,0060d2f0,650,99,ok
OSSL_PARAM_set_uint,0060d5c0,424,76,ok
OSSL_PARAM_construct_uint,0060d790,30,26,ok
OSSL_PARAM_get_long,0060d7b0,536,83,ok
OSSL_PARAM_set_long,0060da10,570,97,ok
OSSL_PARAM_construct_long,0060dc80,30,26,ok
OSSL_PARAM_get_ulong,0060dca0,617,100,ok
OSSL_PARAM_set_ulong,0060df40,580,89,ok
OSSL_PARAM_construct_ulong,0060e1d0,30,26,ok
OSSL_PARAM_get_int32,0060e1f0,557,88,ok
OSSL_PARAM_set_int32,0060e460,424,76,ok
OSSL_PARAM_construct_int32,0060e640,30,26,ok
OSSL_PARAM_get_uint32,0060e660,650,99,ok
OSSL_PARAM_set_uint32,0060e930,435,78,ok
OSSL_PARAM_construct_uint32,0060eb20,30,26,ok
OSSL_PARAM_get_int64,0060eb40,536,83,ok
OSSL_PARAM_set_int64,0060eda0,603,102,ok
OSSL_PARAM_construct_int64,0060f040,30,26,ok
OSSL_PARAM_get_uint64,0060f060,617,100,ok
OSSL_PARAM_set_uint64,0060f300,603,92,ok
OSSL_PARAM_construct_uint64,0060f5b0,30,26,ok
OSSL_PARAM_get_size_t,0060f5d0,617,100,ok
OSSL_PARAM_set_size_t,0060f870,580,89,ok
OSSL_PARAM_construct_size_t,0060fb00,30,26,ok
OSSL_PARAM_get_time_t,0060fb20,536,83,ok
OSSL_PARAM_set_time_t,0060fd80,570,97,ok
OSSL_PARAM_construct_time_t,0060fff0,30,26,ok
OSSL_PARAM_get_BN,00610010,266,37,ok
OSSL_PARAM_set_BN,00610130,505,86,ok
OSSL_PARAM_construct_BN,00610350,30,15,ok
OSSL_PARAM_get_double,00610370,460,73,ok
OSSL_PARAM_set_double,00610570,853,125,ok
OSSL_PARAM_construct_double,00610920,30,26,ok
OSSL_PARAM_get_utf8_string,00610940,439,57,ok
OSSL_PARAM_get_octet_string,00610b10,350,53,ok
OSSL_PARAM_set_utf8_string,00610c90,267,38,ok
OSSL_PARAM_set_octet_string,00610db0,221,32,ok
OSSL_PARAM_construct_utf8_string,00610ea0,68,18,ok
OSSL_PARAM_construct_octet_string,00610ef0,30,15,ok
OSSL_PARAM_get_utf8_ptr,00610f10,147,22,ok
OSSL_PARAM_get_octet_ptr,00610fc0,159,25,ok
OSSL_PARAM_set_utf8_ptr,00611070,187,32,ok
OSSL_PARAM_set_octet_ptr,00611140,156,26,ok
OSSL_PARAM_construct_utf8_ptr,006111f0,30,15,ok
OSSL_PARAM_construct_octet_ptr,00611210,30,15,ok
ossl_param_get1_octet_string_from_param,00611230,232,41,ok
ossl_param_get1_octet_string,00611340,291,47,ok
ossl_param_get1_concat_octet_string,00611480,269,40,ok
OSSL_PARAM_construct_end,006115a0,34,12,ok
OSSL_PARAM_get_utf8_string_ptr,006115d0,168,26,ok
OSSL_PARAM_get_octet_string_ptr,00611690,192,32,ok
OSSL_PARAM_set_octet_string_or_ptr,00611770,159,31,ok
compare_params,00611840,17,9,ok
ossl_param_bytes_to_blocks,00611860,9,8,ok
ossl_param_set_secure_block,00611870,23,12,ok
OSSL_PARAM_dup,00611890,818,152,ok
OSSL_PARAM_merge,00611bf0,742,201,ok
OSSL_PARAM_free,00611f30,101,24,ok
OSSL_PARAM_clear_free,00611fa0,123,27,ok
OSSL_PARAM_print_to_bio,00612040,508,89,ok
OSSL_PARAM_allocate_from_text,00612270,1398,223,ok
ossl_pw_clear_passphrase_data,00612840,84,20,ok
ossl_pw_clear_passphrase_cache,006128b0,39,11,ok
ossl_pw_set_passphrase,006128e0,267,39,ok
ossl_pw_set_pem_password_cb,00612a00,175,26,ok
ossl_pw_set_ossl_passphrase_cb,00612ac0,175,26,ok
ossl_pw_set_ui_method,00612b80,175,26,ok
ossl_pw_enable_passphrase_caching,00612c40,10,9,ok
ossl_pw_disable_passphrase_caching,00612c50,10,9,ok
ossl_pw_get_passphrase,00612c60,1456,193,ok
ossl_pw_pem_password,00613270,137,43,ok
ossl_pw_pvk_password,00613300,137,43,ok
ossl_pw_passphrase_callback_enc,00613390,14,9,ok
ossl_pw_passphrase_callback_dec,006133a0,11,9,ok
OSSL_PROVIDER_try_load_ex,006133b0,219,42,ok
OSSL_PROVIDER_try_load,006134a0,211,41,ok
OSSL_PROVIDER_load_ex,00613580,49,16,ok
OSSL_PROVIDER_load,006135c0,51,16,ok
OSSL_PROVIDER_unload,00613600,35,15,ok
OSSL_PROVIDER_gettable_params,00613630,5,16,ok
OSSL_PROVIDER_get_params,00613640,5,16,ok
OSSL_PROVIDER_query_operation,00613650,5,16,ok
OSSL_PROVIDER_unquery_operation,00613660,5,14,ok
OSSL_PROVIDER_get0_provider_ctx,00613670,5,11,ok
OSSL_PROVIDER_get0_dispatch,00613680,5,14,ok
OSSL_PROVIDER_self_test,00613690,5,18,ok
OSSL_PROVIDER_get_capabilities,006136a0,5,16,ok
OSSL_PROVIDER_add_builtin,006136b0,182,34,ok
OSSL_PROVIDER_get0_name,00613770,5,8,ok
OSSL_PROVIDER_do_all,00613780,5,129,ok
ossl_child_provider_init,006137a0,122,37,ok
provider_global_props_cb,00613830,21,9,ok
provider_remove_child_cb,00613850,131,26,ok
provider_create_child_cb,006138e0,265,50,ok
ossl_child_prov_ctx_new,00613a00,22,9,ok
ossl_child_prov_ctx_free,00613a20,34,10,ok
ossl_provider_init_as_child,00613a50,384,64,ok
ossl_provider_deinit_child,00613c00,37,17,ok
ossl_provider_up_ref_parent,00613c30,82,24,ok
ossl_provider_free_parent,00613c90,94,27,ok
sk_OPENSSL_CSTRING_freefunc_thunk,00613d00,8,11,ok
provider_conf_parse_bool_setting,00613d10,438,47,ok
provider_conf_params_internal,00613ee0,501,77,ok
sk_OSSL_PROVIDER_freefunc_thunk,00614100,8,11,ok
provider_conf_init,00614110,1688,237,ok
ossl_prov_conf_ctx_new,006147e0,82,20,ok
ossl_prov_conf_ctx_free,00614840,64,14,ok
ossl_provider_add_conf_module,00614880,21,9,ok
sk_INFOPAIR_freefunc_thunk,006148a0,8,11,ok
sk_OSSL_PROVIDER_cmpfunc_thunk,006148b0,11,12,ok
core_gettable_params,006148c0,8,8,ok
core_get_libctx,006148d0,5,8,ok
infopair_free,006148e0,71,11,ok
ossl_provider_child_cb_free,00614930,17,9,ok
ossl_provider_cmp,00614950,19,9,ok
core_new_error,00614970,5,45,ok
core_set_error_debug,00614980,13,10,ok
infopair_copy,00614990,148,32,ok
core_obj_create,00614a30,64,15,ok
core_obj_add_sigid,00614a80,147,27,ok
core_provider_get0_dispatch,00614b20,5,14,ok
core_provider_get0_provider_ctx,00614b30,5,11,ok
core_provider_get0_name,00614b40,5,8,ok
rand_cleanup_user_nonce,00614b50,9,9,ok
rand_cleanup_nonce,00614b60,9,9,ok
rand_get_user_nonce,00614b70,9,9,ok
rand_get_nonce,00614b80,9,9,ok
rand_cleanup_user_entropy,00614b90,9,9,ok
rand_cleanup_entropy,00614ba0,9,9,ok
rand_get_user_entropy,00614bb0,9,9,ok
rand_get_entropy,00614bc0,9,9,ok
core_indicator_get_callback,00614bd0,5,19,ok
core_self_test_get_callback,00614be0,5,38,ok
core_count_to_mark,00614bf0,5,49,ok
core_pop_error_to_mark,00614c00,5,75,ok
core_clear_last_error_mark,00614c10,5,42,ok
core_set_error_mark,00614c20,5,25,ok
core_vset_error,00614c30,73,17,ok
core_thread_start,00614c90,14,9,ok
ossl_provider_free.part.0,00614ca0,276,34,ok
sk_OSSL_PROVIDER_CHILD_CB_freefunc_thunk,00614dc0,8,11,ok
sk_OSSL_PROVIDER_freefunc_thunk,00614dd0,8,11,ok
ossl_provider_store_free.part.0,00614de0,285,37,ok
core_get_params,00614f00,222,40,ok
provider_activate,00614fe0,1924,305,ok
ossl_provider_deregister_child_cb,006157c0,214,38,ok
provider_remove_store_methods,006158b0,264,46,ok
ossl_provider_register_child_cb,006159d0,502,79,ok
provider_deactivate,00615be0,528,87,ok
core_provider_free_intern,00615e10,104,35,ok
provider_deactivate_free,00615e90,118,38,ok
provider_new,00615f20,395,75,ok
provider_activate_fallbacks,006160d0,415,98,ok
core_provider_up_ref_intern,006162a0,336,59,ok
ossl_provider_info_clear,00616410,86,14,ok
ossl_provider_store_free,00616470,11,12,ok
ossl_provider_store_new,00616490,179,38,ok
ossl_provider_disable_fallback_loading,00616550,108,25,ok
ossl_provider_info_add_to_store,006165d0,444,80,ok
ossl_provider_find,006167b0,397,79,ok
ossl_provider_up_ref,00616970,88,27,ok
ossl_provider_new,006169e0,1343,194,ok
ossl_provider_add_to_store,00616f70,698,121,ok
ossl_provider_free,00617250,33,22,ok
ossl_provider_set_module_path,00617280,86,19,ok
OSSL_PROVIDER_add_conf_parameter,006172e0,290,47,ok
OSSL_PROVIDER_get_conf_parameters,00617410,109,26,ok
OSSL_PROVIDER_conf_get_bool,00617480,397,66,ok
ossl_provider_info_add_parameter,00617620,290,47,ok
OSSL_PROVIDER_set_default_search_path,00617750,196,31,ok
OSSL_PROVIDER_get0_default_search_path,00617820,120,26,ok
ossl_provider_activate,006178a0,243,46,ok
ossl_provider_deactivate,006179b0,50,22,ok
ossl_provider_ctx,00617a00,16,11,ok
ossl_provider_activate_fallbacks,00617a20,86,19,ok
ossl_provider_doall_activated,00617a80,705,129,ok
OSSL_PROVIDER_available,00617d90,199,41,ok
ossl_provider_name,00617e70,5,8,ok
ossl_provider_dso,00617e80,5,8,ok
ossl_provider_module_name,00617e90,9,9,ok
ossl_provider_module_path,00617ea0,9,9,ok
ossl_provider_get0_dispatch,00617eb0,15,14,ok
ossl_provider_libctx,00617ec0,13,11,ok
ossl_provider_teardown,00617ee0,28,14,ok
ossl_provider_gettable_params,00617f10,21,16,ok
ossl_provider_get_params,00617f30,24,16,ok
ossl_provider_self_test,00617f50,67,18,ok
ossl_provider_random_bytes,00617fa0,24,16,ok
ossl_provider_get_capabilities,00617fc0,27,16,ok
ossl_provider_query_operation,00617fe0,24,16,ok
ossl_provider_unquery_operation,00618000,22,14,ok
ossl_provider_set_operation_bit,00618020,210,33,ok
ossl_provider_test_operation_bit,00618100,171,27,ok
ossl_provider_get_parent,006181c0,8,8,ok
ossl_provider_is_child,006181d0,11,8,ok
ossl_provider_set_child,006181e0,20,10,ok
ossl_provider_default_props_update,00618200,202,37,ok
ossl_quic_vlint_encode_n,006182e0,223,35,ok
ossl_quic_vlint_encode,006183d0,228,35,ok
ossl_quic_vlint_decode_unchecked,006184c0,175,30,ok
ossl_quic_vlint_decode,00618580,206,41,ok
ossl_self_test_set_callback_new,00618660,22,9,ok
ossl_self_test_set_callback_free,00618680,17,9,ok
OSSL_SELF_TEST_set_callback,006186a0,41,15,ok
OSSL_SELF_TEST_get_callback,006186d0,89,38,ok
OSSL_SELF_TEST_new,00618740,192,27,ok
OSSL_SELF_TEST_free,00618800,17,9,ok
OSSL_SELF_TEST_onbegin,00618820,275,60,ok
OSSL_SELF_TEST_onend,00618950,292,63,ok
OSSL_SELF_TEST_oncorrupt_byte,00618a80,288,60,ok
OSSL_sleep,00618bb0,184,30,ok
ossl_err_load_SSL_strings,00618c70,51,15,ok
init_master_key,00618cb0,39,14,ok
clean_master_key,00618ce0,79,21,ok
CRYPTO_THREAD_get_local_ex,00618d40,104,24,ok
CRYPTO_THREAD_set_local_ex,00618db0,240,47,ok
CRYPTO_THREAD_clean_local,00618eb0,131,27,ok
ossl_rcu_lock_new,00618f40,22,9,ok
ossl_rcu_lock_free,00618f60,17,9,ok
ossl_rcu_read_lock,00618f80,6,8,ok
ossl_rcu_write_lock,00618f90,1,8,ok
ossl_rcu_write_unlock,00618fa0,1,8,ok
ossl_rcu_read_unlock,00618fb0,1,8,ok
ossl_synchronize_rcu,00618fc0,72,19,ok
ossl_rcu_cb_item_new,00619010,22,9,ok
ossl_rcu_cb_item_free,00619030,17,9,ok
ossl_rcu_call,00619050,19,15,ok
ossl_rcu_uptr_deref,00619070,4,8,ok
ossl_rcu_assign_uptr,00619080,7,9,ok
CRYPTO_THREAD_lock_new,00619090,34,14,ok
CRYPTO_THREAD_read_lock,006190c0,9,8,ok
CRYPTO_THREAD_write_lock,006190d0,9,8,ok
CRYPTO_THREAD_unlock,006190e0,9,8,ok
CRYPTO_THREAD_lock_free,006190f0,29,13,ok
CRYPTO_THREAD_run_once,00619120,31,13,ok
CRYPTO_THREAD_init_local,00619150,66,25,ok
CRYPTO_THREAD_get_local,006191a0,28,11,ok
CRYPTO_THREAD_set_local,006191d0,34,14,ok
CRYPTO_THREAD_cleanup_local,00619200,50,16,ok
CRYPTO_THREAD_get_current_id,00619240,3,8,ok
CRYPTO_THREAD_compare_id,00619250,8,8,ok
CRYPTO_atomic_add,00619260,12,13,ok
CRYPTO_atomic_add64,00619270,15,13,ok
CRYPTO_atomic_and,00619280,15,13,ok
CRYPTO_atomic_or,00619290,15,13,ok
CRYPTO_atomic_load,006192a0,12,9,ok
CRYPTO_atomic_store,006192b0,9,9,ok
CRYPTO_atomic_load_int,006192c0,10,9,ok
CRYPTO_atomic_store_int,006192d0,8,9,ok
openssl_init_fork_handlers,006192e0,3,8,ok
openssl_get_fork_id,006192f0,5,11,ok
ossl_time_now,00619300,135,30,ok
OSSL_trace_get_category_name,006193a0,45,14,ok
OSSL_trace_get_category_num,006193e0,104,25,ok
ossl_trace_cleanup,00619450,1,8,ok
OSSL_trace_set_channel,00619460,3,8,ok
OSSL_trace_set_callback,00619470,3,8,ok
OSSL_trace_set_prefix,00619480,3,8,ok
OSSL_trace_set_suffix,00619490,3,8,ok
OSSL_trace_enabled,006194a0,3,8,ok
OSSL_trace_begin,006194b0,3,8,ok
OSSL_trace_end,006194c0,1,8,ok
OSSL_trace_string,006194d0,256,57,ok
OPENSSL_atomic_add,006195e0,24,25,ok
OPENSSL_rdtsc,00619600,15,12,ok
OPENSSL_ia32_cpuid,00619610,564,141,ok
OPENSSL_cleanse,00619850,82,32,ok
CRYPTO_memcmp,006198c0,83,33,ok
OPENSSL_instrument_bus,00619920,70,29,ok
OPENSSL_instrument_bus2,00619980,107,40,ok
OPENSSL_ia32_rdrand_bytes,006199f0,89,43,ok
OPENSSL_ia32_rdseed_bytes,00619a60,89,43,ok
sk_NAME_FUNCS_freefunc_thunk,00619ad0,8,11,ok
lh_OBJ_NAME_hfn_thunk,00619ae0,2,11,ok
lh_OBJ_NAME_cfn_thunk,00619af0,2,11,ok
lh_OBJ_NAME_doall_thunk,00619b00,2,11,ok
lh_OBJ_NAME_doall_arg_thunk,00619b10,2,11,ok
obj_name_hash,00619b20,76,21,ok
name_funcs_free,00619b70,17,9,ok
do_all_sorted_cmp,00619b90,19,9,ok
do_all_sorted_fn,00619bb0,25,15,ok
o_names_init_ossl_,00619bd0,183,27,ok
obj_name_cmp,00619c90,94,25,ok
do_all_fn,00619d00,20,14,ok
lh_OBJ_NAME_doall_OBJ_DOALL_thunk,00619d20,2,12,ok
names_lh_free_doall,00619d30,206,38,ok
OBJ_NAME_init,00619e10,37,16,ok
OBJ_NAME_new_index,00619e40,411,67,ok
OBJ_NAME_get,00619ff0,217,42,ok
OBJ_NAME_add,0061a0e0,318,51,ok
OBJ_NAME_remove,0061a230,213,37,ok
OBJ_NAME_do_all,0061a310,51,16,ok
OBJ_NAME_do_all_sorted,0061a350,229,38,ok
OBJ_NAME_cleanup,0061a440,187,27,ok
lh_ADDED_OBJ_hfn_thunk,0061a500,2,11,ok
lh_ADDED_OBJ_cfn_thunk,0061a510,2,11,ok
lh_ADDED_OBJ_doall_thunk,0061a520,2,11,ok
lh_ADDED_OBJ_doall_arg_thunk,0061a530,2,11,ok
cleanup1_doall,0061a540,16,15,ok
cleanup2_doall,0061a550,9,12,ok
cleanup3_doall,0061a560,42,18,ok
added_obj_cmp,0061a590,121,57,ok
ln_cmp_BSEARCH_CMP_FN,0061a620,30,9,ok
sn_cmp_BSEARCH_CMP_FN,0061a640,28,9,ok
added_obj_hash,0061a660,188,58,ok
add_object,0061a740,1206,190,ok
obj_api_initialise_ossl_,0061ac20,140,24,ok
obj_cmp_BSEARCH_CMP_FN,0061acc0,51,16,ok
OBJ_nid2obj.part.0,0061ad00,238,35,ok
ossl_obj_obj2nid,0061ae00,294,46,ok
ossl_obj_cleanup_int,0061af40,131,18,ok
OBJ_new_nid,0061afd0,11,14,ok
OBJ_nid2obj,0061afe0,59,17,ok
OBJ_nid2sn,0061b030,79,20,ok
OBJ_nid2ln,0061b090,81,20,ok
OBJ_obj2txt,0061b0f0,1199,213,ok
OBJ_ln2nid,0061b5c0,272,41,ok
OBJ_sn2nid,0061b6e0,272,40,ok
OBJ_txt2obj,0061b800,361,45,ok
OBJ_txt2nid,0061b980,409,55,ok
OBJ_bsearch_,0061bb30,19,11,ok
OBJ_bsearch_ex_,0061bb50,19,11,ok
OBJ_create,0061bb70,417,60,ok
OBJ_create_objects,0061bd20,304,73,ok
OBJ_length,0061be70,13,11,ok
OBJ_get0_data,0061be90,13,11,ok
OBJ_add_object,0061beb0,7,11,ok
OBJ_obj2nid,0061bec0,294,46,ok
OBJ_dup,0061c000,272,55,ok
OBJ_cmp,0061c130,29,17,ok
sk_nid_triple_freefunc_thunk,0061c160,8,11,ok
sk_nid_triple_cmpfunc_thunk,0061c170,11,11,ok
sig_cmp_BSEARCH_CMP_FN,0061c180,5,8,ok
sig_sk_cmp,0061c190,11,8,ok
sigx_cmp_BSEARCH_CMP_FN,0061c1a0,32,16,ok
o_sig_init_ossl_,0061c1c0,36,10,ok
sid_free,0061c1f0,17,9,ok
sigx_cmp,0061c210,30,16,ok
OBJ_find_sigid_algs,0061c230,303,44,ok
OBJ_find_sigid_by_algs,0061c370,303,49,ok
OBJ_add_sigid,0061c4b0,678,82,ok
OBJ_sigid_free,0061c770,100,19,ok
OCSP_SIGNATURE_it,0061c7e0,8,8,ok
OCSP_CERTID_it,0061c7f0,8,8,ok
OCSP_ONEREQ_it,0061c800,8,8,ok
OCSP_REQINFO_it,0061c810,8,8,ok
OCSP_RESPBYTES_it,0061c820,8,8,ok
OCSP_RESPID_it,0061c830,8,8,ok
OCSP_REVOKEDINFO_it,0061c840,8,8,ok
OCSP_CERTSTATUS_it,0061c850,8,8,ok
OCSP_SINGLERESP_it,0061c860,8,8,ok
OCSP_RESPDATA_it,0061c870,8,8,ok
d2i_OCSP_SIGNATURE,0061c880,12,11,ok
i2d_OCSP_SIGNATURE,0061c890,12,11,ok
OCSP_SIGNATURE_new,0061c8a0,12,13,ok
OCSP_SIGNATURE_free,0061c8b0,12,9,ok
d2i_OCSP_CERTID,0061c8c0,12,11,ok
i2d_OCSP_CERTID,0061c8d0,12,11,ok
OCSP_CERTID_new,0061c8e0,12,13,ok
OCSP_CERTID_free,0061c8f0,12,9,ok
d2i_OCSP_ONEREQ,0061c900,12,11,ok
i2d_OCSP_ONEREQ,0061c910,12,11,ok
OCSP_ONEREQ_new,0061c920,12,13,ok
OCSP_ONEREQ_free,0061c930,12,9,ok
d2i_OCSP_REQINFO,0061c940,12,11,ok
i2d_OCSP_REQINFO,0061c950,12,11,ok
OCSP_REQINFO_new,0061c960,12,13,ok
OCSP_REQINFO_free,0061c970,12,9,ok
OCSP_REQUEST_it,0061c980,8,8,ok
d2i_OCSP_REQUEST,0061c990,12,11,ok
i2d_OCSP_REQUEST,0061c9a0,12,11,ok
OCSP_REQUEST_new,0061c9b0,12,13,ok
OCSP_REQUEST_free,0061c9c0,12,9,ok
d2i_OCSP_RESPBYTES,0061c9d0,12,11,ok
i2d_OCSP_RESPBYTES,0061c9e0,12,11,ok
OCSP_RESPBYTES_new,0061c9f0,12,13,ok
OCSP_RESPBYTES_free,0061ca00,12,9,ok
OCSP_RESPONSE_it,0061ca10,8,8,ok
d2i_OCSP_RESPONSE,0061ca20,12,11,ok
i2d_OCSP_RESPONSE,0061ca30,12,11,ok
OCSP_RESPONSE_new,0061ca40,12,13,ok
OCSP_RESPONSE_free,0061ca50,12,9,ok
d2i_OCSP_RESPID,0061ca60,12,11,ok
i2d_OCSP_RESPID,0061ca70,12,11,ok
OCSP_RESPID_new,0061ca80,12,13,ok
OCSP_RESPID_free,0061ca90,12,9,ok
d2i_OCSP_REVOKEDINFO,0061caa0,12,11,ok
i2d_OCSP_REVOKEDINFO,0061cab0,12,11,ok
OCSP_REVOKEDINFO_new,0061cac0,12,13,ok
OCSP_REVOKEDINFO_free,0061cad0,12,9,ok
d2i_OCSP_CERTSTATUS,0061cae0,12,11,ok
i2d_OCSP_CERTSTATUS,0061caf0,12,11,ok
OCSP_CERTSTATUS_new,0061cb00,12,13,ok
OCSP_CERTSTATUS_free,0061cb10,12,9,ok
d2i_OCSP_SINGLERESP,0061cb20,12,11,ok
i2d_OCSP_SINGLERESP,0061cb30,12,11,ok
OCSP_SINGLERESP_new,0061cb40,12,13,ok
OCSP_SINGLERESP_free,0061cb50,12,9,ok
d2i_OCSP_RESPDATA,0061cb60,12,11,ok
i2d_OCSP_RESPDATA,0061cb70,12,11,ok
OCSP_RESPDATA_new,0061cb80,12,13,ok
OCSP_RESPDATA_free,0061cb90,12,9,ok
OCSP_BASICRESP_it,0061cba0,8,8,ok
d2i_OCSP_BASICRESP,0061cbb0,12,11,ok
i2d_OCSP_BASICRESP,0061cbc0,12,11,ok
OCSP_BASICRESP_new,0061cbd0,12,13,ok
OCSP_BASICRESP_free,0061cbe0,12,9,ok
OCSP_CRLID_it,0061cbf0,8,8,ok
d2i_OCSP_CRLID,0061cc00,12,11,ok
i2d_OCSP_CRLID,0061cc10,12,11,ok
OCSP_CRLID_new,0061cc20,12,13,ok
OCSP_CRLID_free,0061cc30,12,9,ok
OCSP_SERVICELOC_it,0061cc40,8,8,ok
d2i_OCSP_SERVICELOC,0061cc50,12,11,ok
i2d_OCSP_SERVICELOC,0061cc60,12,11,ok
OCSP_SERVICELOC_new,0061cc70,12,13,ok
OCSP_SERVICELOC_free,0061cc80,12,9,ok
OCSP_request_add0_id,0061cc90,88,22,ok
OCSP_request_set1_name,0061ccf0,9,11,ok
OCSP_request_add1_cert,0061cd00,105,30,ok
OCSP_request_sign,0061cd90,430,73,ok
OCSP_response_status,0061cf60,17,11,ok
OCSP_response_get1_basic,0061cf80,145,30,ok
OCSP_resp_get0_signature,0061d020,5,8,ok
OCSP_resp_get0_tbs_sigalg,0061d030,5,8,ok
OCSP_resp_get0_respdata,0061d040,4,8,ok
OCSP_resp_count,0061d050,20,14,ok
OCSP_resp_get0,0061d070,17,14,ok
OCSP_resp_get0_produced_at,0061d090,5,8,ok
OCSP_resp_get0_certs,0061d0a0,5,8,ok
OCSP_resp_get0_id,0061d0b0,52,19,ok
OCSP_resp_get1_id,0061d0f0,111,26,ok
OCSP_resp_find,0061d170,83,29,ok
OCSP_single_get0_status,0061d1d0,151,43,ok
OCSP_resp_find_status,0061d270,263,66,ok
OCSP_check_validity,0061d380,525,68,ok
OCSP_SINGLERESP_get0_id,0061d5a0,4,8,ok
sk_ASN1_OBJECT_freefunc_thunk,0061d5b0,8,11,ok
sk_ACCESS_DESCRIPTION_freefunc_thunk,0061d5c0,8,11,ok
OCSP_REQUEST_get_ext_count,0061d5d0,9,11,ok
OCSP_REQUEST_get_ext_by_NID,0061d5e0,9,11,ok
OCSP_REQUEST_get_ext_by_OBJ,0061d5f0,9,11,ok
OCSP_REQUEST_get_ext_by_critical,0061d600,9,12,ok
OCSP_REQUEST_get_ext,0061d610,9,11,ok
OCSP_REQUEST_delete_ext,0061d620,9,11,ok
OCSP_REQUEST_get1_ext_d2i,0061d630,9,11,ok
OCSP_REQUEST_add1_ext_i2d,0061d640,9,11,ok
OCSP_REQUEST_add_ext,0061d650,27,11,ok
OCSP_ONEREQ_get_ext_count,0061d670,9,11,ok
OCSP_ONEREQ_get_ext_by_NID,0061d680,9,11,ok
OCSP_ONEREQ_get_ext_by_OBJ,0061d690,9,11,ok
OCSP_ONEREQ_get_ext_by_critical,0061d6a0,9,11,ok
OCSP_ONEREQ_get_ext,0061d6b0,9,11,ok
OCSP_ONEREQ_delete_ext,0061d6c0,9,11,ok
OCSP_ONEREQ_get1_ext_d2i,0061d6d0,9,11,ok
OCSP_ONEREQ_add1_ext_i2d,0061d6e0,9,11,ok
OCSP_ONEREQ_add_ext,0061d6f0,27,11,ok
OCSP_BASICRESP_get_ext_count,0061d710,9,11,ok
OCSP_BASICRESP_get_ext_by_NID,0061d720,9,11,ok
OCSP_BASICRESP_get_ext_by_OBJ,0061d730,9,11,ok
OCSP_BASICRESP_get_ext_by_critical,0061d740,9,12,ok
OCSP_BASICRESP_get_ext,0061d750,9,11,ok
OCSP_BASICRESP_delete_ext,0061d760,9,11,ok
OCSP_BASICRESP_get1_ext_d2i,0061d770,9,11,ok
OCSP_BASICRESP_add1_ext_i2d,0061d780,9,12,ok
OCSP_BASICRESP_add_ext,0061d790,27,11,ok
OCSP_SINGLERESP_get_ext_count,0061d7b0,9,11,ok
OCSP_SINGLERESP_get_ext_by_NID,0061d7c0,9,11,ok
OCSP_SINGLERESP_get_ext_by_OBJ,0061d7d0,9,11,ok
OCSP_SINGLERESP_get_ext_by_critical,0061d7e0,9,11,ok
OCSP_SINGLERESP_get_ext,0061d7f0,9,11,ok
OCSP_SINGLERESP_delete_ext,0061d800,9,11,ok
OCSP_SINGLERESP_get1_ext_d2i,0061d810,9,11,ok
OCSP_SINGLERESP_add1_ext_i2d,0061d820,9,11,ok
OCSP_SINGLERESP_add_ext,0061d830,27,11,ok
OCSP_request_add1_nonce,0061d850,230,41,ok
OCSP_basic_add1_nonce,0061d940,230,41,ok
OCSP_check_nonce,0061da30,172,36,ok
OCSP_copy_nonce,0061dae0,84,20,ok
OCSP_crlID_new,0061db40,191,54,ok
OCSP_accept_responses_new,0061dc10,139,31,ok
OCSP_archive_cutoff_new,0061dcb0,77,23,ok
OCSP_url_svcloc_new,0061dd10,305,69,ok
OCSP_cert_id_new,0061de50,388,61,ok
OCSP_cert_to_id,0061dfe0,109,26,ok
OCSP_id_issuer_cmp,0061e060,70,20,ok
OCSP_id_cmp,0061e0b0,87,23,ok
OCSP_CERTID_dup,0061e110,21,13,ok
ocsp_certid_print.isra.0,0061e130,215,21,ok
OCSP_response_status_str,0061e210,100,31,ok
OCSP_cert_status_str,0061e280,55,22,ok
OCSP_crl_reason_str,0061e2c0,160,43,ok
OCSP_REQUEST_print,0061e360,397,63,ok
OCSP_RESPONSE_print,0061e500,1352,211,ok
sk_OCSP_SINGLERESP_freefunc_thunk,0061ea60,8,11,ok
OCSP_request_onereq_count,0061ea70,9,11,ok
OCSP_request_onereq_get0,0061ea80,9,11,ok
OCSP_onereq_get0_id,0061ea90,4,8,ok
OCSP_id_get0_info,0061eaa0,61,24,ok
OCSP_request_is_signed,0061eaf0,11,8,ok
OCSP_response_create,0061eb00,131,35,ok
OCSP_basic_add1_status,0061eb90,416,80,ok
OCSP_basic_add1_cert,0061ed50,14,11,ok
OCSP_basic_sign_ctx,0061ed60,568,86,ok
OCSP_basic_sign,0061efb0,194,30,ok
OCSP_RESPID_set_by_name,0061f080,41,17,ok
OCSP_RESPID_set_by_key_ex,0061f0b0,154,33,ok
OCSP_RESPID_set_by_key,0061f160,184,31,ok
OCSP_RESPID_match_ex,0061f230,235,49,ok
OCSP_RESPID_match,0061f330,253,54,ok
ocsp_verify_signer,0061f440,413,63,ok
ocsp_verify.part.0,0061f600,280,43,ok
ocsp_match_issuerid,0061f720,481,73,ok
ocsp_find_signer_sk.isra.0,0061f920,224,44,ok
OCSP_basic_verify,0061fa10,954,148,ok
OCSP_resp_get0_signer,0061fdf0,74,21,ok
OCSP_request_verify,0061fe40,411,61,ok
PEM_read_bio_X509_REQ,0061fff0,31,11,ok
PEM_read_X509_REQ,00620010,31,11,ok
PEM_write_bio_X509_REQ,00620030,46,12,ok
PEM_write_X509_REQ,00620060,46,12,ok
PEM_write_bio_X509_REQ_NEW,00620090,46,12,ok
PEM_write_X509_REQ_NEW,006200c0,46,12,ok
PEM_read_bio_X509_CRL,006200f0,31,11,ok
PEM_read_X509_CRL,00620110,31,11,ok
PEM_write_bio_X509_CRL,00620130,46,12,ok
PEM_write_X509_CRL,00620160,46,12,ok
PEM_read_bio_X509_PUBKEY,00620190,31,9,ok
PEM_read_X509_PUBKEY,006201b0,31,9,ok
PEM_write_bio_X509_PUBKEY,006201d0,46,10,ok
PEM_write_X509_PUBKEY,00620200,46,10,ok
PEM_read_bio_PKCS7,00620230,31,11,ok
PEM_read_PKCS7,00620250,31,11,ok
PEM_write_bio_PKCS7,00620270,46,12,ok
PEM_write_PKCS7,006202a0,46,12,ok
PEM_read_bio_NETSCAPE_CERT_SEQUENCE,006202d0,31,13,ok
PEM_read_NETSCAPE_CERT_SEQUENCE,006202f0,31,13,ok
PEM_write_bio_NETSCAPE_CERT_SEQUENCE,00620310,46,12,ok
PEM_write_NETSCAPE_CERT_SEQUENCE,00620340,46,12,ok
PEM_read_bio_RSAPrivateKey,00620370,82,23,ok
PEM_read_RSAPrivateKey,006203d0,82,23,ok
PEM_write_bio_RSAPrivateKey,00620430,48,12,ok
PEM_write_RSAPrivateKey,00620460,48,12,ok
PEM_read_bio_RSAPublicKey,00620490,31,11,ok
PEM_read_RSAPublicKey,006204b0,31,11,ok
PEM_write_bio_RSAPublicKey,006204d0,46,12,ok
PEM_write_RSAPublicKey,00620500,46,12,ok
PEM_read_bio_RSA_PUBKEY,00620530,31,11,ok
PEM_read_RSA_PUBKEY,00620550,31,11,ok
PEM_write_bio_RSA_PUBKEY,00620570,46,12,ok
PEM_write_RSA_PUBKEY,006205a0,46,12,ok
PEM_read_bio_DSAPrivateKey,006205d0,82,23,ok
PEM_write_bio_DSAPrivateKey,00620630,48,12,ok
PEM_write_DSAPrivateKey,00620660,48,12,ok
PEM_read_bio_DSA_PUBKEY,00620690,31,11,ok
PEM_read_DSA_PUBKEY,006206b0,31,11,ok
PEM_write_bio_DSA_PUBKEY,006206d0,46,12,ok
PEM_write_DSA_PUBKEY,00620700,46,12,ok
PEM_read_DSAPrivateKey,00620730,82,23,ok
PEM_read_bio_DSAparams,00620790,31,11,ok
PEM_read_DSAparams,006207b0,31,11,ok
PEM_write_bio_DSAparams,006207d0,46,12,ok
PEM_write_DSAparams,00620800,46,12,ok
PEM_read_bio_ECPrivateKey,00620830,82,23,ok
PEM_read_bio_ECPKParameters,00620890,31,11,ok
PEM_read_ECPKParameters,006208b0,31,11,ok
PEM_write_bio_ECPKParameters,006208d0,46,12,ok
PEM_write_ECPKParameters,00620900,46,12,ok
PEM_write_bio_ECPrivateKey,00620930,48,12,ok
PEM_write_ECPrivateKey,00620960,48,12,ok
PEM_read_bio_EC_PUBKEY,00620990,31,11,ok
PEM_read_EC_PUBKEY,006209b0,31,11,ok
PEM_write_bio_EC_PUBKEY,006209d0,46,12,ok
PEM_write_EC_PUBKEY,00620a00,46,12,ok
PEM_read_ECPrivateKey,00620a30,82,23,ok
PEM_write_bio_DHparams,00620a90,46,12,ok
PEM_write_DHparams,00620ac0,46,12,ok
PEM_write_bio_DHxparams,00620af0,46,10,ok
PEM_write_DHxparams,00620b20,46,10,ok
PEM_read_bio_DHparams,00620b50,267,37,ok
PEM_read_DHparams,00620c70,151,25,ok
PEM_write_bio_PUBKEY,00620d10,145,21,ok
PEM_write_bio_PUBKEY_ex,00620db0,145,21,ok
PEM_write_PUBKEY,00620e50,145,21,ok
PEM_write_PUBKEY_ex,00620ef0,145,21,ok
sk_X509_INFO_freefunc_thunk,00620f90,8,11,ok
PEM_X509_INFO_read_bio_ex,00620fa0,1686,215,ok
PEM_X509_INFO_read_ex,00621670,179,28,ok
PEM_X509_INFO_read,00621730,157,25,ok
PEM_X509_INFO_read_bio,006217e0,11,11,ok
PEM_X509_INFO_write_bio,006217f0,549,70,ok
sanitize_line,00621a30,371,84,ok
get_header_and_data,00621bd0,802,123,ok
get_name.constprop.0,00621f40,477,74,ok
PEM_read_bio_ex.constprop.0,00622130,992,126,ok
check_pem,00622530,723,113,ok
PEM_def_callback,00622820,210,35,ok
PEM_proc_type,00622900,93,18,ok
PEM_dek_info,00622960,162,37,ok
PEM_ASN1_read,00622a20,179,25,ok
PEM_do_header,00622ae0,521,66,ok
PEM_get_EVP_CIPHER_INFO,00622d10,967,121,ok
PEM_bytes_read_bio_secmem,00623100,1483,177,ok
PEM_bytes_read_bio,00623710,520,66,ok
PEM_write_bio,00623930,786,95,ok
PEM_ASN1_write_bio_internal,00623c60,1240,150,ok
PEM_ASN1_write_bio,00624170,44,12,ok
PEM_ASN1_write,006241a0,200,26,ok
PEM_ASN1_write_bio_ctx,00624270,50,13,ok
PEM_write,006242b0,167,25,ok
PEM_read,00624360,167,25,ok
PEM_read_bio_ex,00624410,1410,177,ok
PEM_read_bio,006249b0,5,125,ok
ossl_pem_check_suffix,006249c0,91,27,ok
PEM_ASN1_read_bio,00624a30,197,29,ok
do_pk8pkey.constprop.0,00624b00,1008,130,ok
PEM_write_bio_PKCS8PrivateKey_nid,00624f50,32,13,ok
PEM_write_bio_PKCS8PrivateKey,00624f70,35,16,ok
i2d_PKCS8PrivateKey_bio,00624fa0,38,14,ok
i2d_PKCS8PrivateKey_nid_bio,00624fd0,35,13,ok
d2i_PKCS8PrivateKey_bio,00625000,253,46,ok
i2d_PKCS8PrivateKey_fp,00625110,166,23,ok
i2d_PKCS8PrivateKey_nid_fp,006251c0,164,23,ok
PEM_write_PKCS8PrivateKey_nid,00625270,161,23,ok
PEM_write_PKCS8PrivateKey,00625320,163,23,ok
d2i_PKCS8PrivateKey_fp,006253d0,128,22,ok
PEM_read_bio_PKCS8,00625460,31,11,ok
PEM_read_PKCS8,00625480,31,11,ok
PEM_write_bio_PKCS8,006254a0,46,12,ok
PEM_write_PKCS8,006254d0,46,12,ok
PEM_read_bio_PKCS8_PRIV_KEY_INFO,00625500,31,13,ok
PEM_read_PKCS8_PRIV_KEY_INFO,00625520,31,12,ok
PEM_write_bio_PKCS8_PRIV_KEY_INFO,00625540,46,12,ok
PEM_write_PKCS8_PRIV_KEY_INFO,00625570,46,12,ok
no_password_cb,006255a0,6,8,ok
pem_read_bio_key_legacy.constprop.0,006255b0,801,108,ok
pem_read_bio_key,006258e0,769,121,ok
PEM_read_bio_PUBKEY_ex,00625c10,19,9,ok
PEM_read_bio_PUBKEY,00625c30,25,11,ok
PEM_read_PUBKEY_ex,00625c50,190,27,ok
PEM_read_PUBKEY,00625d20,168,25,ok
PEM_read_bio_PrivateKey_ex,00625dd0,19,9,ok
PEM_read_bio_PrivateKey,00625df0,25,11,ok
PEM_write_bio_PrivateKey_traditional,00625e10,306,35,ok
PEM_write_bio_PrivateKey_ex,00625f50,388,57,ok
PEM_write_bio_PrivateKey,006260f0,386,54,ok
PEM_read_bio_Parameters_ex,00626290,34,10,ok
PEM_read_bio_Parameters,006262c0,34,11,ok
PEM_write_bio_Parameters,006262f0,209,30,ok
PEM_read_PrivateKey_ex,006263d0,190,28,ok
PEM_read_PrivateKey,006264a0,168,25,ok
PEM_write_PrivateKey_ex,00626550,166,26,ok
PEM_write_PrivateKey,00626600,162,23,ok
PEM_read_bio_X509,006266b0,31,11,ok
PEM_read_X509,006266d0,31,11,ok
PEM_write_bio_X509,006266f0,46,12,ok
PEM_write_X509,00626720,46,12,ok
PEM_read_bio_X509_AUX,00626750,31,11,ok
PEM_read_X509_AUX,00626770,31,11,ok
PEM_write_bio_X509_AUX,00626790,46,12,ok
PEM_write_X509_AUX,006267c0,46,12,ok
evp_pkey_new0_key,006267f0,349,56,ok
derive_pvk_key.constprop.0,00626960,446,107,ok
do_i2b,00626b30,1947,310,ok
i2b_PVK.constprop.0,00627310,826,119,ok
ossl_do_blob_header,00627670,601,104,ok
ossl_blob_length,00627900,46,20,ok
ossl_b2i_DSA_after_header,00627940,750,117,ok
ossl_b2i_RSA_after_header,00627c60,955,139,ok
ossl_b2i_bio,00628050,960,140,ok
do_PVK_body_key.isra.0,00628450,1979,246,ok
do_PVK_key_bio,00628c60,719,87,ok
ossl_b2i,00628f50,834,130,ok
b2i_PrivateKey,006292d0,729,95,ok
b2i_PublicKey,006295e0,739,96,ok
b2i_PrivateKey_bio,006298f0,767,110,ok
b2i_PublicKey_bio,00629c20,758,112,ok
i2b_PrivateKey_bio,00629f50,100,23,ok
i2b_PublicKey_bio,00629fc0,103,23,ok
ossl_do_PVK_header,0062a030,496,79,ok
b2i_DSA_PVK_bio_ex,0062a240,642,78,ok
b2i_DSA_PVK_bio,0062a4e0,621,75,ok
b2i_RSA_PVK_bio_ex,0062a770,643,78,ok
b2i_RSA_PVK_bio,0062aa10,622,75,ok
b2i_PVK_bio_ex,0062aca0,471,29,ok
b2i_PVK_bio,0062aea0,471,29,ok
i2b_PVK_bio_ex,0062b0a0,160,26,ok
i2b_PVK_bio,0062b150,161,27,ok
PKCS12_item_pack_safebag,0062b200,243,43,ok
PKCS12_pack_p7data,0062b310,254,42,ok
PKCS12_unpack_p7data,0062b430,186,32,ok
PKCS12_pack_p7encdata_ex,0062b500,569,73,ok
PKCS12_pack_p7encdata,0062b750,22,13,ok
PKCS12_unpack_p7encdata,0062b770,192,31,ok
PKCS12_decrypt_skey_ex,0062b840,9,9,ok
PKCS12_decrypt_skey,0062b850,14,11,ok
PKCS12_pack_authsafes,0062b860,52,15,ok
PKCS12_unpack_authsafes,0062b8a0,283,50,ok
PKCS12_MAC_DATA_it,0062b9d0,8,8,ok
PKCS12_BAGS_adb,0062b9e0,8,8,ok
PKCS12_BAGS_it,0062b9f0,8,8,ok
PKCS12_SAFEBAG_adb,0062ba00,8,8,ok
PKCS12_SAFEBAG_it,0062ba10,8,8,ok
PKCS12_it,0062ba20,8,8,ok
d2i_PKCS12,0062ba30,12,11,ok
i2d_PKCS12,0062ba40,12,11,ok
PKCS12_new,0062ba50,12,13,ok
PKCS12_free,0062ba60,67,13,ok
d2i_PKCS12_MAC_DATA,0062bab0,12,11,ok
i2d_PKCS12_MAC_DATA,0062bac0,12,11,ok
PKCS12_MAC_DATA_new,0062bad0,12,13,ok
PKCS12_MAC_DATA_free,0062bae0,12,9,ok
d2i_PKCS12_BAGS,0062baf0,12,11,ok
i2d_PKCS12_BAGS,0062bb00,12,11,ok
PKCS12_BAGS_new,0062bb10,12,13,ok
PKCS12_BAGS_free,0062bb20,12,9,ok
d2i_PKCS12_SAFEBAG,0062bb30,12,11,ok
i2d_PKCS12_SAFEBAG,0062bb40,12,11,ok
PKCS12_SAFEBAG_new,0062bb50,12,13,ok
PKCS12_SAFEBAG_free,0062bb60,12,9,ok
PKCS12_SAFEBAGS_it,0062bb70,8,8,ok
PKCS12_AUTHSAFES_it,0062bb80,8,8,ok
PKCS12_add_localkeyid,0062bb90,43,11,ok
PKCS8_add_keyusage,0062bbc0,40,13,ok
PKCS12_add_friendlyname_asc,0062bbf0,43,11,ok
PKCS12_add_friendlyname_utf8,0062bc20,43,12,ok
PKCS12_add_friendlyname_uni,0062bc50,43,11,ok
PKCS12_add_CSPName_asc,0062bc80,43,11,ok
PKCS12_add1_attr_by_NID,0062bcb0,27,12,ok
PKCS12_add1_attr_by_txt,0062bcd0,27,12,ok
PKCS12_get_attr_gen,0062bcf0,43,18,ok
PKCS12_get_friendlyname,0062bd30,50,17,ok
PKCS12_SAFEBAG_get0_attrs,0062bd70,5,8,ok
PKCS12_SAFEBAG_set0_attrs,0062bd80,37,12,ok
PKCS12_PBE_add,0062bdb0,1,10,ok
PKCS12_PBE_keyivgen_ex,0062bdc0,539,72,ok
PKCS12_PBE_keyivgen,0062c000,519,67,ok
sk_PKCS7_freefunc_thunk,0062c220,8,11,ok
sk_PKCS12_SAFEBAG_freefunc_thunk,0062c230,8,11,ok
PKCS12_add_cert,0062c240,268,54,ok
PKCS12_add_key_ex,0062c350,289,61,ok
PKCS12_add_key,0062c480,285,61,ok
PKCS12_add_secret,0062c5b0,146,39,ok
PKCS12_add_safe_ex,0062c650,254,47,ok
PKCS12_create_ex2,0062c770,1925,271,ok
PKCS12_create_ex,0062cf20,46,9,ok
PKCS12_create,0062cf50,42,12,ok
PKCS12_add_safe,0062cf80,244,45,ok
PKCS12_add_safes_ex,0062d090,85,23,ok
PKCS12_add_safes,0062d0f0,83,22,ok
PKCS12_pbe_crypt_ex,0062d150,911,129,ok
PKCS12_pbe_crypt,0062d530,27,12,ok
PKCS12_item_decrypt_d2i_ex,0062d550,299,46,ok
PKCS12_item_decrypt_d2i,0062d680,295,44,ok
PKCS12_item_i2d_encrypt_ex,0062d7b0,383,47,ok
PKCS12_item_i2d_encrypt,0062d950,379,44,ok
PKCS12_init_ex,0062daf0,361,54,ok
PKCS12_init,0062dc70,346,54,ok
ossl_pkcs12_get0_pkcs7ctx,0062dde0,24,17,ok
PKCS12_key_gen_asc_ex,0062de00,720,148,ok
PKCS12_key_gen_asc,0062e0e0,708,146,ok
PKCS12_key_gen_utf8_ex,0062e3c0,720,148,ok
PKCS12_key_gen_utf8,0062e6a0,708,147,ok
PKCS12_key_gen_uni_ex,0062e980,536,127,ok
PKCS12_key_gen_uni,0062eba0,524,124,ok
pkcs12_setup_mac,0062edc0,427,80,ok
pkcs12_pbmac1_pbkdf2_key_gen,0062ef80,33,13,ok
PKCS12_mac_present,0062efb0,11,8,ok
PKCS12_get0_mac,0062efc0,130,33,ok
PBMAC1_get1_pbkdf2_param,0062f050,229,39,ok
pkcs12_gen_mac,0062f140,1984,241,ok
PKCS12_gen_mac,0062f930,21,11,ok
PKCS12_verify_mac,0062f950,583,67,ok
PKCS12_set_mac,0062fbb0,369,49,ok
PKCS12_setup_mac,0062fd40,435,81,ok
PKCS12_set_pbmac1_pbkdf2,0062ff10,1216,153,ok
PKCS8_decrypt_ex,00630410,90,16,ok
PKCS8_decrypt,00630470,76,17,ok
PKCS8_encrypt_ex,006304c0,508,68,ok
PKCS8_encrypt,006306e0,498,68,ok
PKCS8_set0_pbe_ex,00630900,190,32,ok
PKCS8_set0_pbe,006309c0,176,32,ok
PKCS12_get_attr,00630a70,9,9,ok
PKCS12_SAFEBAG_get0_attr,00630a80,9,9,ok
PKCS8_get_attr,00630a90,19,12,ok
PKCS12_SAFEBAG_get0_p8inf,00630ab0,30,16,ok
PKCS12_SAFEBAG_get0_pkcs8,00630ad0,30,16,ok
PKCS12_SAFEBAG_get0_safes,00630af0,30,16,ok
PKCS12_SAFEBAG_get0_type,00630b10,4,8,ok
PKCS12_SAFEBAG_get_nid,00630b20,8,9,ok
PKCS12_SAFEBAG_get_bag_nid,00630b30,42,15,ok
PKCS12_SAFEBAG_get0_bag_type,00630b60,35,14,ok
PKCS12_SAFEBAG_get0_bag_obj,00630b90,64,17,ok
PKCS12_SAFEBAG_get1_cert,00630be0,64,21,ok
PKCS12_SAFEBAG_get1_crl,00630c30,64,21,ok
PKCS12_SAFEBAG_get1_cert_ex,00630c80,122,22,ok
PKCS12_SAFEBAG_get1_crl_ex,00630d00,122,22,ok
PKCS12_SAFEBAG_create_cert,00630d80,31,12,ok
PKCS12_SAFEBAG_create_crl,00630da0,31,12,ok
PKCS12_SAFEBAG_create_secret,00630dc0,444,70,ok
PKCS12_SAFEBAG_create0_p8inf,00630fa0,107,21,ok
PKCS12_SAFEBAG_create0_pkcs8,00631020,107,21,ok
PKCS12_SAFEBAG_create_pkcs8_encrypt_ex,006310a0,256,43,ok
PKCS12_SAFEBAG_create_pkcs8_encrypt,006311b0,241,42,ok
OPENSSL_asc2uni,006312c0,273,56,ok
OPENSSL_uni2asc,006313e0,187,48,ok
OPENSSL_utf82uni,006314b0,451,84,ok
OPENSSL_uni2utf8,00631690,610,113,ok
i2d_PKCS12_bio,00631900,37,13,ok
i2d_PKCS12_fp,00631930,37,13,ok
d2i_PKCS12_bio,00631960,102,27,ok
d2i_PKCS12_fp,006319d0,102,27,ok
PKCS7_adb,00631a40,8,8,ok
PKCS7_it,00631a50,8,8,ok
PKCS7_SIGNED_it,00631a60,8,8,ok
PKCS7_SIGNER_INFO_it,00631a70,8,8,ok
PKCS7_ISSUER_AND_SERIAL_it,00631a80,8,8,ok
PKCS7_ENVELOPE_it,00631a90,8,8,ok
PKCS7_RECIP_INFO_it,00631aa0,8,8,ok
PKCS7_ENC_CONTENT_it,00631ab0,8,8,ok
PKCS7_SIGN_ENVELOPE_it,00631ac0,8,8,ok
PKCS7_ENCRYPT_it,00631ad0,8,8,ok
PKCS7_DIGEST_it,00631ae0,8,8,ok
pk7_cb,00631af0,126,33,ok
ri_cb,00631b80,37,12,ok
si_cb,00631bb0,37,12,ok
d2i_PKCS7,00631be0,66,14,ok
i2d_PKCS7,00631c30,12,11,ok
PKCS7_new,00631c40,12,13,ok
PKCS7_new_ex,00631c50,150,26,ok
PKCS7_free,00631cf0,47,13,ok
i2d_PKCS7_NDEF,00631d30,12,11,ok
PKCS7_dup,00631d40,15,11,ok
d2i_PKCS7_SIGNED,00631d50,12,11,ok
i2d_PKCS7_SIGNED,00631d60,12,11,ok
PKCS7_SIGNED_new,00631d70,12,13,ok
PKCS7_SIGNED_free,00631d80,12,9,ok
d2i_PKCS7_SIGNER_INFO,00631d90,12,11,ok
i2d_PKCS7_SIGNER_INFO,00631da0,12,11,ok
PKCS7_SIGNER_INFO_new,00631db0,12,13,ok
PKCS7_SIGNER_INFO_free,00631dc0,12,9,ok
d2i_PKCS7_ISSUER_AND_SERIAL,00631dd0,12,13,ok
i2d_PKCS7_ISSUER_AND_SERIAL,00631de0,12,11,ok
PKCS7_ISSUER_AND_SERIAL_new,00631df0,12,13,ok
PKCS7_ISSUER_AND_SERIAL_free,00631e00,12,9,ok
d2i_PKCS7_ENVELOPE,00631e10,12,11,ok
i2d_PKCS7_ENVELOPE,00631e20,12,11,ok
PKCS7_ENVELOPE_new,00631e30,12,13,ok
PKCS7_ENVELOPE_free,00631e40,12,9,ok
d2i_PKCS7_RECIP_INFO,00631e50,12,11,ok
i2d_PKCS7_RECIP_INFO,00631e60,12,11,ok
PKCS7_RECIP_INFO_new,00631e70,12,13,ok
PKCS7_RECIP_INFO_free,00631e80,12,9,ok
d2i_PKCS7_ENC_CONTENT,00631e90,12,11,ok
i2d_PKCS7_ENC_CONTENT,00631ea0,12,11,ok
PKCS7_ENC_CONTENT_new,00631eb0,12,13,ok
PKCS7_ENC_CONTENT_free,00631ec0,12,9,ok
d2i_PKCS7_SIGN_ENVELOPE,00631ed0,12,11,ok
i2d_PKCS7_SIGN_ENVELOPE,00631ee0,12,11,ok
PKCS7_SIGN_ENVELOPE_new,00631ef0,12,13,ok
PKCS7_SIGN_ENVELOPE_free,00631f00,12,9,ok
d2i_PKCS7_ENCRYPT,00631f10,12,11,ok
i2d_PKCS7_ENCRYPT,00631f20,12,11,ok
PKCS7_ENCRYPT_new,00631f30,12,13,ok
PKCS7_ENCRYPT_free,00631f40,12,9,ok
d2i_PKCS7_DIGEST,00631f50,12,11,ok
i2d_PKCS7_DIGEST,00631f60,12,11,ok
PKCS7_DIGEST_new,00631f70,12,13,ok
PKCS7_DIGEST_free,00631f80,12,9,ok
PKCS7_ATTR_SIGN_it,00631f90,8,8,ok
PKCS7_ATTR_VERIFY_it,00631fa0,8,8,ok
PKCS7_print_ctx,00631fb0,15,11,ok
sk_X509_ATTRIBUTE_freefunc_thunk,00631fc0,8,11,ok
pkcs7_bio_add_digest,00631fd0,392,58,ok
pkcs7_decrypt_rinfo,00632180,269,44,ok
PKCS7_find_digest,006322a0,199,32,ok
add_attribute,00632370,266,51,ok
pkcs7_get1_data,006324a0,302,56,ok
PKCS7_type_is_other,006325f0,30,11,ok
PKCS7_get_octet_string,00632610,67,23,ok
PKCS7_dataInit,00632670,2036,274,ok
PKCS7_dataDecode,00632ea0,2888,380,ok
PKCS7_SIGNER_INFO_sign,00633a50,501,79,ok
PKCS7_dataFinal,00633c60,2102,269,ok
PKCS7_signatureVerify,00634510,1203,152,ok
PKCS7_dataVerify,006349f0,537,61,ok
PKCS7_get_issuer_and_serial,00634c30,85,22,ok
PKCS7_get_signed_attribute,00634c90,47,20,ok
PKCS7_get_attribute,00634cd0,47,20,ok
PKCS7_digest_from_attributes,00634d10,63,20,ok
PKCS7_set_signed_attributes,00634d60,65,14,ok
PKCS7_set_attributes,00634db0,65,14,ok
PKCS7_add_signed_attribute,00634e00,9,11,ok
PKCS7_add_attribute,00634e10,9,11,ok
sk_X509_CRL_freefunc_thunk,00634e20,8,11,ok
PKCS7_ctrl,00634e30,387,67,ok
PKCS7_set_content,00634fd0,144,25,ok
PKCS7_set_type,00635070,423,86,ok
PKCS7_content_new,00635240,185,33,ok
PKCS7_set0_type_other,00635310,39,13,ok
PKCS7_add_signer,00635340,392,61,ok
PKCS7_add_certificate,006354f0,115,18,ok
PKCS7_add_crl,00635570,242,42,ok
PKCS7_SIGNER_INFO_set,00635680,565,84,ok
PKCS7_add_signature,006358c0,738,110,ok
pkcs7_get0_certificates,00635bc0,56,20,ok
ossl_pkcs7_resolve_libctx,00635c10,400,81,ok
ossl_pkcs7_get0_ctx,00635dd0,14,14,ok
ossl_pkcs7_set0_libctx,00635de0,5,9,ok
ossl_pkcs7_set1_propq,00635df0,96,21,ok
ossl_pkcs7_ctx_propagate,00635e50,109,24,ok
ossl_pkcs7_ctx_get0_libctx,00635ec0,12,11,ok
ossl_pkcs7_ctx_get0_propq,00635ee0,13,11,ok
PKCS7_set_digest,00635f00,206,35,ok
PKCS7_get_signer_info,00635fe0,61,20,ok
PKCS7_SIGNER_INFO_get0_algs,00636030,37,18,ok
PKCS7_RECIP_INFO_get0_alg,00636060,13,11,ok
PKCS7_add_recipient_info,00636070,129,25,ok
PKCS7_RECIP_INFO_set,00636100,433,83,ok
PKCS7_add_recipient,006362c0,170,38,ok
PKCS7_cert_from_signer_info,00636380,65,18,ok
PKCS7_set_cipher,006363d0,200,34,ok
PKCS7_stream,006364b0,260,54,ok
i2d_PKCS7_bio_stream,006365e0,57,13,ok
PEM_write_bio_PKCS7_stream,00636620,64,13,ok
SMIME_write_PKCS7,00636660,161,29,ok
SMIME_read_PKCS7_ex,00636710,110,29,ok
SMIME_read_PKCS7,00636790,73,16,ok
sk_X509_ALGOR_freefunc_thunk,006367e0,8,11,ok
sk_X509_freefunc_thunk,006367f0,8,11,ok
PKCS7_final,00636800,229,32,ok
PKCS7_sign_add_signer,006368f0,1348,144,ok
PKCS7_sign_ex,00636e60,393,55,ok
PKCS7_sign,00637000,19,11,ok
PKCS7_get0_signers,00637020,601,99,ok
PKCS7_verify,00637290,2016,227,ok
PKCS7_encrypt_ex,00637ab0,339,55,ok
PKCS7_encrypt,00637c20,11,11,ok
PKCS7_decrypt,00637c30,786,101,ok
lh_PROPERTY_DEFN_ELEM_hfn_thunk,00637f80,2,11,ok
lh_PROPERTY_DEFN_ELEM_cfn_thunk,00637f90,2,12,ok
lh_PROPERTY_DEFN_ELEM_doall_thunk,00637fa0,2,11,ok
lh_PROPERTY_DEFN_ELEM_doall_arg_thunk,00637fb0,2,12,ok
property_defn_free,00637fc0,34,10,ok
property_defn_cmp,00637ff0,11,9,ok
property_defn_hash,00638000,8,9,ok
ossl_property_defns_free,00638010,31,13,ok
ossl_property_defns_new,00638040,63,14,ok
ossl_prop_defn_get,00638080,99,24,ok
ossl_prop_defn_set,006380f0,300,56,ok
sk_IMPLEMENTATION_freefunc_thunk,00638230,8,11,ok
lh_QUERY_hfn_thunk,00638240,2,11,ok
lh_QUERY_cfn_thunk,00638250,2,11,ok
lh_QUERY_doall_thunk,00638260,2,11,ok
lh_QUERY_doall_arg_thunk,00638270,2,11,ok
sk_ALGORITHM_cmpfunc_thunk,00638280,11,11,ok
impl_cache_free,00638290,38,13,ok
impl_free,006382c0,38,13,ok
query_hash,006382f0,9,9,ok
impl_cache_flush_alg,00638300,30,10,ok
del_tmpalg,00638320,34,10,ok
alg_copy,00638350,79,18,ok
impl_cache_flush_one_alg,006383b0,79,18,ok
alg_cleanup,00638400,122,22,ok
query_cmp,00638480,68,17,ok
sk_ALGORITHM_freefunc_thunk,006384d0,8,11,ok
lh_QUERY_doall_IMPL_CACHE_FLUSH_thunk,006384e0,2,12,ok
alg_cleanup_by_provider,006384f0,204,43,ok
impl_cache_flush_cache,006385c0,90,25,ok
ossl_ctx_global_properties_free,00638630,39,13,ok
ossl_ctx_global_properties_new,00638670,22,9,ok
ossl_ctx_global_properties,00638690,42,18,ok
ossl_global_properties_no_mirrored,006386d0,35,16,ok
ossl_global_properties_stop_mirroring,00638700,28,14,ok
ossl_method_store_new,00638720,379,71,ok
ossl_method_store_free,006388a0,152,29,ok
ossl_method_lock_store,00638950,17,14,ok
ossl_method_unlock_store,00638970,17,14,ok
ossl_method_store_add,00638990,810,134,ok
ossl_method_store_remove,00638ce0,295,41,ok
ossl_method_store_remove_all_provided,00638e20,150,31,ok
ossl_method_store_do_all,00638ed0,398,65,ok
ossl_method_store_fetch,00639060,803,120,ok
ossl_method_store_cache_flush_all,006393a0,137,28,ok
ossl_method_store_cache_get,00639430,188,38,ok
ossl_method_store_cache_set,00639500,672,100,ok
sk_OSSL_PROPERTY_DEFINITION_freefunc_thunk,006397c0,8,11,ok
sk_OSSL_PROPERTY_DEFINITION_cmpfunc_thunk,006397d0,11,12,ok
pd_compare,006397e0,25,18,ok
pd_free,00639800,17,9,ok
parse_number,00639820,364,51,ok
parse_string,006399a0,335,64,ok
parse_unquoted,00639b20,394,66,ok
parse_value,00639cc0,979,150,ok
stack_to_property_list,0063a0f0,371,60,ok
parse_name.constprop.0,0063a270,520,85,ok
put_str,0063a4b0,503,103,ok
ossl_parse_property,0063a6d0,664,94,ok
ossl_parse_query,0063a990,736,121,ok
ossl_property_match_count,0063ac90,240,83,ok
ossl_property_free,0063ada0,17,9,ok
ossl_property_merge,0063adc0,455,105,ok
ossl_property_parse_init,0063afa0,113,24,ok
ossl_property_list_to_string,0063b020,1074,211,ok
property_idx_cmp,0063b4a0,5,8,ok
ossl_property_find_property,0063b4b0,92,18,ok
ossl_property_get_type,0063b510,4,8,ok
ossl_property_get_string_value,0063b520,23,14,ok
ossl_property_get_number_value,0063b540,19,11,ok
ossl_property_has_optional,0063b560,8,8,ok
ossl_property_is_enabled,0063b570,154,27,ok
sk_OPENSSL_CSTRING_freefunc_thunk,0063b620,8,11,ok
lh_PROPERTY_STRING_hfn_thunk,0063b630,2,11,ok
lh_PROPERTY_STRING_cfn_thunk,0063b640,2,11,ok
lh_PROPERTY_STRING_doall_thunk,0063b650,2,11,ok
lh_PROPERTY_STRING_doall_arg_thunk,0063b660,2,12,ok
property_free,0063b670,17,9,ok
property_cmp,0063b690,11,9,ok
property_hash,0063b6a0,8,9,ok
ossl_property_string_data_free,0063b6b0,167,31,ok
ossl_property_string_data_new,0063b770,414,54,ok
ossl_property_name,0063b920,522,83,ok
ossl_property_name_str,0063bb40,131,24,ok
ossl_property_value,0063bbd0,522,83,ok
ossl_property_value_str,0063bdf0,131,24,ok
ossl_rand_get_entropy,0063be80,148,28,ok
ossl_rand_get_user_entropy,0063bf30,239,37,ok
ossl_rand_cleanup_entropy,0063c030,23,9,ok
ossl_rand_cleanup_user_entropy,0063c050,80,20,ok
ossl_rand_get_nonce,0063c0b0,188,37,ok
ossl_rand_get_user_nonce,0063c180,192,30,ok
ossl_rand_cleanup_nonce,0063c250,23,9,ok
ossl_rand_cleanup_user_nonce,0063c270,23,9,ok
random_conf_deinit,0063c290,1,8,ok
do_rand_init_ossl_,0063c2a0,95,19,ok
rand_new_drbg,0063c310,1038,180,ok
rand_get0_primary,0063c740,724,116,ok
rand_get0_private,0063ca30,213,31,ok
rand_get0_public,0063cb10,213,31,ok
rand_delete_thread_state,0063cbf0,115,21,ok
ossl_rand_cleanup_int,0063cc70,164,29,ok
RAND_keep_random_devices_open,0063cd30,46,15,ok
RAND_set_rand_method,0063cd70,83,19,ok
RAND_get_rand_method,0063cdd0,144,30,ok
RAND_seed,0063ce70,233,44,ok
RAND_poll,0063cf70,301,52,ok
RAND_add,0063d0b0,268,44,ok
RAND_pseudo_bytes,0063d1d0,227,38,ok
RAND_status,0063d2c0,91,31,ok
RAND_priv_bytes_ex,0063d330,303,46,ok
RAND_priv_bytes,0063d470,229,41,ok
RAND_bytes_ex,0063d570,300,46,ok
RAND_bytes,0063d6b0,223,41,ok
ossl_rand_ctx_new,0063d7a0,155,29,ok
ossl_rand_ctx_free,0063d850,193,22,ok
ossl_rand_get0_seed_noncreating,0063d920,70,21,ok
RAND_get0_primary,0063d970,739,121,ok
RAND_get0_public,0063dc80,217,31,ok
RAND_get0_private,0063dd70,217,31,ok
RAND_set0_public,0063de60,105,22,ok
RAND_set0_private,0063ded0,105,22,ok
ossl_random_add_conf_module,0063df40,26,9,ok
RAND_set_DRBG_type,0063df60,348,46,ok
RAND_set_seed_source_type,0063e0c0,232,33,ok
RAND_set1_random_provider,0063e1c0,187,40,ok
random_conf_init,0063e280,1132,158,ok
ossl_rand_check_random_provider_on_load,0063e710,92,23,ok
ossl_rand_check_random_provider_on_unload,0063e780,46,17,ok
drbg_status,0063e7c0,40,18,ok
drbg_add,0063e7f0,62,16,ok
drbg_bytes,0063e840,62,16,ok
drbg_seed,0063e880,62,16,ok
RAND_OpenSSL,0063e8d0,8,8,ok
ossl_rand_pool_new,0063e8e0,241,58,ok
ossl_rand_pool_attach,0063e9e0,121,32,ok
ossl_rand_pool_free,0063ea60,93,20,ok
ossl_rand_pool_buffer,0063ead0,4,8,ok
ossl_rand_pool_entropy,0063eae0,5,8,ok
ossl_rand_pool_length,0063eaf0,5,8,ok
ossl_rand_pool_detach,0063eb00,19,13,ok
ossl_rand_pool_reattach,0063eb20,29,11,ok
ossl_rand_pool_entropy_available,0063eb40,24,12,ok
ossl_rand_pool_entropy_needed,0063eb60,27,14,ok
ossl_rand_pool_bytes_needed,0063eb80,616,93,ok
ossl_rand_pool_bytes_remaining,0063ee20,9,8,ok
ossl_rand_pool_add,0063ee30,540,82,ok
ossl_rand_pool_add_begin,0063f080,433,75,ok
ossl_rand_pool_add_end,0063f250,97,18,ok
ossl_rand_pool_adin_mix_in,0063f2c0,214,42,ok
ossl_rand_uniform_uint32,0063f3b0,225,50,ok
ossl_rand_range_uint32,0063f4b0,256,45,ok
RAND_load_file,0063f5d0,582,82,ok
RAND_write_file,0063f840,380,49,ok
RAND_file_name,0063f9c0,177,30,ok
rsa_pkey_dirty_cnt,0063fa80,12,8,ok
rsa_pkey_copy,0063fa90,107,23,ok
int_rsa_free,0063fb10,9,9,ok
rsa_pkey_check,0063fb20,11,9,ok
old_rsa_priv_encode,0063fb30,9,9,ok
old_rsa_priv_decode,0063fb40,45,14,ok
rsa_pss_param_print,0063fb70,882,113,ok
rsa_sig_print,0063fef0,149,30,ok
rsa_security_bits,0063ffa0,9,9,ok
rsa_bits,0063ffb0,13,9,ok
int_rsa_size,0063ffc0,9,9,ok
rsa_priv_print,0063ffd0,805,119,ok
rsa_priv_decode,00640300,47,14,ok
rsa_pub_cmp,00640330,115,22,ok
rsa_pub_decode,006403b0,194,36,ok
rsa_pss_pkey_export_to,00640490,412,68,ok
rsa_priv_encode,00640640,378,59,ok
rsa_pub_encode,006407d0,282,53,ok
rsa_pkey_import_from,00640900,265,38,ok
rsa_pkey_ctrl,00640a10,299,46,ok
rsa_pub_print,00640b60,258,40,ok
rsa_sig_info_set,00640c70,434,79,ok
rsa_pkey_export_to,00640e40,412,68,ok
ossl_rsa_pss_params_create,00640ff0,152,33,ok
rsa_pss_pkey_import_from,00641090,366,56,ok
ossl_rsa_ctx_to_pss_string,00641210,306,71,ok
rsa_item_sign,00641360,470,113,ok
ossl_rsa_pss_to_ctx,00641550,600,81,ok
rsa_item_verify,006417c0,116,24,ok
ossl_rsa_pss_get_param,00641840,165,24,ok
RSA_PRIME_INFO_it,00641900,8,8,ok
rsa_oaep_cb,00641910,37,12,ok
rsa_pss_cb,00641940,37,12,ok
rsa_cb,00641970,95,25,ok
RSAPrivateKey_it,006419e0,8,8,ok
RSAPublicKey_it,006419f0,8,8,ok
RSA_PSS_PARAMS_it,00641a00,8,8,ok
d2i_RSA_PSS_PARAMS,00641a10,12,11,ok
i2d_RSA_PSS_PARAMS,00641a20,12,11,ok
RSA_PSS_PARAMS_new,00641a30,12,13,ok
RSA_PSS_PARAMS_free,00641a40,12,9,ok
RSA_PSS_PARAMS_dup,00641a50,15,9,ok
RSA_OAEP_PARAMS_it,00641a60,8,8,ok
d2i_RSA_OAEP_PARAMS,00641a70,12,9,ok
i2d_RSA_OAEP_PARAMS,00641a80,12,9,ok
RSA_OAEP_PARAMS_new,00641a90,12,9,ok
RSA_OAEP_PARAMS_free,00641aa0,12,9,ok
d2i_RSAPrivateKey,00641ab0,12,11,ok
i2d_RSAPrivateKey,00641ac0,12,11,ok
d2i_RSAPublicKey,00641ad0,12,11,ok
i2d_RSAPublicKey,00641ae0,12,11,ok
RSAPublicKey_dup,00641af0,15,11,ok
RSAPrivateKey_dup,00641b00,15,11,ok
sk_RSA_PRIME_INFO_freefunc_thunk,00641b10,8,11,ok
sk_RSA_PRIME_INFO_cmpfunc_thunk,00641b20,11,12,ok
sk_BIGNUM_freefunc_thunk,00641b30,8,11,ok
sk_BIGNUM_const_freefunc_thunk,00641b40,8,11,ok
ossl_rsa_fromdata,00641b50,2123,281,ok
ossl_rsa_todata,006423c0,419,58,ok
ossl_rsa_pss_params_30_todata,00642570,541,97,ok
ossl_rsa_pss_params_30_fromdata,006427c0,717,135,ok
ossl_rsa_is_foreign,00642ac0,25,13,ok
ossl_rsa_dup,00642ae0,750,148,ok
ossl_rsa_pss_decode,00642de0,69,27,ok
ossl_rsa_pss_get_param_unverified,00642e30,186,45,ok
ossl_rsa_param_decode,00642f00,569,125,ok
ossl_rsa_key_from_pkcs8,00643140,240,40,ok
rsa_validate_keypair_multiprime,00643240,2302,247,ok
ossl_rsa_validate_public,00643b80,5,73,ok
ossl_rsa_validate_private,00643b90,5,23,ok
ossl_rsa_validate_pairwise,00643ba0,25,11,ok
RSA_check_key,00643bc0,7,11,ok
RSA_check_key_ex,00643bd0,5,247,ok
RSA_bits,00643be0,9,9,ok
RSA_size,00643bf0,30,16,ok
RSA_public_encrypt,00643c10,7,13,ok
RSA_private_encrypt,00643c20,7,13,ok
RSA_private_decrypt,00643c30,7,13,ok
RSA_public_decrypt,00643c40,7,13,ok
RSA_flags,00643c50,15,14,ok
RSA_blinding_off,00643c60,18,9,ok
RSA_blinding_on,00643c80,23,9,ok
RSA_setup_blinding,00643ca0,678,95,ok
sk_RSA_PRIME_INFO_freefunc_thunk,00643f60,8,11,ok
sk_RSA_PRIME_INFO_cmpfunc_thunk,00643f70,11,12,ok
sk_BIGNUM_freefunc_thunk,00643f80,8,11,ok
ossl_rsa_multiprime_derive,00643f90,2061,306,ok
rsa_multiprime_keygen,006447d0,3121,391,ok
ossl_rsa_generate_multi_prime_key,00645440,209,44,ok
RSA_generate_multi_prime_key,00645530,177,43,ok
RSA_generate_key_ex,00645600,157,35,ok
sk_RSA_PRIME_INFO_freefunc_thunk,006456c0,8,11,ok
sk_RSA_PRIME_INFO_cmpfunc_thunk,006456d0,11,12,ok
RSA_free.part.0,006456e0,200,31,ok
rsa_new_intern,006457b0,324,51,ok
sk_BIGNUM_const_freefunc_thunk,00645900,8,11,ok
RSA_new,00645910,7,13,ok
RSA_get_method,00645920,5,8,ok
RSA_set_method,00645930,57,18,ok
RSA_new_method,00645970,13,14,ok
ossl_rsa_new_with_ctx,00645990,5,51,ok
RSA_free,006459a0,30,15,ok
RSA_up_ref,006459d0,25,12,ok
ossl_rsa_get0_libctx,006459f0,5,8,ok
ossl_rsa_set0_libctx,00645a00,5,9,ok
RSA_set_ex_data,00645a10,12,11,ok
RSA_get_ex_data,00645a20,12,11,ok
ossl_ifc_ffc_compute_security_bits,00645a30,440,84,ok
RSA_security_bits,00645c00,561,101,ok
RSA_set0_key,00645e50,191,50,ok
RSA_set0_factors,00645f30,174,49,ok
RSA_set0_crt_params,00646000,369,89,ok
RSA_set0_multi_prime_params,006461a0,499,66,ok
RSA_get0_key,006463a0,37,17,ok
RSA_get0_factors,006463d0,25,14,ok
RSA_get_multi_prime_extra_count,006463f0,28,14,ok
RSA_get0_multi_prime_factors,00646410,93,24,ok
RSA_get0_crt_params,00646470,37,17,ok
RSA_get0_multi_prime_crt_params,006464a0,185,43,ok
RSA_get0_n,00646570,5,8,ok
RSA_get0_e,00646580,5,8,ok
RSA_get0_d,00646590,5,8,ok
RSA_get0_p,006465a0,5,8,ok
RSA_get0_q,006465b0,5,8,ok
RSA_get0_dmp1,006465c0,5,8,ok
RSA_get0_dmq1,006465d0,5,8,ok
RSA_get0_iqmp,006465e0,5,8,ok
RSA_get0_pss_params,006465f0,5,8,ok
ossl_rsa_set0_pss_params,00646600,37,10,ok
ossl_rsa_get0_pss_params_30,00646630,5,8,ok
RSA_clear_flags,00646640,9,9,ok
RSA_test_flags,00646650,9,8,ok
RSA_set_flags,00646660,7,9,ok
RSA_get_version,00646670,4,8,ok
RSA_pkey_ctx_ctrl,00646680,46,15,ok
ossl_rsa_set0_all_params,006466c0,938,128,ok
ossl_rsa_get0_all_params,00646a90,245,40,ok
ossl_rsa_check_factors,00646b90,437,85,ok
EVP_PKEY_CTX_set_rsa_padding,00646d70,52,15,ok
EVP_PKEY_CTX_get_rsa_padding,00646db0,52,15,ok
EVP_PKEY_CTX_set_rsa_pss_keygen_md,00646df0,26,9,ok
EVP_PKEY_CTX_set_rsa_pss_keygen_md_name,00646e10,335,80,ok
EVP_PKEY_CTX_set_rsa_oaep_md,00646f70,75,15,ok
EVP_PKEY_CTX_set_rsa_oaep_md_name,00646fc0,336,80,ok
EVP_PKEY_CTX_get_rsa_oaep_md_name,00647120,259,64,ok
EVP_PKEY_CTX_get_rsa_oaep_md,00647230,75,15,ok
EVP_PKEY_CTX_set_rsa_mgf1_md,00647280,52,15,ok
EVP_PKEY_CTX_set_rsa_mgf1_md_name,006472c0,351,77,ok
EVP_PKEY_CTX_get_rsa_mgf1_md_name,00647440,270,61,ok
EVP_PKEY_CTX_set_rsa_pss_keygen_mgf1_md,00647560,26,9,ok
EVP_PKEY_CTX_set_rsa_pss_keygen_mgf1_md_name,00647580,250,64,ok
EVP_PKEY_CTX_get_rsa_mgf1_md,00647690,52,15,ok
EVP_PKEY_CTX_set0_rsa_oaep_label,006476d0,298,71,ok
EVP_PKEY_CTX_get0_rsa_oaep_label,00647810,244,64,ok
EVP_PKEY_CTX_set_rsa_pss_saltlen,00647920,52,15,ok
EVP_PKEY_CTX_get_rsa_pss_saltlen,00647960,52,15,ok
EVP_PKEY_CTX_set_rsa_pss_keygen_saltlen,006479a0,232,65,ok
EVP_PKEY_CTX_set_rsa_keygen_bits,00647aa0,255,63,ok
EVP_PKEY_CTX_set_rsa_keygen_pubexp,00647bb0,121,23,ok
EVP_PKEY_CTX_set1_rsa_keygen_pubexp,00647c30,104,17,ok
EVP_PKEY_CTX_set_rsa_keygen_primes,00647cb0,255,63,ok
ossl_rsa_multip_info_free_ex,00647dc0,34,10,ok
ossl_rsa_multip_info_free,00647df0,60,13,ok
ossl_rsa_multip_info_new,00647e30,166,37,ok
ossl_rsa_multip_calc_product,00647ee0,182,51,ok
ossl_rsa_multip_cap,00647fb0,42,14,ok
rsa_ossl_init,00647fe0,13,9,ok
rsa_ossl_finish,00647ff0,103,23,ok
rsa_ossl_mod_exp,00648060,2444,273,ok
free_bn_blinding,00648a10,8,9,ok
rsa_get_blinding,00648a20,179,39,ok
rsa_ossl_private_decrypt,00648af0,2317,290,ok
rsa_ossl_private_encrypt,00649460,1151,158,ok
rsa_ossl_public_decrypt,00649910,1088,135,ok
rsa_ossl_public_encrypt,00649d90,844,108,ok
RSA_set_default_method,0064a120,8,9,ok
RSA_get_default_method,0064a130,8,10,ok
RSA_PKCS1_OpenSSL,0064a140,8,8,ok
RSA_null_method,0064a150,3,10,ok
ossl_rsa_free_blinding,0064a160,34,13,ok
ossl_rsa_alloc_blinding,0064a190,5,9,ok
RSA_padding_add_PKCS1_type_1,0064a1c0,140,24,ok
RSA_padding_check_PKCS1_type_1,0064a250,469,76,ok
ossl_rsa_padding_add_PKCS1_type_2_ex,0064a450,331,56,ok
RSA_padding_add_PKCS1_type_2,0064a5c0,18,11,ok
RSA_padding_check_PKCS1_type_2,0064a5e0,854,110,ok
ossl_rsa_padding_check_PKCS1_type_2,0064a940,2194,297,ok
ossl_rsa_padding_check_PKCS1_type_2_TLS,0064b1e0,509,52,ok
ossl_rsa_verify_PKCS1_PSS_mgf1,0064b3e0,1510,228,ok
RSA_verify_PKCS1_PSS_mgf1,0064ba00,24,12,ok
RSA_verify_PKCS1_PSS,0064ba20,29,11,ok
RSA_padding_add_PKCS1_PSS,0064ba40,1337,198,ok
RSA_padding_add_PKCS1_PSS_mgf1,0064bfa0,1328,204,ok
ossl_rsa_padding_add_PKCS1_PSS_mgf1,0064c500,1407,213,ok
ossl_rsa_pss_params_30_set_defaults,0064caa0,32,27,ok
ossl_rsa_pss_params_30_is_unrestricted,0064cad0,60,21,ok
ossl_rsa_pss_params_30_copy,0064cb10,19,20,ok
ossl_rsa_pss_params_30_set_hashalg,0064cb30,16,12,ok
ossl_rsa_pss_params_30_set_maskgenhashalg,0064cb50,17,12,ok
ossl_rsa_pss_params_30_set_saltlen,0064cb70,17,12,ok
ossl_rsa_pss_params_30_set_trailerfield,0064cb90,17,12,ok
ossl_rsa_pss_params_30_hashalg,0064cbb0,14,11,ok
ossl_rsa_pss_params_30_maskgenalg,0064cbd0,15,11,ok
ossl_rsa_pss_params_30_maskgenhashalg,0064cbf0,15,11,ok
ossl_rsa_pss_params_30_saltlen,0064cc10,15,11,ok
ossl_rsa_pss_params_30_trailerfield,0064cc30,15,11,ok
ossl_rsa_oaeppss_md2nid,0064cc50,74,22,ok
ossl_rsa_oaeppss_nid2name,0064ccb0,122,34,ok
ossl_rsa_mgf_nid2name,0064cd30,23,14,ok
ossl_rsa_check_crt_components,0064cd50,559,71,ok
ossl_rsa_check_prime_factor_range,0064cf90,215,38,ok
ossl_rsa_check_prime_factor,0064d080,245,40,ok
ossl_rsa_check_public_exponent,0064d190,41,18,ok
ossl_rsa_check_pminusq_diff,0064d1c0,105,23,ok
ossl_rsa_get_lcm,0064d230,176,23,ok
ossl_rsa_check_private_exponent,0064d2f0,396,57,ok
ossl_rsa_sp800_56b_check_public,0064d490,509,72,ok
ossl_rsa_sp800_56b_check_private,0064d6a0,64,23,ok
ossl_rsa_sp800_56b_check_keypair,0064d6f0,739,105,ok
ossl_rsa_fips186_5_gen_prob_primes,0064d9f0,698,100,ok
ossl_rsa_sp800_56b_validate_strength,0064dcd0,79,17,ok
ossl_rsa_sp800_56b_derive_params_from_pq,0064dd30,902,130,ok
ossl_rsa_sp800_56b_pairwise_test,0064e0e0,230,39,ok
ossl_rsa_sp800_56b_generate_key,0064e1d0,313,64,ok
RSA_padding_add_X931,0064e330,182,34,ok
RSA_padding_check_X931,0064e3f0,287,62,ok
RSA_X931_hash_id,0064e530,66,30,ok
SipHash_ctx_size,0064e580,6,8,ok
SipHash_hash_size,0064e590,4,8,ok
SipHash_set_hash_size,0064e5a0,96,36,ok
SipHash_Init,0064e610,179,36,ok
SipHash_Update,0064e6d0,511,103,ok
SipHash_Final,0064e8f0,535,97,ok
srp_Calc_xy,0064eb10,337,48,ok
SRP_Calc_u_ex,0064ec70,343,50,ok
SRP_Calc_u,0064ede0,339,49,ok
SRP_Calc_server_key,0064ef50,276,41,ok
SRP_Calc_B_ex,0064f080,387,51,ok
SRP_Calc_B,0064f210,371,49,ok
SRP_Calc_x_ex,0064f3a0,504,66,ok
SRP_Calc_x,0064f5b0,487,64,ok
SRP_Calc_A,0064f7b0,134,28,ok
SRP_Calc_client_key_ex,0064f840,603,75,ok
SRP_Calc_client_key,0064fab0,613,76,ok
SRP_Verify_B_mod_N,0064fd30,136,30,ok
SRP_Verify_A_mod_N,0064fdd0,136,30,ok
SRP_check_known_gN_param,0064fe70,116,27,ok
SRP_get_default_gN,0064ff00,229,55,ok
sk_SRP_gN_cache_freefunc_thunk,0064fff0,8,11,ok
t_tob64,00650000,309,45,ok
t_fromb64.constprop.0,00650140,432,70,ok
SRP_user_pwd_set_sv,006502f0,145,30,ok
SRP_gN_new_init,00650390,174,31,ok
SRP_gN_place_bn,00650450,199,37,ok
sk_SRP_user_pwd_freefunc_thunk,00650520,8,11,ok
sk_SRP_gN_freefunc_thunk,00650530,8,11,ok
SRP_user_pwd_free,00650540,95,16,ok
SRP_user_pwd_new,006505b0,51,16,ok
SRP_user_pwd_set_gN,006505f0,9,10,ok
SRP_user_pwd_set1_ids,00650600,157,28,ok
SRP_user_pwd_set0_sv,006506b0,60,12,ok
SRP_VBASE_new,006506f0,223,43,ok
SRP_VBASE_free,006507e0,85,15,ok
SRP_VBASE_init,00650840,1236,183,ok
SRP_VBASE_add0_user,00650d40,25,11,ok
SRP_VBASE_get_by_user,00650d60,86,22,ok
SRP_VBASE_get1_by_user,00650dc0,914,154,ok
SRP_create_verifier_BN_ex,00651160,414,67,ok
SRP_create_verifier_ex,00651320,994,163,ok
SRP_create_verifier,00651730,18,9,ok
SRP_create_verifier_BN,00651750,18,9,ok
sk_reserve,00651780,382,1,failed
OPENSSL_sk_set_cmp_func,00651920,26,12,ok
OPENSSL_sk_deep_copy,00651940,442,105,ok
OPENSSL_sk_dup,00651b20,245,63,ok
OPENSSL_sk_new_null,00651c30,51,15,ok
OPENSSL_sk_new,00651c70,44,15,ok
OPENSSL_sk_new_reserve,00651ca0,275,50,ok
OPENSSL_sk_reserve,00651dc0,267,47,ok
OPENSSL_sk_set_thunks,00651ee0,13,11,ok
OPENSSL_sk_set_cmp_thunks,00651ef0,13,11,ok
OPENSSL_sk_insert,00651f00,472,84,ok
OPENSSL_sk_delete_ptr,00652100,147,33,ok
OPENSSL_sk_delete,006521b0,126,30,ok
OPENSSL_sk_find,00652240,251,60,ok
OPENSSL_sk_find_ex,00652350,251,60,ok
OPENSSL_sk_find_all,00652460,549,127,ok
OPENSSL_sk_push,006526c0,410,84,ok
OPENSSL_sk_unshift,00652880,300,61,ok
OPENSSL_sk_shift,006529d0,98,29,ok
OPENSSL_sk_pop,00652a50,59,23,ok
OPENSSL_sk_zero,00652aa0,42,16,ok
OPENSSL_sk_pop_free,00652ae0,143,44,ok
OPENSSL_sk_free,00652b80,61,13,ok
OPENSSL_sk_num,00652bd0,14,11,ok
OPENSSL_sk_value,00652be0,28,11,ok
OPENSSL_sk_set,00652c10,160,25,ok
OPENSSL_sk_sort,00652cc0,66,20,ok
OPENSSL_sk_is_sorted,00652d10,14,14,ok
ossl_store_cleanup_int,00652d20,5,12,ok
sk_OSSL_STORE_INFO_freefunc_thunk,00652d30,8,11,ok
loader_set_params,00652d40,212,61,ok
OSSL_STORE_INFO_free,00652e20,187,31,ok
OSSL_STORE_open_ex,00652f10,1338,207,ok
OSSL_STORE_open,00653490,30,10,ok
OSSL_STORE_ctrl,006534b0,366,100,ok
OSSL_STORE_vctrl,00653630,242,68,ok
OSSL_STORE_expect,00653730,339,52,ok
OSSL_STORE_find,00653890,800,103,ok
OSSL_STORE_load,00653bf0,449,91,ok
OSSL_STORE_delete,00653dc0,384,52,ok
OSSL_STORE_error,00653f50,27,16,ok
OSSL_STORE_eof,00653f70,97,26,ok
OSSL_STORE_close,00653fe0,173,30,ok
OSSL_STORE_INFO_new,00654090,51,15,ok
OSSL_STORE_INFO_new_NAME,006540d0,112,21,ok
OSSL_STORE_INFO_set0_NAME_description,00654140,71,15,ok
OSSL_STORE_INFO_new_PARAMS,00654190,104,20,ok
OSSL_STORE_INFO_new_PUBKEY,00654200,104,20,ok
OSSL_STORE_INFO_new_PKEY,00654270,104,20,ok
OSSL_STORE_INFO_new_CERT,006542e0,104,20,ok
OSSL_STORE_INFO_new_CRL,00654350,104,20,ok
OSSL_STORE_INFO_new_SKEY,006543c0,104,20,ok
OSSL_STORE_INFO_get_type,00654430,3,8,ok
OSSL_STORE_INFO_get0_data,00654440,12,11,ok
OSSL_STORE_INFO_get0_NAME,00654460,13,11,ok
OSSL_STORE_INFO_get1_NAME,00654480,85,17,ok
OSSL_STORE_INFO_get0_NAME_description,006544e0,13,11,ok
OSSL_STORE_INFO_get1_NAME_description,00654500,99,21,ok
OSSL_STORE_INFO_get0_PARAMS,00654570,13,11,ok
OSSL_STORE_INFO_get1_PARAMS,00654590,80,21,ok
OSSL_STORE_INFO_get0_PUBKEY,006545f0,13,11,ok
OSSL_STORE_INFO_get1_PUBKEY,00654610,80,21,ok
OSSL_STORE_INFO_get0_PKEY,00654670,13,11,ok
OSSL_STORE_INFO_get1_PKEY,00654690,80,21,ok
OSSL_STORE_INFO_get0_CERT,006546f0,13,11,ok
OSSL_STORE_INFO_get1_CERT,00654710,80,21,ok
OSSL_STORE_INFO_get0_CRL,00654770,13,11,ok
OSSL_STORE_INFO_get1_CRL,00654790,80,21,ok
OSSL_STORE_INFO_get0_SKEY,006547f0,13,11,ok
OSSL_STORE_INFO_get1_SKEY,00654810,80,21,ok
OSSL_STORE_supports_search,00654870,312,59,ok
OSSL_STORE_SEARCH_by_name,006549c0,43,15,ok
OSSL_STORE_SEARCH_by_issuer_serial,006549f0,60,16,ok
OSSL_STORE_SEARCH_by_key_fingerprint,00654a30,242,33,ok
OSSL_STORE_SEARCH_by_alias,00654b40,71,18,ok
OSSL_STORE_SEARCH_free,00654b90,17,9,ok
OSSL_STORE_SEARCH_get_type,00654bb0,3,8,ok
OSSL_STORE_SEARCH_get0_name,00654bc0,5,8,ok
OSSL_STORE_SEARCH_get0_serial,00654bd0,5,8,ok
OSSL_STORE_SEARCH_get0_bytes,00654be0,12,9,ok
OSSL_STORE_SEARCH_get0_string,00654bf0,5,8,ok
OSSL_STORE_SEARCH_get0_digest,00654c00,5,8,ok
OSSL_STORE_attach,00654c10,467,69,ok
get_tmp_loader_store,00654e10,28,15,ok
put_loader_in_store,00654e40,163,26,ok
get_loader_from_store,00654ef0,148,22,ok
unreserve_loader_store,00654f90,51,20,ok
reserve_loader_store,00654fd0,51,20,ok
up_ref_loader,00655010,17,11,ok
destruct_loader,00655030,59,19,ok
free_loader,00655080,59,19,ok
construct_loader,006550d0,738,117,ok
OSSL_STORE_LOADER_up_ref,006553e0,17,11,ok
OSSL_STORE_LOADER_free,00655400,59,19,ok
OSSL_STORE_LOADER_fetch,00655450,1048,147,ok
ossl_store_loader_store_cache_flush,00655890,41,16,ok
ossl_store_loader_store_remove_all_provided,006558c0,46,17,ok
OSSL_STORE_LOADER_get0_provider,00655900,69,14,ok
OSSL_STORE_LOADER_get0_properties,00655950,69,14,ok
ossl_store_loader_get_number,006559a0,68,14,ok
OSSL_STORE_LOADER_get0_description,006559f0,5,8,ok
OSSL_STORE_LOADER_is_a,00655a00,63,19,ok
OSSL_STORE_LOADER_do_all_provided,00655a40,1004,135,ok
OSSL_STORE_LOADER_names_do_all,00655e50,74,19,ok
OSSL_STORE_LOADER_settable_ctx_params,00655eb0,24,16,ok
lh_OSSL_STORE_LOADER_hfn_thunk,00655ed0,2,11,ok
lh_OSSL_STORE_LOADER_cfn_thunk,00655ee0,2,12,ok
lh_OSSL_STORE_LOADER_doall_thunk,00655ef0,2,11,ok
lh_OSSL_STORE_LOADER_doall_arg_thunk,00655f00,2,12,ok
do_registry_init_ossl_,00655f10,36,10,ok
store_loader_cmp,00655f40,11,9,ok
store_loader_hash,00655f50,8,9,ok
lh_OSSL_STORE_LOADER_doall_void_thunk,00655f60,2,12,ok
OSSL_STORE_LOADER_new,00655f70,101,23,ok
OSSL_STORE_LOADER_get0_scheme,00655fe0,4,8,ok
OSSL_STORE_LOADER_set_open,00655ff0,10,9,ok
OSSL_STORE_LOADER_set_open_ex,00656000,10,9,ok
OSSL_STORE_LOADER_set_attach,00656010,10,9,ok
OSSL_STORE_LOADER_set_ctrl,00656020,10,9,ok
OSSL_STORE_LOADER_set_expect,00656030,10,9,ok
OSSL_STORE_LOADER_set_find,00656040,10,9,ok
OSSL_STORE_LOADER_set_load,00656050,10,9,ok
OSSL_STORE_LOADER_set_eof,00656060,10,9,ok
OSSL_STORE_LOADER_set_error,00656070,10,9,ok
OSSL_STORE_LOADER_set_close,00656080,10,9,ok
ossl_store_register_loader_int,00656090,591,78,ok
OSSL_STORE_register_loader,006562f0,5,78,ok
ossl_store_get0_loader_int,00656300,411,52,ok
ossl_store_unregister_loader_int,006564b0,415,52,ok
OSSL_STORE_unregister_loader,00656660,415,52,ok
ossl_store_destroy_loaders_int,00656810,55,12,ok
OSSL_STORE_do_all_loaders,00656850,136,21,ok
sk_OSSL_STORE_INFO_freefunc_thunk,006568e0,8,11,ok
try_key_value_legacy.constprop.0.isra.0,006568f0,529,73,ok
try_pkcs12.isra.0,00656b20,1022,158,ok
ossl_store_handle_load_result,00656f40,2908,400,ok
OSSL_STORE_INFO_type_string,00657ad0,26,11,ok
TS_MSG_IMPRINT_it,00657b00,8,8,ok
TS_ACCURACY_it,00657b10,8,8,ok
TS_STATUS_INFO_it,00657b20,8,8,ok
d2i_TS_MSG_IMPRINT,00657b30,12,9,ok
d2i_TS_REQ,00657b40,12,9,ok
d2i_TS_TST_INFO,00657b50,12,9,ok
d2i_TS_RESP,00657b60,12,9,ok
i2d_TS_MSG_IMPRINT,00657b70,12,9,ok
i2d_TS_REQ,00657b80,12,9,ok
i2d_TS_TST_INFO,00657b90,12,9,ok
i2d_TS_RESP,00657ba0,12,9,ok
TS_MSG_IMPRINT_new,00657bb0,12,9,ok
TS_REQ_new,00657bc0,12,9,ok
TS_TST_INFO_new,00657bd0,12,9,ok
TS_RESP_new,00657be0,12,9,ok
TS_MSG_IMPRINT_free,00657bf0,12,9,ok
TS_MSG_IMPRINT_dup,00657c00,15,9,ok
d2i_TS_MSG_IMPRINT_bio,00657c10,25,9,ok
i2d_TS_MSG_IMPRINT_bio,00657c30,18,9,ok
d2i_TS_MSG_IMPRINT_fp,00657c50,25,9,ok
i2d_TS_MSG_IMPRINT_fp,00657c70,18,9,ok
TS_REQ_free,00657c90,12,9,ok
TS_REQ_dup,00657ca0,15,9,ok
d2i_TS_REQ_bio,00657cb0,25,9,ok
i2d_TS_REQ_bio,00657cd0,18,9,ok
d2i_TS_REQ_fp,00657cf0,25,9,ok
i2d_TS_REQ_fp,00657d10,18,9,ok
d2i_TS_ACCURACY,00657d30,12,9,ok
i2d_TS_ACCURACY,00657d40,12,9,ok
TS_ACCURACY_new,00657d50,12,9,ok
TS_ACCURACY_free,00657d60,12,9,ok
TS_ACCURACY_dup,00657d70,15,9,ok
TS_TST_INFO_free,00657d80,12,9,ok
TS_TST_INFO_dup,00657d90,15,9,ok
d2i_TS_TST_INFO_bio,00657da0,25,9,ok
i2d_TS_TST_INFO_bio,00657dc0,18,9,ok
d2i_TS_TST_INFO_fp,00657de0,25,9,ok
i2d_TS_TST_INFO_fp,00657e00,18,9,ok
d2i_TS_STATUS_INFO,00657e20,12,9,ok
i2d_TS_STATUS_INFO,00657e30,12,9,ok
TS_STATUS_INFO_new,00657e40,12,9,ok
TS_STATUS_INFO_free,00657e50,12,9,ok
TS_STATUS_INFO_dup,00657e60,15,9,ok
TS_RESP_free,00657e70,12,9,ok
TS_RESP_dup,00657e80,15,9,ok
d2i_TS_RESP_bio,00657e90,25,9,ok
i2d_TS_RESP_bio,00657eb0,18,9,ok
d2i_TS_RESP_fp,00657ed0,25,9,ok
i2d_TS_RESP_fp,00657ef0,18,9,ok
PKCS7_to_TS_TST_INFO,00657f10,324,51,ok
ts_resp_cb,00658070,302,47,ok
TS_CONF_load_cert,006581d0,118,22,ok
TS_CONF_load_certs,00658250,239,49,ok
TS_CONF_load_key,00658350,122,22,ok
TS_CONF_get_tsa_section,006583e0,114,16,ok
TS_CONF_set_serial,00658460,141,18,ok
TS_CONF_set_signer_cert,006584f0,258,38,ok
TS_CONF_set_certs,00658610,98,28,ok
TS_CONF_set_signer_key,00658680,278,39,ok
TS_CONF_set_signer_digest,006587b0,208,32,ok
TS_CONF_set_def_policy,00658890,223,33,ok
TS_CONF_set_policies,00658980,326,56,ok
TS_CONF_set_digests,00658ae0,359,59,ok
TS_CONF_set_accuracy,00658c60,448,74,ok
TS_CONF_set_clock_precision_digits,00658e40,120,19,ok
TS_CONF_set_ordering,00658ed0,158,24,ok
TS_CONF_set_tsa_name,00658f80,158,24,ok
TS_CONF_set_ess_cert_id_chain,00659030,158,24,ok
TS_CONF_set_ess_cert_id_digest,006590e0,142,24,ok
TS_REQ_print_bio,00659180,272,40,ok
TS_REQ_set_version,006592a0,8,9,ok
TS_REQ_get_version,006592b0,8,9,ok
TS_REQ_set_msg_imprint,006592c0,113,21,ok
TS_REQ_get_msg_imprint,00659340,5,8,ok
TS_MSG_IMPRINT_set_algo,00659350,110,21,ok
TS_MSG_IMPRINT_get_algo,006593d0,4,8,ok
TS_MSG_IMPRINT_set_msg,006593e0,9,9,ok
TS_MSG_IMPRINT_get_msg,006593f0,5,8,ok
TS_REQ_set_policy_id,00659400,113,21,ok
TS_REQ_get_policy_id,00659480,5,8,ok
TS_REQ_set_nonce,00659490,113,21,ok
TS_REQ_get_nonce,00659510,5,8,ok
TS_REQ_set_cert_req,00659520,16,9,ok
TS_REQ_get_cert_req,00659530,11,8,ok
TS_REQ_get_exts,00659540,5,8,ok
TS_REQ_ext_free,00659550,36,13,ok
TS_REQ_get_ext_count,00659580,9,9,ok
TS_REQ_get_ext_by_NID,00659590,9,9,ok
TS_REQ_get_ext_by_OBJ,006595a0,9,9,ok
TS_REQ_get_ext_by_critical,006595b0,9,9,ok
TS_REQ_get_ext,006595c0,9,9,ok
TS_REQ_delete_ext,006595d0,9,9,ok
TS_REQ_add_ext,006595e0,27,11,ok
TS_REQ_get_ext_d2i,00659600,9,9,ok
TS_TST_INFO_print_bio.part.0,00659610,714,88,ok
TS_STATUS_INFO_print_bio,00659910,408,63,ok
TS_RESP_print_bio,00659ac0,113,16,ok
TS_TST_INFO_print_bio,00659b40,27,12,ok
TS_RESP_CTX_new_ex,00659ba0,159,30,ok
TS_RESP_CTX_new,00659c50,83,17,ok
TS_RESP_CTX_free,00659cb0,155,22,ok
TS_RESP_CTX_set_signer_cert,00659d60,121,24,ok
TS_RESP_CTX_set_signer_key,00659df0,49,16,ok
TS_RESP_CTX_set_signer_digest,00659e30,10,9,ok
TS_RESP_CTX_set_def_policy,00659e40,104,18,ok
TS_RESP_CTX_set_certs,00659eb0,67,19,ok
TS_RESP_CTX_add_policy,00659f00,267,43,ok
TS_RESP_CTX_add_md,0065a020,134,27,ok
TS_RESP_CTX_set_accuracy,0065a0b0,344,56,ok
TS_RESP_CTX_add_flags,0065a210,4,9,ok
TS_RESP_CTX_set_serial_cb,0065a220,9,10,ok
TS_RESP_CTX_set_time_cb,0065a230,9,10,ok
TS_RESP_CTX_set_extension_cb,0065a240,15,10,ok
TS_RESP_CTX_set_status_info,0065a250,486,80,ok
def_serial_cb,0065a460,137,23,ok
def_extension_cb,0065a4f0,132,28,ok
def_time_cb,0065a580,328,47,ok
TS_RESP_CTX_set_status_info_cond,0065a6d0,62,16,ok
TS_RESP_CTX_add_failure_info,0065a720,130,27,ok
TS_RESP_CTX_get_request,0065a7b0,8,8,ok
TS_RESP_CTX_get_tst_info,0065a7c0,8,8,ok
TS_RESP_CTX_set_clock_precision_digits,0065a7d0,16,11,ok
TS_RESP_create_response,0065a7e0,4734,618,ok
TS_RESP_CTX_set_ess_cert_id_digest,0065bad0,10,9,ok
TS_RESP_set_status_info,0065bae0,110,21,ok
TS_RESP_get_status_info,0065bb60,4,8,ok
TS_RESP_set_tst_info,0065bb70,44,12,ok
TS_RESP_get_token,0065bba0,5,8,ok
TS_RESP_get_tst_info,0065bbb0,5,8,ok
TS_TST_INFO_set_version,0065bbc0,8,9,ok
TS_TST_INFO_get_version,0065bbd0,8,9,ok
TS_TST_INFO_set_policy_id,0065bbe0,113,21,ok
TS_TST_INFO_get_policy_id,0065bc60,5,8,ok
TS_TST_INFO_set_msg_imprint,0065bc70,113,21,ok
TS_TST_INFO_get_msg_imprint,0065bcf0,5,8,ok
TS_TST_INFO_set_serial,0065bd00,113,21,ok
TS_TST_INFO_get_serial,0065bd80,5,8,ok
TS_TST_INFO_set_time,0065bd90,113,21,ok
TS_TST_INFO_get_time,0065be10,5,8,ok
TS_TST_INFO_set_accuracy,0065be20,113,21,ok
TS_TST_INFO_get_accuracy,0065bea0,5,8,ok
TS_ACCURACY_set_seconds,0065beb0,110,21,ok
TS_ACCURACY_get_seconds,0065bf30,4,8,ok
TS_ACCURACY_set_millis,0065bf40,119,25,ok
TS_ACCURACY_get_millis,0065bfc0,5,8,ok
TS_ACCURACY_set_micros,0065bfd0,119,25,ok
TS_ACCURACY_get_micros,0065c050,5,8,ok
TS_TST_INFO_set_ordering,0065c060,16,9,ok
TS_TST_INFO_get_ordering,0065c070,11,8,ok
TS_TST_INFO_set_nonce,0065c080,113,21,ok
TS_TST_INFO_get_nonce,0065c100,5,8,ok
TS_TST_INFO_set_tsa,0065c110,113,21,ok
TS_TST_INFO_get_tsa,0065c190,5,8,ok
TS_TST_INFO_get_exts,0065c1a0,5,8,ok
TS_TST_INFO_ext_free,0065c1b0,36,13,ok
TS_TST_INFO_get_ext_count,0065c1e0,9,9,ok
TS_TST_INFO_get_ext_by_NID,0065c1f0,9,9,ok
TS_TST_INFO_get_ext_by_OBJ,0065c200,9,9,ok
TS_TST_INFO_get_ext_by_critical,0065c210,9,9,ok
TS_TST_INFO_get_ext,0065c220,9,9,ok
TS_TST_INFO_delete_ext,0065c230,9,9,ok
TS_TST_INFO_add_ext,0065c240,27,11,ok
TS_TST_INFO_get_ext_d2i,0065c260,9,9,ok
TS_STATUS_INFO_set_status,0065c270,11,9,ok
TS_STATUS_INFO_get0_status,0065c280,4,8,ok
TS_STATUS_INFO_get0_text,0065c290,5,8,ok
TS_STATUS_INFO_get0_failure_info,0065c2a0,5,8,ok
ts_check_signer_name,0065c2c0,213,46,ok
ts_compute_imprint.constprop.0.isra.0,0065c3a0,468,73,ok
ts_check_imprints.isra.0,0065c590,196,35,ok
TS_RESP_verify_signature,0065c660,1325,185,ok
int_ts_RESP_verify_token,0065cba0,1042,126,ok
TS_RESP_verify_response,0065cfe0,551,110,ok
TS_RESP_verify_token,0065d220,74,17,ok
TS_VERIFY_CTX_init.part.0,0065d270,28,9,ok
TS_VERIFY_CTX_new,0065d290,22,9,ok
TS_VERIFY_CTX_init,0065d2b0,48,34,ok
TS_VERIFY_CTX_free,0065d2e0,151,25,ok
TS_VERIFY_CTX_add_flags,0065d390,7,9,ok
TS_VERIFY_CTX_set_flags,0065d3a0,5,9,ok
TS_VERIFY_CTX_set_data,0065d3b0,8,9,ok
TS_VERIFY_CTX_set0_data,0065d3c0,37,10,ok
TS_VERIFY_CTX_set_store,0065d3f0,8,9,ok
TS_VERIFY_CTX_set0_store,0065d400,37,10,ok
TS_VERIFY_CTX_set_certs,0065d430,8,9,ok
TS_VERIFY_CTX_set0_certs,0065d440,37,10,ok
TS_VERIFY_CTX_set_imprint,0065d470,50,11,ok
TS_VERIFY_CTX_set0_imprint,0065d4b0,51,11,ok
TS_VERIFY_CTX_cleanup,0065d4f0,119,24,ok
TS_REQ_to_TS_VERIFY_CTX,0065d580,656,111,ok
sk_OPENSSL_PSTRING_freefunc_thunk,0065d840,8,11,ok
TXT_DB_read,0065d850,1079,190,ok
TXT_DB_get_by_index,0065dcd0,67,21,ok
TXT_DB_create_index,0065dd20,392,71,ok
TXT_DB_write,0065dec0,469,107,ok
TXT_DB_insert,0065e0c0,402,107,ok
TXT_DB_free,0065e270,393,83,ok
sk_UI_STRING_freefunc_thunk,0065e400,8,11,ok
free_string,0065e410,126,17,ok
print_error,0065e4a0,88,29,ok
general_allocate_boolean.constprop.0,0065e500,772,99,ok
UI_new,0065e820,260,42,ok
UI_new_method,0065e950,274,40,ok
UI_free,0065ea90,89,18,ok
UI_add_input_string,0065eb00,616,62,ok
UI_dup_input_string,0065ed80,597,78,ok
UI_add_verify_string,0065f000,617,64,ok
UI_dup_verify_string,0065f280,603,80,ok
UI_add_input_boolean,0065f500,23,13,ok
UI_dup_input_boolean,0065f520,344,46,ok
UI_add_info_string,0065f680,479,56,ok
UI_dup_info_string,0065f870,536,71,ok
UI_add_error_string,0065faa0,479,56,ok
UI_dup_error_string,0065fc90,536,71,ok
UI_construct_prompt,0065fec0,342,61,ok
UI_add_user_data,00660030,56,20,ok
UI_dup_user_data,00660070,188,34,ok
UI_get0_user_data,00660140,5,8,ok
UI_get0_result,00660150,169,30,ok
UI_get_result_length,00660210,164,30,ok
UI_process,006602c0,497,96,ok
UI_ctrl,006604e0,171,33,ok
UI_set_ex_data,006605a0,9,11,ok
UI_get_ex_data,006605b0,9,11,ok
UI_get_method,006605c0,4,8,ok
UI_set_method,006605d0,7,9,ok
UI_create_method,006605e0,197,34,ok
UI_destroy_method,006606b0,84,15,ok
UI_method_set_opener,00660710,18,12,ok
UI_method_set_writer,00660730,18,12,ok
UI_method_set_flusher,00660750,18,12,ok
UI_method_set_reader,00660770,18,12,ok
UI_method_set_closer,00660790,18,12,ok
UI_method_set_data_duplicator,006607b0,22,13,ok
UI_method_set_prompt_constructor,006607d0,18,12,ok
UI_method_set_ex_data,006607f0,9,9,ok
UI_method_get_opener,00660800,12,14,ok
UI_method_get_writer,00660810,12,14,ok
UI_method_get_flusher,00660820,12,14,ok
UI_method_get_reader,00660830,12,14,ok
UI_method_get_closer,00660840,12,14,ok
UI_method_get_prompt_constructor,00660850,12,14,ok
UI_method_get_data_duplicator,00660860,12,14,ok
UI_method_get_data_destructor,00660870,12,14,ok
UI_method_get_ex_data,00660880,9,9,ok
UI_get_string_type,00660890,3,8,ok
UI_get_input_flags,006608a0,4,8,ok
UI_get0_output_string,006608b0,5,8,ok
UI_get0_action_string,006608c0,12,14,ok
UI_get0_result_string,006608d0,20,14,ok
UI_get_result_string_length,006608f0,20,11,ok
UI_get0_test_string,00660910,12,14,ok
UI_get_result_minsize,00660920,20,11,ok
UI_get_result_maxsize,00660940,20,11,ok
UI_set_result_ex,00660960,470,84,ok
UI_set_result,00660b50,41,13,ok
UI_null,00660b80,8,8,ok
recsig,00660b90,7,9,ok
close_console,00660ba0,62,15,ok
open_console,00660be0,273,36,ok
write_string,00660d10,87,20,ok
read_string_inner,00660d70,825,140,ok
read_string,006610b0,380,57,ok
UI_OpenSSL,00661240,8,10,ok
UI_set_default_method,00661250,8,9,ok
UI_get_default_method,00661260,8,10,ok
ui_new_method_data,00661270,1,8,ok
ui_free_method_data,006612a0,20,9,ok
ui_method_data_index_init_ossl_,006612c0,60,12,ok
ui_dup_method_data,00661300,51,15,ok
ui_read.part.0,00661340,166,38,ok
UI_UTIL_read_pw_string,00661440,227,39,ok
UI_UTIL_read_pw,00661530,182,32,ok
UI_UTIL_wrap_read_pem_callback,00661600,282,47,ok
sk_BY_DIR_HASH_freefunc_thunk,00661740,8,11,ok
sk_BY_DIR_HASH_cmpfunc_thunk,00661750,11,11,ok
by_dir_hash_cmp,00661760,28,14,ok
by_dir_hash_free,00661780,17,9,ok
get_cert_by_subject_ex,006617a0,1561,217,ok
get_cert_by_subject,00661de0,11,9,ok
by_dir_entry_free,00661df0,85,14,ok
free_dir,00661e50,74,17,ok
new_dir,00661ea0,207,35,ok
sk_BY_DIR_ENTRY_freefunc_thunk,00661f80,8,11,ok
add_cert_dir,00661f90,693,100,ok
dir_ctrl,00662260,135,31,ok
X509_LOOKUP_hash_dir,00662310,8,10,ok
X509_load_cert_crl_file_ex.part.0,00662320,377,64,ok
X509_LOOKUP_file,006624b0,8,10,ok
X509_load_cert_file_ex,006624c0,825,115,ok
by_file_ctrl_ex,00662840,232,45,ok
by_file_ctrl,00662940,189,38,ok
X509_load_cert_file,00662a20,10,11,ok
X509_load_crl_file,00662a30,615,94,ok
X509_load_cert_crl_file_ex,00662cc0,24,15,ok
X509_load_cert_crl_file,00662ce0,24,15,ok
sk_CACHED_STORE_freefunc_thunk,00662d00,8,11,ok
cache_objects,00662d10,450,83,ok
by_store_free,00662ef0,43,13,ok
by_store_subject,00662f20,728,113,ok
free_store,00663210,77,14,ok
by_store_ctrl_ex,00663270,453,75,ok
by_store_ctrl,00663450,358,60,ok
X509_LOOKUP_store,006635d0,8,8,ok
X509_policy_tree_level_count,006635e0,12,11,ok
X509_policy_tree_get0_level,00663600,29,12,ok
X509_policy_tree_get0_policies,00663630,13,11,ok
X509_policy_tree_get0_user_policies,00663650,24,14,ok
X509_policy_level_node_count,00663670,42,19,ok
X509_policy_level_get0_node,006636a0,33,23,ok
X509_policy_node_get0_policy,006636d0,16,11,ok
X509_policy_node_get0_qualifiers,006636f0,16,11,ok
X509_policy_node_get0_parent,00663710,13,11,ok
X509_CRL_print_ex,00663730,704,83,ok
X509_CRL_print,00663a10,21,9,ok
X509_CRL_print_fp,00663a30,135,22,ok
X509_REQ_print_ex,00663ac0,1745,213,ok
X509_REQ_print_fp,006641e0,138,23,ok
X509_REQ_print,00664280,9,11,ok
X509_aux_print.part.0,00664290,695,83,ok
OSSL_STACK_OF_X509_free,00664560,12,9,ok
X509_ocspid_print,00664570,559,80,ok
X509_signature_dump,006647b0,225,49,ok
X509_signature_print,006648a0,267,33,ok
X509_aux_print,006649b0,49,14,ok
ossl_serial_number_print,006649f0,349,53,ok
X509_print_ex,00664b70,1400,194,ok
X509_print_ex_fp,00665110,158,23,ok
X509_print,006651c0,9,11,ok
ossl_x509_print_ex_brief,006651d0,490,63,ok
print_certs.isra.0,006653d0,161,39,ok
X509_STORE_CTX_print_verify_cb,00665480,829,108,ok
X509_print_fp,006657e0,138,23,ok
sk_IPAddressOrRange_freefunc_thunk,00665880,8,11,ok
sk_IPAddressFamily_cmpfunc_thunk,00665890,11,12,ok
IPAddressRange_it,006658a0,8,8,ok
IPAddressOrRange_it,006658b0,8,8,ok
IPAddressChoice_it,006658c0,8,8,ok
IPAddressFamily_it,006658d0,8,8,ok
IPAddrBlocks_it,006658e0,8,8,ok
range_should_be_prefix,006658f0,563,152,ok
IPAddressFamily_free,00665b40,12,9,ok
IPAddressFamily_cmp,00665b50,59,22,ok
make_IPAddressFamily,00665b90,278,54,ok
addr_expand,00665cc0,262,72,ok
v4IPAddressOrRange_cmp,00665df0,288,56,ok
extract_min_max,00665f20,128,29,ok
make_addressPrefix,00665fb0,241,44,ok
make_addressRange,006660b0,1468,287,ok
i2r_address,00666690,738,98,ok
i2r_IPAddrBlocks,00666990,926,122,ok
v6IPAddressOrRange_cmp,00666d80,288,56,ok
addr_contains,00666eb0,385,72,ok
d2i_IPAddressRange,00667060,12,11,ok
i2d_IPAddressRange,00667070,12,11,ok
IPAddressRange_new,00667080,12,13,ok
IPAddressRange_free,00667090,12,9,ok
d2i_IPAddressOrRange,006670a0,12,11,ok
i2d_IPAddressOrRange,006670b0,12,11,ok
IPAddressOrRange_new,006670c0,12,13,ok
IPAddressOrRange_free,006670d0,12,9,ok
d2i_IPAddressChoice,006670e0,12,11,ok
i2d_IPAddressChoice,006670f0,12,11,ok
IPAddressChoice_new,00667100,12,13,ok
IPAddressChoice_free,00667110,12,9,ok
d2i_IPAddressFamily,00667120,12,11,ok
i2d_IPAddressFamily,00667130,12,11,ok
IPAddressFamily_new,00667140,12,13,ok
X509v3_addr_get_afi,00667150,44,18,ok
X509v3_addr_add_inherit,00667190,107,41,ok
X509v3_addr_add_prefix,00667210,319,73,ok
X509v3_addr_add_range,00667360,339,73,ok
X509v3_addr_get_range,006674d0,90,24,ok
X509v3_addr_is_canonical,00667540,1212,196,ok
addr_validate_path_internal.part.0,00667a30,1550,234,ok
X509v3_addr_canonize,00668090,1154,169,ok
v2i_IPAddrBlocks,00668530,1915,243,ok
X509v3_addr_inherits,00668cf0,77,25,ok
X509v3_addr_subset,00668d50,354,70,ok
X509v3_addr_validate_path,00668ed0,106,24,ok
X509v3_addr_validate_resource_set,00668f50,114,30,ok
AUTHORITY_KEYID_it,00668fd0,8,8,ok
d2i_AUTHORITY_KEYID,00668fe0,12,11,ok
i2d_AUTHORITY_KEYID,00668ff0,12,11,ok
AUTHORITY_KEYID_new,00669000,12,13,ok
AUTHORITY_KEYID_free,00669010,12,9,ok
sk_ASIdOrRange_cmpfunc_thunk,00669020,11,11,ok
ASRange_it,00669030,8,8,ok
ASIdOrRange_it,00669040,8,8,ok
ASIdentifierChoice_it,00669050,8,8,ok
ASIdentifiers_it,00669060,8,8,ok
ASIdOrRange_cmp,00669070,118,37,ok
asid_contains,00669100,291,70,ok
ASIdentifierChoice_is_canonical.part.0,00669240,575,93,ok
ASIdentifierChoice_canonize.part.0,006694a0,1009,128,ok
i2r_ASIdentifiers,006698b0,848,96,ok
d2i_ASRange,00669c20,12,11,ok
i2d_ASRange,00669c30,12,11,ok
ASRange_new,00669c40,12,13,ok
ASRange_free,00669c50,12,9,ok
d2i_ASIdOrRange,00669c60,12,11,ok
i2d_ASIdOrRange,00669c70,12,11,ok
ASIdOrRange_new,00669c80,12,13,ok
ASIdOrRange_free,00669c90,12,9,ok
d2i_ASIdentifierChoice,00669ca0,12,11,ok
i2d_ASIdentifierChoice,00669cb0,12,11,ok
ASIdentifierChoice_new,00669cc0,12,13,ok
ASIdentifierChoice_free,00669cd0,12,9,ok
d2i_ASIdentifiers,00669ce0,12,11,ok
i2d_ASIdentifiers,00669cf0,12,11,ok
ASIdentifiers_new,00669d00,12,13,ok
ASIdentifiers_free,00669d10,12,9,ok
X509v3_asid_add_inherit,00669d20,139,41,ok
X509v3_asid_add_id_or_range,00669dd0,363,78,ok
X509v3_asid_is_canonical,00669f50,144,37,ok
asid_validate_path_internal,00669ff0,2208,453,ok
X509v3_asid_canonize,0066a900,199,36,ok
v2i_ASIdentifiers,0066a9e0,1252,168,ok
X509v3_asid_inherits,0066aef0,47,17,ok
X509v3_asid_subset,0066af20,256,77,ok
X509v3_asid_validate_path,0066b040,64,19,ok
X509v3_asid_validate_resource_set,0066b090,96,24,ok
BASIC_CONSTRAINTS_it,0066b100,8,8,ok
i2v_BASIC_CONSTRAINTS,0066b110,67,14,ok
v2i_BASIC_CONSTRAINTS,0066b160,315,51,ok
d2i_BASIC_CONSTRAINTS,0066b2b0,12,11,ok
i2d_BASIC_CONSTRAINTS,0066b2c0,12,11,ok
BASIC_CONSTRAINTS_new,0066b2d0,12,13,ok
BASIC_CONSTRAINTS_free,0066b2e0,12,9,ok
v3_generic_extension,0066b2f0,441,74,ok
nconf_get_section,0066b4c0,5,24,ok
do_ext_i2d,0066b4d0,411,68,ok
do_ext_nconf,0066b690,636,85,ok
X509V3_EXT_nconf_int,0066b930,413,59,ok
nconf_get_string,0066baf0,5,25,ok
conf_lhash_get_section,0066bb00,5,28,ok
conf_lhash_get_string,0066bb10,5,37,ok
X509V3_EXT_nconf,0066bb20,13,11,ok
X509V3_EXT_nconf_nid,0066bb30,259,47,ok
X509V3_EXT_i2d,0066bc40,95,19,ok
X509V3_EXT_add_nconf_sk,0066bcb0,482,76,ok
X509V3_EXT_add_nconf,0066bec0,16,14,ok
X509V3_EXT_CRL_add_nconf,0066bed0,16,14,ok
X509V3_EXT_REQ_add_nconf,0066bee0,386,76,ok
X509V3_get_string,0066c080,90,22,ok
X509V3_get_section,0066c0e0,91,22,ok
X509V3_string_free,0066c140,25,18,ok
X509V3_section_free,0066c170,25,18,ok
X509V3_set_nconf,0066c1a0,21,12,ok
X509V3_set_ctx,0066c1c0,41,19,ok
X509V3_set_issuer_pkey,0066c1f0,139,26,ok
X509V3_EXT_conf,0066c290,112,19,ok
X509V3_EXT_conf_nid,0066c310,110,20,ok
X509V3_set_conf_lhash,0066c380,77,16,ok
X509V3_EXT_add_conf,0066c3d0,122,22,ok
X509V3_EXT_CRL_add_conf,0066c450,122,22,ok
X509V3_EXT_REQ_add_conf,0066c4d0,111,19,ok
sk_POLICYQUALINFO_freefunc_thunk,0066c540,8,11,ok
sk_POLICYINFO_cmpfunc_thunk,0066c550,11,11,ok
CERTIFICATEPOLICIES_it,0066c560,8,8,ok
POLICYINFO_it,0066c570,8,8,ok
POLICYQUALINFO_adb,0066c580,8,8,ok
POLICYQUALINFO_it,0066c590,8,8,ok
USERNOTICE_it,0066c5a0,8,8,ok
NOTICEREF_it,0066c5b0,8,8,ok
print_qualifiers,0066c5c0,614,83,ok
i2r_certpol,0066c850,181,29,ok
POLICYINFO_free,0066c910,12,9,ok
r2i_certpol,0066c920,3913,467,ok
d2i_CERTIFICATEPOLICIES,0066d8d0,12,11,ok
i2d_CERTIFICATEPOLICIES,0066d8e0,12,11,ok
CERTIFICATEPOLICIES_new,0066d8f0,12,13,ok
CERTIFICATEPOLICIES_free,0066d900,12,9,ok
d2i_POLICYINFO,0066d910,12,11,ok
i2d_POLICYINFO,0066d920,12,11,ok
POLICYINFO_new,0066d930,12,13,ok
d2i_POLICYQUALINFO,0066d940,12,11,ok
i2d_POLICYQUALINFO,0066d950,12,11,ok
POLICYQUALINFO_new,0066d960,12,13,ok
POLICYQUALINFO_free,0066d970,12,9,ok
d2i_USERNOTICE,0066d980,12,11,ok
i2d_USERNOTICE,0066d990,12,11,ok
USERNOTICE_new,0066d9a0,12,13,ok
USERNOTICE_free,0066d9b0,12,9,ok
d2i_NOTICEREF,0066d9c0,12,11,ok
i2d_NOTICEREF,0066d9d0,12,11,ok
NOTICEREF_new,0066d9e0,12,13,ok
NOTICEREF_free,0066d9f0,12,9,ok
X509_POLICY_NODE_print,0066da00,188,29,ok
sk_DIST_POINT_cmpfunc_thunk,0066dac0,11,11,ok
DIST_POINT_NAME_it,0066dad0,8,8,ok
DIST_POINT_it,0066dae0,8,8,ok
CRL_DIST_POINTS_it,0066daf0,8,8,ok
ISSUING_DIST_POINT_it,0066db00,8,8,ok
OSSL_AA_DIST_POINT_it,0066db10,8,8,ok
dpn_cb,0066db20,56,16,ok
set_reasons,0066db60,260,56,ok
DIST_POINT_free,0066dc70,12,9,ok
i2r_crl_invdate,0066dc80,72,17,ok
i2r_object,0066dcd0,72,17,ok
gnames_from_sectname,0066dd20,179,31,ok
set_dist_point_name,0066ddf0,600,92,ok
v2i_idp,0066e070,527,71,ok
v2i_aaidp,0066e2a0,908,132,ok
v2i_crld,0066e660,847,121,ok
print_reasons.isra.0,0066e9c0,166,35,ok
i2r_aaidp,0066ea80,659,103,ok
i2r_crldp,0066ed30,346,48,ok
i2r_idp,0066eea0,435,48,ok
d2i_DIST_POINT_NAME,0066f060,12,11,ok
i2d_DIST_POINT_NAME,0066f070,12,11,ok
DIST_POINT_NAME_new,0066f080,12,13,ok
DIST_POINT_NAME_free,0066f090,12,9,ok
DIST_POINT_NAME_dup,0066f0a0,15,9,ok
d2i_DIST_POINT,0066f0b0,12,11,ok
i2d_DIST_POINT,0066f0c0,12,11,ok
DIST_POINT_new,0066f0d0,12,13,ok
d2i_CRL_DIST_POINTS,0066f0e0,12,11,ok
i2d_CRL_DIST_POINTS,0066f0f0,12,11,ok
CRL_DIST_POINTS_new,0066f100,12,13,ok
CRL_DIST_POINTS_free,0066f110,12,9,ok
d2i_ISSUING_DIST_POINT,0066f120,12,11,ok
i2d_ISSUING_DIST_POINT,0066f130,12,11,ok
ISSUING_DIST_POINT_new,0066f140,12,13,ok
ISSUING_DIST_POINT_free,0066f150,12,9,ok
DIST_POINT_set_dpname,0066f160,166,44,ok
d2i_OSSL_AA_DIST_POINT,0066f210,12,9,ok
i2d_OSSL_AA_DIST_POINT,0066f220,12,9,ok
OSSL_AA_DIST_POINT_new,0066f230,12,9,ok
OSSL_AA_DIST_POINT_free,0066f240,12,9,ok
sk_ASN1_OBJECT_cmpfunc_thunk,0066f250,11,11,ok
EXTENDED_KEY_USAGE_it,0066f260,8,8,ok
v2i_EXTENDED_KEY_USAGE,0066f270,273,48,ok
i2v_EXTENDED_KEY_USAGE,0066f390,95,25,ok
d2i_EXTENDED_KEY_USAGE,0066f400,12,11,ok
i2d_EXTENDED_KEY_USAGE,0066f410,12,11,ok
EXTENDED_KEY_USAGE_new,0066f420,12,13,ok
EXTENDED_KEY_USAGE_free,0066f430,12,9,ok
OTHERNAME_it,0066f440,8,8,ok
EDIPARTYNAME_it,0066f450,8,8,ok
GENERAL_NAME_it,0066f460,8,8,ok
d2i_GENERAL_NAME,0066f470,12,11,ok
i2d_GENERAL_NAME,0066f480,12,11,ok
d2i_OTHERNAME,0066f490,12,11,ok
i2d_OTHERNAME,0066f4a0,12,11,ok
OTHERNAME_new,0066f4b0,12,13,ok
OTHERNAME_free,0066f4c0,12,9,ok
d2i_EDIPARTYNAME,0066f4d0,12,11,ok
i2d_EDIPARTYNAME,0066f4e0,12,11,ok
EDIPARTYNAME_new,0066f4f0,12,13,ok
EDIPARTYNAME_free,0066f500,12,9,ok
GENERAL_NAME_new,0066f510,12,13,ok
GENERAL_NAME_free,0066f520,12,9,ok
GENERAL_NAMES_it,0066f530,8,8,ok
d2i_GENERAL_NAMES,0066f540,12,11,ok
i2d_GENERAL_NAMES,0066f550,12,11,ok
GENERAL_NAMES_new,0066f560,12,13,ok
GENERAL_NAMES_free,0066f570,12,9,ok
GENERAL_NAME_dup,0066f580,22,11,ok
GENERAL_NAME_set1_X509_NAME,0066f5a0,199,38,ok
GENERAL_NAME_cmp,0066f680,292,79,ok
OTHERNAME_cmp,0066f7d0,74,23,ok
GENERAL_NAME_set0_value,0066f830,30,12,ok
GENERAL_NAME_get0_value,0066f860,71,29,ok
GENERAL_NAME_set0_othername,0066f8c0,84,18,ok
GENERAL_NAME_get0_otherName,0066f920,46,17,ok
sk_CONF_VALUE_freefunc_thunk,0066f960,8,11,ok
sk_ACCESS_DESCRIPTION_cmpfunc_thunk,0066f970,11,12,ok
ACCESS_DESCRIPTION_it,0066f980,8,8,ok
AUTHORITY_INFO_ACCESS_it,0066f990,8,8,ok
i2v_AUTHORITY_INFO_ACCESS,0066f9a0,400,58,ok
v2i_AUTHORITY_INFO_ACCESS,0066fb40,575,70,ok
ACCESS_DESCRIPTION_free,0066fd90,12,9,ok
d2i_ACCESS_DESCRIPTION,0066fda0,12,11,ok
i2d_ACCESS_DESCRIPTION,0066fdb0,12,11,ok
ACCESS_DESCRIPTION_new,0066fdc0,12,13,ok
d2i_AUTHORITY_INFO_ACCESS,0066fdd0,12,11,ok
i2d_AUTHORITY_INFO_ACCESS,0066fde0,12,11,ok
AUTHORITY_INFO_ACCESS_new,0066fdf0,12,13,ok
AUTHORITY_INFO_ACCESS_free,0066fe00,12,9,ok
i2a_ACCESS_DESCRIPTION,0066fe10,22,9,ok
ISSUER_SIGN_TOOL_it,0066fe30,8,8,ok
i2r_issuer_sign_tool,0066fe40,388,48,ok
v2i_issuer_sign_tool,0066ffe0,629,105,ok
d2i_ISSUER_SIGN_TOOL,00670270,12,9,ok
i2d_ISSUER_SIGN_TOOL,00670280,12,9,ok
ISSUER_SIGN_TOOL_new,00670290,12,9,ok
ISSUER_SIGN_TOOL_free,006702a0,12,9,ok
sk_X509V3_EXT_METHOD_cmpfunc_thunk,006702c0,11,12,ok
ext_cmp,006702d0,11,8,ok
ext_list_free,006702e0,24,12,ok
ext_cmp_BSEARCH_CMP_FN,00670310,11,8,ok
X509V3_EXT_add,00670320,150,29,ok
X509V3_EXT_get_nid,006703c0,131,29,ok
X509V3_EXT_get,00670450,160,34,ok
X509V3_EXT_add_list,00670500,193,36,ok
X509V3_EXT_add_alias,006705d0,366,95,ok
X509V3_EXT_cleanup,00670750,39,12,ok
X509V3_add_standard_extensions,00670780,6,10,ok
ossl_ignored_x509_extension,00670790,179,37,ok
X509V3_EXT_d2i,00670860,262,50,ok
X509V3_get_d2i,00670980,285,65,ok
X509V3_add1_i2d,00670ab0,634,99,ok
sk_GENERAL_SUBTREE_freefunc_thunk,00670d60,8,11,ok
GENERAL_SUBTREE_it,00670d70,8,8,ok
NAME_CONSTRAINTS_it,00670d80,8,8,ok
v2i_NAME_CONSTRAINTS,00670d90,661,87,ok
do_i2r_name_constraints.isra.0,00671050,387,67,ok
i2r_NAME_CONSTRAINTS,006711e0,96,17,ok
nc_match_single,00671240,2238,471,ok
nc_match,00671b80,569,113,ok
GENERAL_SUBTREE_new,00671de0,12,13,ok
GENERAL_SUBTREE_free,00671df0,12,9,ok
NAME_CONSTRAINTS_new,00671e00,12,13,ok
NAME_CONSTRAINTS_free,00671e10,12,9,ok
NAME_CONSTRAINTS_check,00671e20,381,84,ok
NAME_CONSTRAINTS_check_CN,00671fc0,505,98,ok
i2r_NO_ASSERTION,006721d0,6,8,ok
r2i_NO_ASSERTION,006721e0,5,13,ok
i2s_NO_ASSERTION,006721f0,24,9,ok
s2i_NO_ASSERTION,00672210,5,13,ok
i2r_NO_REV_AVAIL,00672220,6,8,ok
r2i_NO_REV_AVAIL,00672230,5,13,ok
i2s_NO_REV_AVAIL,00672240,24,9,ok
s2i_NO_REV_AVAIL,00672260,5,13,ok
process_pci_value,00672270,1424,190,ok
r2i_pci,00672830,820,121,ok
i2r_pci,00672b80,209,24,ok
PROXY_POLICY_it,00672c60,8,8,ok
d2i_PROXY_POLICY,00672c70,12,11,ok
i2d_PROXY_POLICY,00672c80,12,11,ok
PROXY_POLICY_new,00672c90,12,13,ok
PROXY_POLICY_free,00672ca0,12,9,ok
PROXY_CERT_INFO_EXTENSION_it,00672cb0,8,8,ok
d2i_PROXY_CERT_INFO_EXTENSION,00672cc0,12,13,ok
i2d_PROXY_CERT_INFO_EXTENSION,00672cd0,12,11,ok
PROXY_CERT_INFO_EXTENSION_new,00672ce0,12,13,ok
PROXY_CERT_INFO_EXTENSION_free,00672cf0,12,9,ok
POLICY_CONSTRAINTS_it,00672d00,8,8,ok
i2v_POLICY_CONSTRAINTS,00672d10,68,14,ok
v2i_POLICY_CONSTRAINTS,00672d60,386,53,ok
POLICY_CONSTRAINTS_new,00672f00,12,13,ok
POLICY_CONSTRAINTS_free,00672f10,12,9,ok
PKEY_USAGE_PERIOD_it,00672f20,8,8,ok
i2r_PKEY_USAGE_PERIOD,00672f30,155,22,ok
d2i_PKEY_USAGE_PERIOD,00672fd0,12,11,ok
i2d_PKEY_USAGE_PERIOD,00672fe0,12,11,ok
PKEY_USAGE_PERIOD_new,00672ff0,12,13,ok
PKEY_USAGE_PERIOD_free,00673000,12,9,ok
sk_POLICY_MAPPING_cmpfunc_thunk,00673010,11,12,ok
POLICY_MAPPING_it,00673020,8,8,ok
POLICY_MAPPINGS_it,00673030,8,8,ok
i2v_POLICY_MAPPINGS,00673040,131,27,ok
v2i_POLICY_MAPPINGS,006730d0,477,66,ok
POLICY_MAPPING_free,006732c0,12,9,ok
POLICY_MAPPING_new,006732d0,12,13,ok
X509V3_EXT_val_prn,006732e0,505,74,ok
X509V3_EXT_print,00673500,697,108,ok
X509V3_extensions_print,00673810,883,120,ok
X509V3_EXT_print_fp,00673bb0,74,17,ok
sk_X509_PURPOSE_cmpfunc_thunk,00673c00,11,12,ok
xp_cmp,00673c10,11,8,ok
nid_cmp_BSEARCH_CMP_FN,00673c20,5,8,ok
no_check_purpose,00673c30,6,8,ok
xptable_free,00673c40,98,19,ok
check_purpose_ns_ssl_server,00673cc0,182,42,ok
check_purpose_ocsp_helper,00673d90,106,25,ok
check_purpose_crl_sign,00673e10,129,34,ok
check_purpose_smime_sign,00673ea0,194,73,ok
check_purpose_smime_encrypt,00673f90,194,73,ok
check_purpose_timestamp_sign,00674080,215,51,ok
check_purpose_code_sign,00674170,227,42,ok
check_purpose_ssl_client,00674270,163,35,ok
check_purpose_ssl_server,00674330,157,34,ok
X509_PURPOSE_set,006743e0,110,27,ok
X509_PURPOSE_get_count,00674450,35,16,ok
X509_PURPOSE_get_unused_id,00674480,71,23,ok
X509_PURPOSE_get0,006744d0,49,17,ok
X509_PURPOSE_get_by_sname,00674510,547,106,ok
X509_PURPOSE_get_by_id,00674750,61,27,ok
X509_PURPOSE_add,00674790,1546,194,ok
X509_PURPOSE_cleanup,00674dc0,39,12,ok
X509_PURPOSE_get_id,00674df0,3,8,ok
X509_PURPOSE_get0_name,00674e00,5,8,ok
X509_PURPOSE_get0_sname,00674e10,5,8,ok
X509_PURPOSE_get_trust,00674e20,4,8,ok
X509_supported_extension,00674e30,73,18,ok
X509_set_proxy_flag,00674e80,45,16,ok
X509_set_proxy_pathlen,00674ec0,8,9,ok
ossl_x509_signing_allowed,00674ed0,74,17,ok
X509_check_akid,00674f20,183,53,ok
ossl_x509v3_cache_extensions,00674ff0,2877,422,ok
X509_check_purpose,00675bd0,147,41,ok
X509_check_ca,00675c70,114,27,ok
ossl_x509_likely_issued,00675cf0,365,68,ok
X509_check_issued,00675e80,459,75,ok
X509_get_extension_flags,00676080,17,9,ok
X509_get_key_usage,006760a0,39,19,ok
X509_get_extended_key_usage,006760d0,39,19,ok
X509_get0_subject_key_id,00676100,26,14,ok
X509_get0_authority_key_id,00676130,34,19,ok
X509_get0_authority_issuer,00676160,35,19,ok
X509_get0_authority_serial,00676190,35,19,ok
X509_get_pathlen,006761c0,40,14,ok
X509_get_proxy_pathlen,006761f0,40,14,ok
OSSL_ROLE_SPEC_CERT_ID_it,00676220,8,8,ok
OSSL_ROLE_SPEC_CERT_ID_SYNTAX_it,00676230,8,8,ok
i2r_OSSL_ROLE_SPEC_CERT_ID_SYNTAX,00676240,484,54,ok
d2i_OSSL_ROLE_SPEC_CERT_ID,00676430,12,9,ok
i2d_OSSL_ROLE_SPEC_CERT_ID,00676440,12,9,ok
OSSL_ROLE_SPEC_CERT_ID_new,00676450,12,9,ok
OSSL_ROLE_SPEC_CERT_ID_free,00676460,12,9,ok
d2i_OSSL_ROLE_SPEC_CERT_ID_SYNTAX,00676470,12,9,ok
i2d_OSSL_ROLE_SPEC_CERT_ID_SYNTAX,00676480,12,9,ok
OSSL_ROLE_SPEC_CERT_ID_SYNTAX_new,00676490,12,9,ok
OSSL_ROLE_SPEC_CERT_ID_SYNTAX_free,006764a0,12,9,ok
sk_CONF_VALUE_freefunc_thunk,006764b0,8,11,ok
i2v_GENERAL_NAME,006764d0,1049,151,ok
i2v_GENERAL_NAMES,00676940,153,37,ok
GENERAL_NAME_print,006769f0,556,87,ok
a2i_GENERAL_NAME,00676c60,1153,148,ok
v2i_GENERAL_NAME_ex.constprop.0.isra.0,00677140,354,51,ok
v2i_subject_alt,006772c0,779,116,ok
v2i_issuer_alt,006775f0,650,100,ok
v2i_GENERAL_NAMES,00677890,545,82,ok
v2i_GENERAL_NAME,00677ac0,356,53,ok
v2i_GENERAL_NAME_ex,00677c40,379,55,ok
OSSL_ATTRIBUTES_SYNTAX_it,00677de0,8,8,ok
i2r_ATTRIBUTES_SYNTAX,00677df0,486,81,ok
d2i_OSSL_ATTRIBUTES_SYNTAX,00678000,12,9,ok
i2d_OSSL_ATTRIBUTES_SYNTAX,00678010,12,9,ok
OSSL_ATTRIBUTES_SYNTAX_new,00678020,12,9,ok
OSSL_ATTRIBUTES_SYNTAX_free,00678030,12,9,ok
i2r_SINGLE_USE,00678040,6,8,ok
r2i_SINGLE_USE,00678050,5,13,ok
i2s_SINGLE_USE,00678060,24,9,ok
s2i_SINGLE_USE,00678080,5,13,ok
i2s_ASN1_OCTET_STRING,00678090,15,11,ok
s2i_ASN1_OCTET_STRING,006780a0,125,32,ok
ossl_x509_pubkey_hash,00678130,279,49,ok
s2i_skey_id,00678260,307,61,ok
i2r_SOA_IDENTIFIER,006783b0,6,8,ok
r2i_SOA_IDENTIFIER,006783c0,5,13,ok
i2s_SOA_IDENTIFIER,006783d0,24,9,ok
s2i_SOA_IDENTIFIER,006783f0,5,13,ok
SXNETID_it,00678400,8,8,ok
SXNET_it,00678410,8,8,ok
sxnet_i2r,00678420,296,36,ok
d2i_SXNETID,00678560,12,11,ok
i2d_SXNETID,00678570,12,11,ok
SXNETID_new,00678580,12,13,ok
SXNETID_free,00678590,12,9,ok
d2i_SXNET,006785a0,12,11,ok
i2d_SXNET,006785b0,12,11,ok
SXNET_new,006785c0,12,13,ok
SXNET_free,006785d0,12,9,ok
SXNET_add_id_INTEGER,006785e0,777,103,ok
SXNET_add_id_asc,00678910,139,24,ok
SXNET_add_id_ulong,006789b0,146,25,ok
sxnet_v2i,00678a50,220,38,ok
SXNET_get_id_asc,00678b50,161,38,ok
SXNET_get_id_ulong,00678c00,201,41,ok
SXNET_get_id_INTEGER,00678ce0,95,23,ok
OSSL_TIME_SPEC_ABSOLUTE_it,00678d50,8,8,ok
OSSL_DAY_TIME_it,00678d60,8,8,ok
OSSL_DAY_TIME_BAND_it,00678d70,8,8,ok
OSSL_NAMED_DAY_it,00678d80,8,8,ok
OSSL_TIME_SPEC_X_DAY_OF_it,00678d90,8,8,ok
OSSL_TIME_SPEC_DAY_it,00678da0,8,8,ok
OSSL_TIME_SPEC_WEEKS_it,00678db0,8,8,ok
OSSL_TIME_SPEC_MONTH_it,00678dc0,8,8,ok
OSSL_TIME_PERIOD_it,00678dd0,8,8,ok
OSSL_TIME_SPEC_TIME_it,00678de0,8,8,ok
OSSL_TIME_SPEC_it,00678df0,8,8,ok
print_int_named_day,00678e00,113,34,ok
i2r_OSSL_DAY_TIME.isra.0,00678e90,163,26,ok
i2r_OSSL_TIME_SPEC,00678f40,3213,504,ok
d2i_OSSL_DAY_TIME,00679c30,12,9,ok
i2d_OSSL_DAY_TIME,00679c40,12,9,ok
OSSL_DAY_TIME_new,00679c50,12,9,ok
OSSL_DAY_TIME_free,00679c60,12,9,ok
d2i_OSSL_DAY_TIME_BAND,00679c70,12,9,ok
i2d_OSSL_DAY_TIME_BAND,00679c80,12,9,ok
OSSL_DAY_TIME_BAND_new,00679c90,12,9,ok
OSSL_DAY_TIME_BAND_free,00679ca0,12,9,ok
d2i_OSSL_TIME_SPEC_DAY,00679cb0,12,9,ok
i2d_OSSL_TIME_SPEC_DAY,00679cc0,12,9,ok
OSSL_TIME_SPEC_DAY_new,00679cd0,12,9,ok
OSSL_TIME_SPEC_DAY_free,00679ce0,12,9,ok
d2i_OSSL_TIME_SPEC_WEEKS,00679cf0,12,9,ok
i2d_OSSL_TIME_SPEC_WEEKS,00679d00,12,9,ok
OSSL_TIME_SPEC_WEEKS_new,00679d10,12,9,ok
OSSL_TIME_SPEC_WEEKS_free,00679d20,12,9,ok
d2i_OSSL_TIME_SPEC_MONTH,00679d30,12,9,ok
i2d_OSSL_TIME_SPEC_MONTH,00679d40,12,9,ok
OSSL_TIME_SPEC_MONTH_new,00679d50,12,9,ok
OSSL_TIME_SPEC_MONTH_free,00679d60,12,9,ok
d2i_OSSL_NAMED_DAY,00679d70,12,9,ok
i2d_OSSL_NAMED_DAY,00679d80,12,9,ok
OSSL_NAMED_DAY_new,00679d90,12,9,ok
OSSL_NAMED_DAY_free,00679da0,12,9,ok
d2i_OSSL_TIME_SPEC_X_DAY_OF,00679db0,12,9,ok
i2d_OSSL_TIME_SPEC_X_DAY_OF,00679dc0,12,9,ok
OSSL_TIME_SPEC_X_DAY_OF_new,00679dd0,12,9,ok
OSSL_TIME_SPEC_X_DAY_OF_free,00679de0,12,9,ok
d2i_OSSL_TIME_SPEC_ABSOLUTE,00679df0,12,9,ok
i2d_OSSL_TIME_SPEC_ABSOLUTE,00679e00,12,9,ok
OSSL_TIME_SPEC_ABSOLUTE_new,00679e10,12,9,ok
OSSL_TIME_SPEC_ABSOLUTE_free,00679e20,12,9,ok
d2i_OSSL_TIME_SPEC_TIME,00679e30,12,9,ok
i2d_OSSL_TIME_SPEC_TIME,00679e40,12,9,ok
OSSL_TIME_SPEC_TIME_new,00679e50,12,9,ok
OSSL_TIME_SPEC_TIME_free,00679e60,12,9,ok
d2i_OSSL_TIME_SPEC,00679e70,12,9,ok
i2d_OSSL_TIME_SPEC,00679e80,12,9,ok
OSSL_TIME_SPEC_new,00679e90,12,9,ok
OSSL_TIME_SPEC_free,00679ea0,12,9,ok
d2i_OSSL_TIME_PERIOD,00679eb0,12,9,ok
i2d_OSSL_TIME_PERIOD,00679ec0,12,9,ok
OSSL_TIME_PERIOD_new,00679ed0,12,9,ok
OSSL_TIME_PERIOD_free,00679ee0,12,9,ok
sk_ASN1_INTEGER_freefunc_thunk,00679ef0,8,11,ok
TLS_FEATURE_it,00679f00,8,8,ok
v2i_TLS_FEATURE,00679f10,522,74,ok
i2v_TLS_FEATURE,0067a130,132,38,ok
TLS_FEATURE_new,0067a1d0,12,9,ok
TLS_FEATURE_free,0067a1e0,12,9,ok
OSSL_USER_NOTICE_SYNTAX_it,0067a1f0,8,8,ok
i2r_USER_NOTICE_SYNTAX,0067a200,564,88,ok
d2i_OSSL_USER_NOTICE_SYNTAX,0067a450,12,9,ok
i2d_OSSL_USER_NOTICE_SYNTAX,0067a460,12,9,ok
OSSL_USER_NOTICE_SYNTAX_new,0067a470,12,9,ok
OSSL_USER_NOTICE_SYNTAX_free,0067a480,12,9,ok
i2s_ASN1_UTF8STRING,0067a490,146,25,ok
s2i_ASN1_UTF8STRING,0067a530,241,36,ok
sk_CONF_VALUE_freefunc_thunk,0067a650,8,11,ok
equal_nocase,0067a660,197,61,ok
x509v3_add_len_value,0067a740,425,67,ok
strip_spaces,0067a920,133,44,ok
append_ia5,0067a9c0,270,57,ok
equal_case,0067aae0,103,30,ok
equal_wildcard,0067ab50,756,159,ok
do_check_string,0067ae80,390,71,ok
do_x509_check,0067b020,982,143,ok
X509V3_conf_free,0067b430,94,15,ok
bignum_to_string.part.0,0067b4a0,201,32,ok
equal_email,0067b570,175,54,ok
get_email,0067b640,473,73,ok
ipv4_from_asc,0067b840,357,94,ok
ipv6_cb,0067b9c0,191,50,ok
X509V3_add_value,0067baa0,497,81,ok
X509V3_add_value_uchar,0067bca0,497,81,ok
x509v3_add_len_value_uchar,0067bea0,425,72,ok
X509V3_add_value_bool,0067c050,438,66,ok
X509V3_add_value_bool_nf,0067c210,402,65,ok
i2s_ASN1_ENUMERATED,0067c3c0,210,37,ok
i2s_ASN1_INTEGER,0067c4a0,210,37,ok
s2i_ASN1_INTEGER,0067c580,467,73,ok
X509V3_add_value_int,0067c770,103,22,ok
X509V3_get_value_bool,0067c7e0,412,37,ok
X509V3_get_value_int,0067c990,80,17,ok
X509V3_parse_list,0067c9f0,668,126,ok
ossl_v3_name_cmp,0067cca0,68,16,ok
X509_get1_email,0067ccf0,73,16,ok
X509_get1_ocsp,0067cd40,149,32,ok
X509_REQ_get1_email,0067cde0,95,19,ok
X509_email_free,0067ce40,12,9,ok
X509_check_host,0067ce50,186,41,ok
ossl_x509_check_rfc822,0067cf20,34,11,ok
ossl_x509_check_smtputf8,0067cf50,34,11,ok
X509_check_email,0067cf80,226,42,ok
X509_check_ip,0067d080,36,14,ok
X509_check_ip_asc,0067d0b0,524,95,ok
ossl_ipaddr_to_asc,0067d2e0,241,40,ok
a2i_IPADDRESS,0067d3e0,455,102,ok
ossl_a2i_ipadd,0067d5c0,421,91,ok
a2i_IPADDRESS_NC,0067d780,238,42,ok
X509V3_NAME_from_section,0067d880,243,60,ok
OSSL_GENERAL_NAMES_print,0067d990,147,25,ok
ossl_bio_print_hex,0067da30,90,22,ok
OSSL_OBJECT_DIGEST_INFO_it,0067da90,8,8,ok
OSSL_ISSUER_SERIAL_it,0067daa0,8,8,ok
X509_ACERT_ISSUER_V2FORM_it,0067dab0,8,8,ok
X509_ACERT_ISSUER_it,0067dac0,8,8,ok
X509_HOLDER_it,0067dad0,8,8,ok
X509_ACERT_INFO_it,0067dae0,8,8,ok
d2i_X509_ACERT,0067daf0,12,9,ok
i2d_X509_ACERT,0067db00,12,9,ok
X509_ACERT_it,0067db10,8,8,ok
X509_ACERT_new,0067db20,12,9,ok
X509_ACERT_free,0067db30,12,9,ok
X509_ACERT_dup,0067db40,15,9,ok
X509_ACERT_INFO_new,0067db50,12,9,ok
X509_ACERT_INFO_free,0067db60,12,9,ok
OSSL_ISSUER_SERIAL_new,0067db70,12,9,ok
OSSL_ISSUER_SERIAL_free,0067db80,12,9,ok
OSSL_OBJECT_DIGEST_INFO_new,0067db90,12,9,ok
OSSL_OBJECT_DIGEST_INFO_free,0067dba0,12,9,ok
X509_ACERT_ISSUER_V2FORM_new,0067dbb0,12,9,ok
X509_ACERT_ISSUER_V2FORM_free,0067dbc0,12,9,ok
PEM_read_bio_X509_ACERT,0067dbd0,31,9,ok
PEM_read_X509_ACERT,0067dbf0,31,9,ok
PEM_write_bio_X509_ACERT,0067dc10,46,10,ok
PEM_write_X509_ACERT,0067dc40,46,10,ok
OSSL_OBJECT_DIGEST_INFO_get0_digest,0067dc70,73,22,ok
OSSL_ISSUER_SERIAL_get0_issuer,0067dcc0,42,20,ok
OSSL_ISSUER_SERIAL_get0_serial,0067dd00,5,8,ok
OSSL_ISSUER_SERIAL_get0_issuerUID,0067dd10,5,8,ok
X509_ACERT_get_version,0067dd20,8,9,ok
X509_ACERT_get0_signature,0067dd30,25,14,ok
X509_ACERT_get_signature_nid,0067dd50,9,9,ok
X509_ACERT_get0_holder_entityName,0067dd60,8,8,ok
X509_ACERT_get0_holder_baseCertId,0067dd70,8,8,ok
X509_ACERT_get0_holder_digest,0067dd80,8,8,ok
X509_ACERT_get0_issuerName,0067dd90,63,25,ok
X509_ACERT_get0_issuerUID,0067dde0,11,8,ok
X509_ACERT_get0_info_sigalg,0067ddf0,8,8,ok
X509_ACERT_get0_serialNumber,0067de00,8,8,ok
X509_ACERT_get0_notBefore,0067de10,8,8,ok
X509_ACERT_get0_notAfter,0067de20,8,8,ok
X509_ACERT_get_attr_count,0067de30,12,9,ok
X509_ACERT_get_attr_by_NID,0067de40,12,9,ok
X509_ACERT_get_attr_by_OBJ,0067de50,12,9,ok
X509_ACERT_get_attr,0067de60,12,9,ok
X509_ACERT_delete_attr,0067de70,12,9,ok
X509_ACERT_add1_attr,0067de80,30,11,ok
X509_ACERT_add1_attr_by_OBJ,0067dea0,30,14,ok
X509_ACERT_add1_attr_by_NID,0067dec0,30,13,ok
X509_ACERT_add1_attr_by_txt,0067dee0,30,13,ok
X509_ACERT_add_attr_nconf,0067df00,442,71,ok
X509_ACERT_get_ext_d2i,0067e0d0,15,9,ok
X509_ACERT_add1_ext_i2d,0067e0e0,15,9,ok
X509_ACERT_get0_extensions,0067e0f0,11,8,ok
X509at_get_attr_count,0067e110,5,11,ok
X509at_get_attr_by_NID,0067e120,134,35,ok
X509at_get_attr_by_OBJ,0067e1b0,109,30,ok
X509at_get_attr,0067e230,152,26,ok
X509at_delete_attr,0067e2e0,152,26,ok
ossl_x509at_add1_attr,0067e390,328,50,ok
X509at_add1_attr,0067e4f0,272,44,ok
ossl_x509at_dup,0067e620,363,63,ok
X509_ATTRIBUTE_set1_object,0067e7a0,114,19,ok
X509_ATTRIBUTE_set1_data,0067e820,580,84,ok
X509_ATTRIBUTE_create_by_OBJ,0067ea90,286,46,ok
X509at_add1_attr_by_OBJ,0067ebd0,318,54,ok
X509at_add1_attr_by_NID,0067ed30,398,66,ok
ossl_x509at_add1_attr_by_OBJ,0067eee0,251,40,ok
X509at_add1_attr_by_txt,0067eff0,304,44,ok
ossl_x509at_add1_attr_by_NID,0067f130,269,42,ok
ossl_x509at_add1_attr_by_txt,0067f250,304,44,ok
X509_ATTRIBUTE_create_by_NID,0067f390,372,60,ok
X509_ATTRIBUTE_create_by_txt,0067f520,388,60,ok
X509_ATTRIBUTE_count,0067f6d0,17,14,ok
X509_ATTRIBUTE_get0_object,0067f6f0,68,14,ok
X509_ATTRIBUTE_get0_data,0067f740,167,28,ok
X509at_get0_data_by_OBJ,0067f7f0,419,81,ok
X509_ATTRIBUTE_get0_type,0067f9b0,73,18,ok
check_suite_b,0067fa10,228,42,ok
X509_issuer_and_serial_cmp,0067fb10,243,55,ok
X509_issuer_and_serial_hash,0067fc20,244,52,ok
X509_issuer_name_cmp,0067fd20,176,43,ok
X509_subject_name_cmp,0067fde0,176,43,ok
X509_CRL_cmp,0067fea0,176,43,ok
X509_CRL_match,0067ff60,74,22,ok
X509_get_issuer_name,0067ffc0,5,8,ok
X509_issuer_name_hash,0067ffd0,101,28,ok
X509_issuer_name_hash_old,00680040,174,31,ok
X509_get_subject_name,006800f0,5,8,ok
X509_get_serialNumber,00680100,5,8,ok
X509_get0_serialNumber,00680110,5,8,ok
X509_subject_name_hash,00680120,101,28,ok
X509_subject_name_hash_old,00680190,174,31,ok
X509_cmp,00680240,188,41,ok
X509_add_cert,00680310,497,71,ok
ossl_x509_add_cert_new,00680530,130,24,ok
ossl_x509_add_certs_new,006805c0,306,59,ok
X509_add_certs,00680710,84,19,ok
X509_NAME_cmp,00680770,174,39,ok
X509_NAME_hash_ex,00680830,134,31,ok
X509_NAME_hash_old,006808c0,174,28,ok
X509_find_by_issuer_and_serial,00680970,139,31,ok
X509_find_by_subject,00680a00,259,46,ok
X509_get0_pubkey,00680b10,17,14,ok
X509_get_pubkey,00680b30,17,14,ok
ossl_x509_check_private_key,00680b50,269,38,ok
X509_check_private_key,00680c70,87,20,ok
X509_chain_check_suiteb,00680cd0,736,128,ok
X509_CRL_check_suiteb,00681000,221,37,ok
X509_chain_up_ref,006810f0,111,34,ok
X509_STORE_set_default_paths_ex,00681170,190,42,ok
X509_STORE_set_default_paths,00681240,175,28,ok
X509_STORE_load_file_ex,00681300,107,23,ok
X509_STORE_load_file,00681380,93,23,ok
X509_STORE_load_path,006813f0,82,23,ok
X509_STORE_load_store_ex,00681450,104,24,ok
X509_STORE_load_store,006814c0,90,23,ok
X509_STORE_load_locations_ex,00681530,186,39,ok
X509_STORE_load_locations,00681600,168,37,ok
X509_get_default_private_dir,006816c0,8,10,ok
X509_get_default_cert_area,006816d0,8,10,ok
X509_get_default_cert_dir,006816e0,8,10,ok
X509_get_default_cert_file,006816f0,8,10,ok
X509_get_default_cert_dir_env,00681700,8,10,ok
X509_get_default_cert_file_env,00681710,8,10,ok
X509_CRL_get_ext_count,00681720,9,11,ok
X509_CRL_get_ext_by_NID,00681730,9,11,ok
X509_CRL_get_ext_by_OBJ,00681740,9,11,ok
X509_CRL_get_ext_by_critical,00681750,9,11,ok
X509_CRL_get_ext,00681760,9,11,ok
X509_CRL_delete_ext,00681770,27,14,ok
X509_CRL_get_ext_d2i,00681790,9,11,ok
X509_CRL_add1_ext_i2d,006817a0,9,11,ok
X509_CRL_add_ext,006817b0,27,11,ok
X509_get_ext_count,006817d0,9,11,ok
X509_get_ext_by_NID,006817e0,9,11,ok
X509_get_ext_by_OBJ,006817f0,9,11,ok
X509_get_ext_by_critical,00681800,9,11,ok
X509_get_ext,00681810,9,11,ok
X509_delete_ext,00681820,30,14,ok
X509_add_ext,00681840,87,26,ok
X509_get_ext_d2i,006818a0,9,11,ok
X509_add1_ext_i2d,006818b0,19,12,ok
X509_REVOKED_get_ext_count,006818d0,9,11,ok
X509_REVOKED_get_ext_by_NID,006818e0,9,11,ok
X509_REVOKED_get_ext_by_OBJ,006818f0,9,11,ok
X509_REVOKED_get_ext_by_critical,00681900,9,11,ok
X509_REVOKED_get_ext,00681910,9,11,ok
X509_REVOKED_delete_ext,00681920,9,11,ok
X509_REVOKED_add_ext,00681930,27,11,ok
X509_REVOKED_get_ext_d2i,00681950,9,11,ok
X509_REVOKED_add1_ext_i2d,00681960,9,11,ok
sk_X509_OBJECT_cmpfunc_thunk,00681980,11,11,ok
x509_object_cmp,00681990,53,25,ok
obj_ht_hash,006819d0,13,9,ok
objs_ht_free,006819e0,15,9,ok
x509_object_idx_cnt,006819f0,82,29,ok
obj_ht_foreach_certs,00681a50,128,30,ok
sk_X509_LOOKUP_freefunc_thunk,00681af0,8,11,ok
obj_ht_foreach_object,00681b00,211,44,ok
x509_object_dup,00681be0,102,27,ok
X509_OBJECT_free,00681c50,64,17,ok
X509_LOOKUP_new,00681ca0,106,23,ok
X509_LOOKUP_free,00681d10,51,18,ok
X509_STORE_lock,00681d50,12,9,ok
ossl_x509_store_read_lock,00681d60,12,9,ok
X509_STORE_unlock,00681d70,12,9,ok
X509_LOOKUP_init,00681d80,29,21,ok
X509_LOOKUP_shutdown,00681db0,29,21,ok
X509_LOOKUP_ctrl_ex,00681de0,54,27,ok
X509_LOOKUP_ctrl,00681e20,58,25,ok
X509_LOOKUP_by_subject_ex,00681e70,47,30,ok
X509_LOOKUP_by_subject,00681eb0,53,30,ok
X509_LOOKUP_by_issuer_serial,00681f00,23,20,ok
X509_LOOKUP_by_fingerprint,00681f20,23,19,ok
X509_LOOKUP_by_alias,00681f40,23,19,ok
X509_LOOKUP_set_method_data,00681f60,10,9,ok
X509_LOOKUP_get_method_data,00681f70,5,8,ok
X509_LOOKUP_get_store,00681f80,5,8,ok
X509_STORE_new,00681f90,531,89,ok
X509_STORE_free,006821c0,261,51,ok
X509_STORE_up_ref,006822e0,25,12,ok
X509_STORE_add_lookup,00682300,304,45,ok
ossl_x509_store_ht_get_by_name,00682440,146,33,ok
ossl_x509_store_ctx_get_by_subject,006824e0,653,115,ok
X509_STORE_CTX_get_obj_by_subject,006827a0,144,26,ok
X509_STORE_CTX_get_by_subject,00682840,23,11,ok
X509_OBJECT_up_ref_count,00682860,36,16,ok
X509_OBJECT_get0_X509,006828a0,18,11,ok
X509_OBJECT_get0_X509_CRL,006828c0,18,11,ok
X509_OBJECT_get_type,006828e0,3,8,ok
X509_OBJECT_new,006828f0,42,14,ok
X509_OBJECT_set1_X509,00682920,95,25,ok
X509_OBJECT_set1_X509_CRL,006829a0,95,25,ok
X509_OBJECT_idx_by_subject,00682a20,7,11,ok
X509_OBJECT_retrieve_by_subject,00682a30,31,17,ok
X509_STORE_get0_objects,00682a60,52,13,ok
X509_STORE_get1_objects,00682aa0,231,37,ok
X509_STORE_get1_all_certs,00682ba0,283,47,ok
X509_STORE_CTX_get1_certs,00682cd0,709,111,ok
X509_STORE_CTX_get1_crls,00682fc0,484,83,ok
X509_OBJECT_retrieve_match,006831c0,228,57,ok
X509_STORE_add_crl,006832c0,895,135,ok
X509_STORE_add_cert,00683660,895,135,ok
X509_STORE_set_flags,00683a00,9,11,ok
X509_STORE_set_depth,00683a10,23,9,ok
X509_STORE_set_purpose,00683a30,9,11,ok
X509_STORE_set_trust,00683a40,9,11,ok
X509_STORE_set1_param,00683a50,9,11,ok
X509_STORE_get0_param,00683a60,5,8,ok
X509_STORE_set_verify,00683a70,5,9,ok
X509_STORE_get_verify,00683a80,5,8,ok
X509_STORE_set_verify_cb,00683a90,5,9,ok
X509_STORE_get_verify_cb,00683aa0,5,8,ok
X509_STORE_set_get_issuer,00683ab0,5,9,ok
X509_STORE_get_get_issuer,00683ac0,5,8,ok
X509_STORE_set_check_issued,00683ad0,5,9,ok
X509_STORE_get_check_issued,00683ae0,5,8,ok
X509_STORE_set_check_revocation,00683af0,5,9,ok
X509_STORE_get_check_revocation,00683b00,5,8,ok
X509_STORE_set_get_crl,00683b10,5,9,ok
X509_STORE_get_get_crl,00683b20,5,8,ok
X509_STORE_set_check_crl,00683b30,5,9,ok
X509_STORE_get_check_crl,00683b40,5,8,ok
X509_STORE_set_cert_crl,00683b50,5,9,ok
X509_STORE_get_cert_crl,00683b60,5,8,ok
X509_STORE_set_check_policy,00683b70,5,9,ok
X509_STORE_get_check_policy,00683b80,5,8,ok
X509_STORE_set_lookup_certs,00683b90,5,9,ok
X509_STORE_get_lookup_certs,00683ba0,5,8,ok
X509_STORE_set_lookup_crls,00683bb0,5,9,ok
X509_STORE_get_lookup_crls,00683bc0,5,8,ok
X509_STORE_set_cleanup,00683bd0,8,9,ok
X509_STORE_get_cleanup,00683be0,8,8,ok
X509_STORE_set_ex_data,00683bf0,12,9,ok
X509_STORE_get_ex_data,00683c00,12,9,ok
X509_STORE_CTX_get0_store,00683c10,4,8,ok
X509_NAME_oneline,00683c20,1218,214,ok
X509_to_X509_REQ,00684110,248,46,ok
X509_REQ_get_pubkey,00684220,17,14,ok
X509_REQ_get0_pubkey,00684240,17,14,ok
X509_REQ_get_X509_PUBKEY,00684260,5,8,ok
X509_REQ_check_private_key,00684270,30,14,ok
X509_REQ_extension_nid,00684290,40,23,ok
X509_REQ_get_extension_nids,006842d0,8,10,ok
X509_REQ_set_extension_nids,006842e0,8,9,ok
ossl_x509_req_get1_extensions_by_nid,006842f0,191,34,ok
X509_REQ_get_extensions,006843c0,114,34,ok
X509_REQ_add_extensions_nid,00684440,308,62,ok
X509_REQ_add_extensions,00684580,307,62,ok
X509_REQ_get_attr_count,006846c0,9,11,ok
X509_REQ_get_attr_by_NID,006846d0,9,11,ok
X509_REQ_get_attr_by_OBJ,006846e0,9,11,ok
X509_REQ_get_attr,006846f0,9,11,ok
X509_REQ_delete_attr,00684700,84,20,ok
X509_REQ_add1_attr,00684760,89,22,ok
X509_REQ_add1_attr_by_OBJ,006847c0,89,23,ok
X509_REQ_add1_attr_by_NID,00684820,89,23,ok
X509_REQ_add1_attr_by_txt,00684880,89,23,ok
X509_REQ_get_version,006848e0,9,9,ok
X509_REQ_get_subject_name,006848f0,5,8,ok
X509_REQ_get0_signature,00684900,25,14,ok
X509_REQ_set0_signature,00684920,37,12,ok
X509_REQ_set1_signature_algo,00684950,9,9,ok
X509_REQ_get_signature_nid,00684960,9,9,ok
i2d_re_X509_REQ_tbs,00684970,76,18,ok
X509_set_version,006849d0,119,37,ok
X509_set_serialNumber,00684a60,41,18,ok
X509_set_issuer_name,00684aa0,46,18,ok
X509_set_subject_name,00684ae0,46,18,ok
ossl_x509_set1_time,00684b20,106,22,ok
X509_set1_notBefore,00684ba0,88,22,ok
X509_set1_notAfter,00684c10,88,22,ok
X509_set_pubkey,00684c80,46,18,ok
X509_up_ref,00684cc0,25,12,ok
X509_get_version,00684ce0,8,9,ok
X509_get0_notBefore,00684cf0,5,8,ok
X509_get0_notAfter,00684d00,5,8,ok
X509_getm_notBefore,00684d10,5,8,ok
X509_getm_notAfter,00684d20,5,8,ok
X509_get_signature_type,00684d30,27,12,ok
X509_get_X509_PUBKEY,00684d50,5,8,ok
X509_get0_extensions,00684d60,5,8,ok
X509_get0_uids,00684d70,25,14,ok
X509_get0_tbs_sigalg,00684d90,5,8,ok
X509_SIG_INFO_get,00684da0,50,21,ok
X509_SIG_INFO_set,00684de0,13,13,ok
X509_get_signature_info,00684df0,114,23,ok
ossl_x509_init_sig_info,00684e70,487,82,ok
sk_X509_TRUST_cmpfunc_thunk,00685080,11,11,ok
tr_cmp,00685090,11,8,ok
trust_compat,006850a0,70,19,ok
trtable_free,006850f0,81,18,ok
obj_trust,00685160,376,92,ok
trust_1oid,00685300,11,9,ok
trust_1oidany,00685310,11,9,ok
X509_TRUST_set_default,00685320,15,13,ok
X509_check_trust,00685330,171,36,ok
X509_TRUST_get_count,006853f0,35,16,ok
X509_TRUST_get0,00685420,46,17,ok
X509_TRUST_get_by_id,00685460,73,28,ok
X509_TRUST_set,006854b0,130,28,ok
X509_TRUST_add,00685540,684,101,ok
X509_TRUST_cleanup,00685800,39,12,ok
X509_TRUST_get_flags,00685830,4,8,ok
X509_TRUST_get0_name,00685840,5,8,ok
X509_TRUST_get_trust,00685850,3,8,ok
X509_verify_cert_error_string,00685860,859,217,ok
X509v3_get_ext_count,00685bd0,29,17,ok
X509v3_get_ext_by_NID,00685c00,134,35,ok
X509v3_get_ext_by_OBJ,00685c90,109,30,ok
X509v3_get_ext_by_critical,00685d10,144,37,ok
X509v3_get_ext,00685db0,57,19,ok
X509v3_delete_ext,00685e00,5,30,ok
X509v3_delete_extension,00685e10,79,20,ok
X509v3_add_ext,00685e70,433,65,ok
X509v3_add_extensions,00686040,366,74,ok
X509_EXTENSION_create_by_NID,006861c0,319,61,ok
X509_EXTENSION_create_by_OBJ,00686310,283,68,ok
X509_EXTENSION_set_object,00686450,62,21,ok
X509_EXTENSION_set_critical,006864a0,25,12,ok
X509_EXTENSION_set_data,006864d0,40,14,ok
X509_EXTENSION_get_object,00686500,12,11,ok
X509_EXTENSION_get_data,00686520,14,14,ok
X509_EXTENSION_get_critical,00686530,19,11,ok
null_callback,00686560,3,8,ok
check_issued,00686570,25,11,ok
lookup_certs_sk,00686590,144,39,ok
certificate_time_to_posix,00686630,142,38,ok
crl_extension_match,006866e0,233,42,ok
cert_crl,006867e0,143,32,ok
dane_match_cert.isra.0,00686880,1060,183,ok
x509_verify_rpk,00686ce0,821,150,ok
ossl_x509_check_cert_time.constprop.0,00687030,183,42,ok
get0_best_issuer_sk.constprop.0,00687100,314,57,ok
get1_best_issuer_other_sk,00687250,44,19,ok
X509_STORE_CTX_get1_issuer,00687280,433,79,ok
check_policy,00687460,542,84,ok
check_trust,006876b0,736,128,ok
check_id,006879d0,724,111,ok
build_chain,00687cd0,3257,460,ok
X509_self_signed,006889c0,136,30,ok
ossl_x509_check_crl_time,00688a50,336,79,ok
get_crl_score,00688bc0,1240,199,ok
get_crl_sk,006890d0,763,103,ok
check_cert_crl,006893e0,777,128,ok
check_revocation,006896f0,1201,187,ok
X509_check_certificate_times,00689bd0,227,54,ok
ossl_x509_check_cert_time,00689cc0,540,99,ok
internal_verify,00689f10,640,117,ok
X509_cmp_current_time,0068a1c0,55,17,ok
X509_cmp_time,0068a200,65,22,ok
X509_cmp_timeframe,0068a250,212,63,ok
X509_gmtime_adj,0068a340,101,25,ok
X509_time_adj,0068a3b0,115,30,ok
X509_time_adj_ex,0068a430,138,30,ok
X509_get_pubkey_parameters,0068a4d0,303,51,ok
verify_chain,0068a630,4363,675,ok
x509_verify_x509,0068b7f0,1029,153,ok
X509_STORE_CTX_verify,0068bc30,126,29,ok
X509_verify_cert,0068bcc0,87,21,ok
X509_CRL_diff,0068bd20,1288,167,ok
X509_STORE_CTX_set_ex_data,0068c270,12,11,ok
X509_STORE_CTX_get_ex_data,0068c280,12,11,ok
X509_STORE_CTX_get_error,0068c290,7,8,ok
X509_STORE_CTX_set_error,0068c2a0,7,9,ok
X509_STORE_CTX_get_error_depth,0068c2b0,7,8,ok
X509_STORE_CTX_set_error_depth,0068c2c0,7,9,ok
X509_STORE_CTX_get_current_cert,0068c2d0,8,8,ok
X509_STORE_CTX_set_current_cert,0068c2e0,8,9,ok
X509_STORE_CTX_get0_chain,0068c2f0,8,8,ok
X509_STORE_CTX_get1_chain,0068c300,20,14,ok
X509_STORE_CTX_get0_current_issuer,0068c320,8,8,ok
X509_STORE_CTX_get0_current_crl,0068c330,8,8,ok
X509_STORE_CTX_get0_parent_ctx,0068c340,8,8,ok
X509_STORE_CTX_set_cert,0068c350,5,9,ok
X509_STORE_CTX_set0_rpk,0068c360,8,9,ok
X509_STORE_CTX_set0_crls,0068c370,5,9,ok
X509_STORE_CTX_set_ocsp_resp,0068c380,5,9,ok
X509_STORE_CTX_set_purpose,0068c390,292,60,ok
X509_STORE_CTX_set_trust,0068c4e0,111,26,ok
X509_STORE_CTX_purpose_inherit,0068c560,340,70,ok
X509_STORE_CTX_new_ex,0068c6e0,123,24,ok
X509_STORE_CTX_new,0068c770,47,16,ok
X509_STORE_CTX_free,0068c7a0,211,34,ok
X509_STORE_CTX_init,0068c890,1345,198,ok
X509_STORE_CTX_init_rpk,0068ce10,39,14,ok
check_crl_path,0068ce40,413,72,ok
check_crl,0068d000,590,100,ok
X509_STORE_CTX_set0_trusted_stack,0068d280,30,11,ok
X509_STORE_CTX_cleanup,0068d2a0,142,26,ok
X509_STORE_CTX_set_depth,0068d340,9,9,ok
X509_STORE_CTX_set_flags,0068d350,9,9,ok
X509_STORE_CTX_set_time,0068d360,12,9,ok
X509_STORE_CTX_set_current_reasons,0068d370,7,9,ok
X509_STORE_CTX_get0_cert,0068d380,5,8,ok
X509_STORE_CTX_get0_rpk,0068d390,8,8,ok
X509_STORE_CTX_get0_untrusted,0068d3a0,5,8,ok
X509_STORE_CTX_set0_untrusted,0068d3b0,5,9,ok
X509_STORE_CTX_set0_verified_chain,0068d3c0,38,10,ok
X509_STORE_CTX_set_verify_cb,0068d3f0,5,9,ok
X509_STORE_CTX_get_verify_cb,0068d400,5,8,ok
X509_STORE_CTX_set_verify,0068d410,5,9,ok
X509_STORE_CTX_get_verify,0068d420,5,8,ok
X509_STORE_CTX_get_get_issuer,0068d430,5,8,ok
X509_STORE_CTX_get_check_issued,0068d440,5,8,ok
X509_STORE_CTX_get_check_revocation,0068d450,5,8,ok
X509_STORE_CTX_get_get_crl,0068d460,5,8,ok
X509_STORE_CTX_set_get_crl,0068d470,5,9,ok
X509_STORE_CTX_get_check_crl,0068d480,5,8,ok
X509_STORE_CTX_get_cert_crl,0068d490,5,8,ok
X509_STORE_CTX_get_check_policy,0068d4a0,5,8,ok
X509_STORE_CTX_get_lookup_certs,0068d4b0,8,8,ok
X509_STORE_CTX_get_lookup_crls,0068d4c0,8,8,ok
X509_STORE_CTX_get_cleanup,0068d4d0,8,8,ok
X509_STORE_CTX_get0_policy_tree,0068d4e0,8,8,ok
X509_STORE_CTX_get_explicit_policy,0068d4f0,7,8,ok
X509_STORE_CTX_get_num_untrusted,0068d500,7,8,ok
X509_STORE_CTX_set_default,0068d510,108,19,ok
X509_STORE_CTX_get0_param,0068d590,5,8,ok
X509_STORE_CTX_set0_param,0068d5a0,32,10,ok
X509_STORE_CTX_set0_dane,0068d5c0,8,9,ok
X509_build_chain,0068d5d0,702,93,ok
sk_X509_VERIFY_PARAM_cmpfunc_thunk,0068d8d0,11,12,ok
validate_hostname_part,0068d8e0,293,82,ok
validate_email_name,0068da20,272,53,ok
buffer_cmp,0068db50,47,21,ok
param_cmp,0068db90,17,11,ok
sk_X509_BUFFER_freefunc_thunk,0068dbc0,8,11,ok
sk_X509_BUFFER_cmpfunc_thunk,0068dbd0,11,11,ok
buffer_copy,0068dc30,127,25,ok
add_string_to_buffer_stack,0068dcb0,435,56,ok
X509_VERIFY_PARAM_free,0068de80,218,31,ok
X509_VERIFY_PARAM_new,0068df70,54,18,ok
X509_VERIFY_PARAM_set1_name,0068dfb0,66,13,ok
X509_VERIFY_PARAM_set_flags,0068e000,33,15,ok
X509_VERIFY_PARAM_clear_flags,0068e030,13,9,ok
X509_VERIFY_PARAM_get_flags,0068e040,5,8,ok
X509_VERIFY_PARAM_get_inh_flags,0068e050,4,8,ok
X509_VERIFY_PARAM_set_inh_flags,0068e060,9,9,ok
X509_VERIFY_PARAM_set_purpose,0068e070,9,11,ok
X509_VERIFY_PARAM_get_purpose,0068e080,4,8,ok
X509_VERIFY_PARAM_set_trust,0068e090,9,11,ok
X509_VERIFY_PARAM_set_depth,0068e0a0,4,9,ok
X509_VERIFY_PARAM_set_auth_level,0068e0b0,4,9,ok
X509_VERIFY_PARAM_get_time,0068e0c0,5,8,ok
X509_VERIFY_PARAM_set_time,0068e0d0,10,10,ok
ossl_x509_verify_param_set_time_posix,0068e0e0,10,10,ok
X509_VERIFY_PARAM_add0_policy,0068e0f0,80,22,ok
X509_VERIFY_PARAM_set1_policies,0068e150,247,46,ok
X509_VERIFY_PARAM_inherit,0068e260,2208,457,ok
X509_VERIFY_PARAM_set1,0068ebc0,97,21,ok
X509_VERIFY_PARAM_get0_host,0068ec30,26,14,ok
X509_VERIFY_PARAM_set1_host,0068ec50,211,33,ok
X509_VERIFY_PARAM_add1_host,0068ed40,167,36,ok
X509_VERIFY_PARAM_set1_host_input_validation,0068ee00,5,9,ok
X509_VERIFY_PARAM_add1_ip,0068ee10,430,63,ok
X509_VERIFY_PARAM_set1_ip,0068efd0,85,17,ok
X509_VERIFY_PARAM_set1_ip_input_validation,0068f030,5,9,ok
X509_VERIFY_PARAM_get0_email,0068f040,54,18,ok
X509_VERIFY_PARAM_set1_smtputf8,0068f080,219,45,ok
X509_VERIFY_PARAM_add1_smtputf8,0068f170,144,30,ok
X509_VERIFY_PARAM_set1_smtputf8_input_validation,0068f210,5,9,ok
X509_VERIFY_PARAM_set1_rfc822,0068f220,222,45,ok
X509_VERIFY_PARAM_add1_rfc822,0068f320,147,30,ok
X509_VERIFY_PARAM_set1_email,0068f3c0,204,26,ok
X509_VERIFY_PARAM_set1_rfc822_input_validation,0068f4a0,5,9,ok
X509_VERIFY_PARAM_set_hostflags,0068f4b0,4,9,ok
X509_VERIFY_PARAM_get_hostflags,0068f4c0,4,8,ok
X509_VERIFY_PARAM_get0_peername,0068f4d0,8,8,ok
X509_VERIFY_PARAM_move_peername,0068f4e0,112,27,ok
X509_VERIFY_PARAM_get1_ip_asc,0068f560,106,25,ok
X509_VERIFY_PARAM_set1_ip_asc,0068f5d0,158,26,ok
X509_VERIFY_PARAM_add1_ip_asc,0068f680,45,17,ok
X509_VERIFY_PARAM_get_depth,0068f6b0,4,8,ok
X509_VERIFY_PARAM_get_auth_level,0068f6c0,4,8,ok
X509_VERIFY_PARAM_get0_name,0068f6d0,4,8,ok
X509_VERIFY_PARAM_add0_table,0068f6e0,356,44,ok
X509_VERIFY_PARAM_get_count,0068f850,35,14,ok
X509_VERIFY_PARAM_get0,0068f880,108,20,ok
X509_VERIFY_PARAM_lookup,0068f900,115,23,ok
X509_VERIFY_PARAM_table_cleanup,0068f980,39,12,ok
X509_CRL_set_version,0068f9b0,85,27,ok
X509_CRL_set_issuer_name,0068fa10,43,18,ok
X509_CRL_set1_lastUpdate,0068fa50,29,14,ok
X509_CRL_set1_nextUpdate,0068fa80,24,14,ok
X509_CRL_sort,0068faa0,71,31,ok
X509_CRL_up_ref,0068fb00,25,12,ok
X509_CRL_get_version,0068fb20,8,9,ok
X509_CRL_get0_lastUpdate,0068fb30,5,8,ok
X509_CRL_get0_nextUpdate,0068fb40,5,8,ok
X509_CRL_get_lastUpdate,0068fb50,5,8,ok
X509_CRL_get_nextUpdate,0068fb60,5,8,ok
X509_CRL_get_issuer,0068fb70,5,8,ok
X509_CRL_get0_extensions,0068fb80,5,8,ok
X509_CRL_get_REVOKED,0068fb90,5,8,ok
X509_CRL_get0_tbs_sigalg,0068fba0,5,8,ok
X509_CRL_get0_signature,0068fbb0,25,14,ok
X509_CRL_get_signature_nid,0068fbd0,9,9,ok
X509_REVOKED_get0_revocationDate,0068fbe0,5,8,ok
X509_REVOKED_set_revocationDate,0068fbf0,27,14,ok
X509_REVOKED_get0_serialNumber,0068fc20,4,8,ok
X509_REVOKED_set_serialNumber,0068fc30,24,17,ok
X509_REVOKED_get0_extensions,0068fc50,5,8,ok
i2d_re_X509_CRL_tbs,0068fc60,12,10,ok
X509_NAME_get_text_by_OBJ,0068fc70,230,50,ok
X509_NAME_get_text_by_NID,0068fd70,56,16,ok
X509_NAME_entry_count,0068fdb0,32,17,ok
X509_NAME_get_index_by_NID,0068fde0,141,37,ok
X509_NAME_get_index_by_OBJ,0068fe80,117,33,ok
X509_NAME_get_entry,0068ff10,60,19,ok
X509_NAME_delete_entry,0068ff60,180,42,ok
X509_NAME_add_entry,00690030,397,76,ok
X509_NAME_ENTRY_set_object,006901e0,114,19,ok
X509_NAME_ENTRY_set_data,00690260,195,40,ok
X509_NAME_ENTRY_create_by_OBJ,00690340,220,41,ok
X509_NAME_add_entry_by_OBJ,00690430,207,33,ok
X509_NAME_add_entry_by_NID,00690510,234,37,ok
X509_NAME_add_entry_by_txt,00690610,248,37,ok
X509_NAME_ENTRY_create_by_NID,00690720,311,55,ok
X509_NAME_ENTRY_create_by_txt,00690870,317,55,ok
X509_NAME_ENTRY_get_object,006909d0,12,11,ok
X509_NAME_ENTRY_get_data,006909f0,13,11,ok
X509_NAME_ENTRY_set,00690a10,4,8,ok
X509_REQ_set_version,00690a20,85,18,ok
X509_REQ_set_subject_name,00690a80,24,15,ok
X509_REQ_set_pubkey,00690aa0,24,15,ok
NETSCAPE_SPKI_set_pubkey,00690ac0,21,14,ok
NETSCAPE_SPKI_get_pubkey,00690ae0,24,14,ok
NETSCAPE_SPKI_b64_decode,00690b00,198,32,ok
NETSCAPE_SPKI_b64_encode,00690bd0,209,27,ok
X509_verify,00690cb0,121,24,ok
X509_REQ_verify_ex,00690d30,149,26,ok
X509_REQ_verify,00690dd0,135,27,ok
X509_ACERT_verify,00690e60,92,19,ok
NETSCAPE_SPKI_verify,00690ec0,59,17,ok
X509_sign,00690f00,292,46,ok
X509_sign_ctx,00691040,252,42,ok
X509_load_http,00691150,134,23,ok
X509_REQ_sign,006911e0,307,49,ok
X509_REQ_sign_ctx,00691340,269,46,ok
X509_CRL_sign,00691470,153,25,ok
X509_CRL_sign_ctx,00691510,118,21,ok
X509_CRL_load_http,00691590,134,24,ok
X509_ACERT_sign,00691620,71,14,ok
X509_ACERT_sign_ctx,00691670,49,15,ok
NETSCAPE_SPKI_sign,006916b0,72,17,ok
d2i_X509_fp,00691700,37,13,ok
i2d_X509_fp,00691730,37,13,ok
d2i_X509_bio,00691760,37,13,ok
i2d_X509_bio,00691790,37,13,ok
d2i_X509_CRL_fp,006917c0,37,13,ok
i2d_X509_CRL_fp,006917f0,37,13,ok
d2i_X509_CRL_bio,00691820,37,13,ok
i2d_X509_CRL_bio,00691850,37,13,ok
d2i_PKCS7_fp,00691880,102,29,ok
i2d_PKCS7_fp,006918f0,37,13,ok
d2i_PKCS7_bio,00691920,102,29,ok
i2d_PKCS7_bio,00691990,37,13,ok
d2i_X509_REQ_fp,006919c0,37,13,ok
i2d_X509_REQ_fp,006919f0,37,13,ok
d2i_X509_REQ_bio,00691a20,82,26,ok
i2d_X509_REQ_bio,00691a80,37,13,ok
d2i_RSAPrivateKey_fp,00691ab0,37,13,ok
i2d_RSAPrivateKey_fp,00691ae0,37,13,ok
d2i_RSAPublicKey_fp,00691b10,37,13,ok
d2i_RSA_PUBKEY_fp,00691b40,25,11,ok
i2d_RSAPublicKey_fp,00691b60,37,13,ok
i2d_RSA_PUBKEY_fp,00691b90,18,11,ok
d2i_RSAPrivateKey_bio,00691bb0,37,13,ok
i2d_RSAPrivateKey_bio,00691be0,37,13,ok
d2i_RSAPublicKey_bio,00691c10,37,13,ok
d2i_RSA_PUBKEY_bio,00691c40,25,11,ok
i2d_RSAPublicKey_bio,00691c60,37,13,ok
i2d_RSA_PUBKEY_bio,00691c90,18,11,ok
d2i_DSAPrivateKey_fp,00691cb0,25,11,ok
i2d_DSAPrivateKey_fp,00691cd0,18,11,ok
d2i_DSA_PUBKEY_fp,00691cf0,25,11,ok
i2d_DSA_PUBKEY_fp,00691d10,18,11,ok
d2i_DSAPrivateKey_bio,00691d30,25,11,ok
i2d_DSAPrivateKey_bio,00691d50,18,11,ok
d2i_DSA_PUBKEY_bio,00691d70,25,11,ok
i2d_DSA_PUBKEY_bio,00691d90,18,11,ok
d2i_EC_PUBKEY_fp,00691db0,25,11,ok
i2d_EC_PUBKEY_fp,00691dd0,18,11,ok
d2i_ECPrivateKey_fp,00691df0,25,11,ok
i2d_ECPrivateKey_fp,00691e10,18,11,ok
d2i_EC_PUBKEY_bio,00691e30,25,11,ok
i2d_EC_PUBKEY_bio,00691e50,18,11,ok
d2i_ECPrivateKey_bio,00691e70,25,11,ok
i2d_ECPrivateKey_bio,00691e90,18,11,ok
X509_pubkey_digest,00691eb0,58,16,ok
X509_digest,00691ef0,185,35,ok
X509_digest_sig,00691fb0,862,130,ok
X509_CRL_digest,00692340,259,41,ok
X509_REQ_digest,00692460,83,17,ok
X509_NAME_digest,006924c0,57,13,ok
PKCS7_ISSUER_AND_SERIAL_digest,00692500,57,13,ok
d2i_PKCS8_fp,00692540,25,11,ok
i2d_PKCS8_fp,00692560,18,11,ok
d2i_PKCS8_bio,00692580,25,11,ok
i2d_PKCS8_bio,006925a0,18,11,ok
d2i_X509_PUBKEY_fp,006925c0,25,9,ok
i2d_X509_PUBKEY_fp,006925e0,18,9,ok
d2i_X509_PUBKEY_bio,00692600,25,9,ok
i2d_X509_PUBKEY_bio,00692620,18,9,ok
d2i_PKCS8_PRIV_KEY_INFO_fp,00692640,25,12,ok
i2d_PKCS8_PRIV_KEY_INFO_fp,00692660,18,11,ok
i2d_PKCS8PrivateKeyInfo_fp,00692680,60,17,ok
i2d_PrivateKey_fp,006926c0,18,11,ok
d2i_PrivateKey_fp,006926e0,25,11,ok
d2i_PrivateKey_ex_fp,00692700,213,36,ok
i2d_PUBKEY_fp,006927e0,18,11,ok
d2i_PUBKEY_ex_fp,00692800,213,35,ok
d2i_PUBKEY_fp,006928e0,25,11,ok
d2i_PKCS8_PRIV_KEY_INFO_bio,00692900,25,12,ok
i2d_PKCS8_PRIV_KEY_INFO_bio,00692920,18,11,ok
i2d_PKCS8PrivateKeyInfo_bio,00692940,60,17,ok
i2d_PrivateKey_bio,00692980,18,11,ok
d2i_PrivateKey_bio,006929a0,25,11,ok
d2i_PrivateKey_ex_bio,006929c0,102,22,ok
i2d_PUBKEY_bio,00692a30,18,11,ok
d2i_PUBKEY_ex_bio,00692a50,102,22,ok
d2i_PUBKEY_bio,00692ac0,25,11,ok
d2i_X509_ACERT_fp,00692ae0,37,12,ok
i2d_X509_ACERT_fp,00692b10,37,12,ok
d2i_X509_ACERT_bio,00692b40,37,12,ok
i2d_X509_ACERT_bio,00692b70,37,12,ok
X509_ATTRIBUTE_it,00692ba0,8,8,ok
d2i_X509_ATTRIBUTE,00692bb0,12,11,ok
i2d_X509_ATTRIBUTE,00692bc0,12,11,ok
X509_ATTRIBUTE_new,00692bd0,12,13,ok
X509_ATTRIBUTE_free,00692be0,12,9,ok
X509_ATTRIBUTE_dup,00692bf0,15,11,ok
X509_ATTRIBUTE_create,00692c00,141,30,ok
ossl_print_attribute_value,00692ca0,800,122,ok
sk_X509_REVOKED_cmpfunc_thunk,00693010,11,12,ok
X509_REVOKED_it,00693030,8,8,ok
X509_CRL_INFO_it,00693040,8,8,ok
crl_inf_cb,00693050,57,14,ok
X509_REVOKED_cmp,00693090,11,9,ok
def_crl_verify,006930a0,50,10,ok
def_crl_lookup,006930e0,397,78,ok
crl_cb,00693280,2219,334,ok
X509_CRL_it,00693b80,8,8,ok
d2i_X509_REVOKED,00693b90,12,11,ok
i2d_X509_REVOKED,00693ba0,12,11,ok
X509_REVOKED_new,00693bb0,12,13,ok
X509_REVOKED_free,00693bc0,12,9,ok
X509_REVOKED_dup,00693bd0,15,9,ok
d2i_X509_CRL_INFO,00693be0,12,11,ok
i2d_X509_CRL_INFO,00693bf0,12,11,ok
X509_CRL_INFO_new,00693c00,12,13,ok
X509_CRL_INFO_free,00693c10,12,9,ok
d2i_X509_CRL,00693c20,12,11,ok
i2d_X509_CRL,00693c30,12,11,ok
X509_CRL_new,00693c40,12,13,ok
X509_CRL_free,00693c50,12,9,ok
X509_CRL_dup,00693c60,15,11,ok
X509_CRL_new_ex,00693c70,158,26,ok
X509_CRL_add0_revoked,00693d20,148,30,ok
X509_CRL_verify,00693dc0,21,18,ok
X509_CRL_get0_by_serial,00693de0,23,18,ok
X509_CRL_get0_by_cert,00693e00,88,22,ok
X509_CRL_set_default_method,00693e60,22,12,ok
X509_CRL_METHOD_new,00693e80,82,19,ok
X509_CRL_METHOD_free,00693ee0,28,12,ok
X509_CRL_set_meth_data,00693f10,8,9,ok
X509_CRL_get_meth_data,00693f20,8,8,ok
ossl_x509_crl_set0_libctx,00693f30,113,23,ok
X509_EXTENSION_it,00693fb0,8,8,ok
X509_EXTENSIONS_it,00693fc0,8,8,ok
d2i_X509_EXTENSION,00693fd0,12,11,ok
i2d_X509_EXTENSION,00693fe0,12,11,ok
X509_EXTENSION_new,00693ff0,12,13,ok
X509_EXTENSION_free,00694000,12,9,ok
d2i_X509_EXTENSIONS,00694010,12,11,ok
i2d_X509_EXTENSIONS,00694020,12,11,ok
X509_EXTENSION_dup,00694030,15,11,ok
sk_X509_NAME_ENTRY_freefunc_thunk,00694040,8,11,ok
X509_NAME_ENTRY_it,00694050,8,8,ok
X509_NAME_ENTRIES_it,00694060,8,8,ok
X509_NAME_ENTRY_free,00694070,12,9,ok
x509_name_ex_print,00694080,31,12,ok
local_sk_X509_NAME_ENTRY_free,006940a0,5,13,ok
local_sk_X509_NAME_ENTRY_pop_free,006940b0,12,9,ok
x509_name_ex_free,006940c0,98,21,ok
x509_name_ex_new,00694130,225,38,ok
sk_STACK_OF_X509_NAME_ENTRY_freefunc_thunk,00694220,8,11,ok
x509_name_canon.part.0,00694230,1228,193,ok
x509_name_ex_d2i,00694750,615,88,ok
x509_name_ex_i2d,006949c0,614,90,ok
d2i_X509_NAME_ENTRY,00694c40,12,11,ok
i2d_X509_NAME_ENTRY,00694c50,12,11,ok
X509_NAME_ENTRY_new,00694c60,12,13,ok
X509_NAME_ENTRY_dup,00694c70,15,11,ok
X509_NAME_it,00694c80,8,8,ok
d2i_X509_NAME,00694c90,12,11,ok
i2d_X509_NAME,00694ca0,12,11,ok
X509_NAME_new,00694cb0,12,13,ok
X509_NAME_free,00694cc0,12,9,ok
X509_NAME_dup,00694cd0,15,11,ok
X509_NAME_set,00694ce0,70,18,ok
X509_NAME_print,00694d30,372,59,ok
X509_NAME_get0_der,00694ec0,78,22,ok
x509_pubkey_decode,00694f10,301,44,ok
x509_pubkey_ex_print,00695050,15,10,ok
x509_pubkey_ex_i2d,00695060,12,10,ok
x509_pubkey_ex_free,00695070,100,22,ok
x509_pubkey_ex_new_ex,006950e0,307,54,ok
x509_pubkey_ex_d2i_ex,00695220,908,130,ok
ossl_d2i_X509_PUBKEY_INTERNAL,006955d0,94,15,ok
ossl_X509_PUBKEY_INTERNAL_free,00695630,12,9,ok
X509_PUBKEY_it,00695640,8,8,ok
d2i_X509_PUBKEY,00695650,12,11,ok
i2d_X509_PUBKEY,00695660,12,11,ok
X509_PUBKEY_new,00695670,12,13,ok
X509_PUBKEY_free,00695680,12,9,ok
X509_PUBKEY_new_ex,00695690,152,26,ok
X509_PUBKEY_dup,00695730,549,74,ok
X509_PUBKEY_set,00695970,738,88,ok
X509_PUBKEY_get0,00695c80,122,24,ok
X509_PUBKEY_get,00695d10,195,35,ok
ossl_d2i_PUBKEY_legacy,00695de0,375,66,ok
d2i_PUBKEY_ex,00695f60,506,84,ok
d2i_PUBKEY,00696170,256,47,ok
i2d_PUBKEY,00696280,411,67,ok
d2i_RSA_PUBKEY,00696440,414,69,ok
i2d_RSA_PUBKEY,006965f0,153,27,ok
ossl_d2i_DH_PUBKEY,00696690,438,75,ok
ossl_i2d_DH_PUBKEY,00696860,153,27,ok
ossl_d2i_DHx_PUBKEY,00696900,440,75,ok
ossl_i2d_DHx_PUBKEY,00696ad0,153,27,ok
d2i_DSA_PUBKEY,00696b70,414,69,ok
ossl_d2i_DSA_PUBKEY,00696d20,514,76,ok
i2d_DSA_PUBKEY,00696f40,153,27,ok
d2i_EC_PUBKEY,00696fe0,448,75,ok
i2d_EC_PUBKEY,006971b0,153,27,ok
ossl_d2i_ED25519_PUBKEY,00697250,414,69,ok
ossl_i2d_ED25519_PUBKEY,00697400,153,27,ok
ossl_d2i_ED448_PUBKEY,006974a0,440,75,ok
ossl_i2d_ED448_PUBKEY,00697670,153,27,ok
ossl_d2i_X25519_PUBKEY,00697710,440,75,ok
ossl_i2d_X25519_PUBKEY,006978e0,153,27,ok
ossl_d2i_X448_PUBKEY,00697980,440,75,ok
ossl_i2d_X448_PUBKEY,00697b50,153,27,ok
X509_PUBKEY_set0_public_key,00697bf0,25,10,ok
X509_PUBKEY_set0_param,00697c10,66,19,ok
X509_PUBKEY_get0_param,00697c60,51,22,ok
X509_get0_pubkey_bitstr,00697ca0,17,11,ok
X509_PUBKEY_eq,00697cc0,151,32,ok
ossl_x509_PUBKEY_get0_libctx,00697d70,30,14,ok
X509_REQ_INFO_it,00697da0,8,8,ok
rinf_cb,00697db0,50,19,ok
req_cb,00697df0,410,64,ok
d2i_X509_REQ_INFO,00697fa0,12,11,ok
i2d_X509_REQ_INFO,00697fb0,12,11,ok
X509_REQ_INFO_new,00697fc0,12,13,ok
X509_REQ_INFO_free,00697fd0,12,9,ok
X509_REQ_it,00697fe0,8,8,ok
d2i_X509_REQ,00697ff0,12,11,ok
i2d_X509_REQ,00698000,12,11,ok
X509_REQ_new,00698010,12,13,ok
X509_REQ_free,00698020,12,9,ok
X509_REQ_dup,00698030,15,11,ok
X509_REQ_set0_distinguishing_id,00698040,32,10,ok
X509_REQ_get0_distinguishing_id,00698060,5,8,ok
ossl_x509_req_set0_libctx,00698070,101,23,ok
X509_REQ_new_ex,006980e0,146,26,ok
X509_CINF_it,00698180,8,8,ok
x509_cb,00698190,646,76,ok
d2i_X509_CINF,00698440,12,11,ok
i2d_X509_CINF,00698450,12,11,ok
X509_CINF_new,00698460,12,13,ok
X509_CINF_free,00698470,12,9,ok
X509_it,00698480,8,8,ok
d2i_X509,00698490,12,11,ok
i2d_X509,006984a0,12,11,ok
X509_new,006984b0,12,13,ok
X509_free,006984c0,12,9,ok
X509_dup,006984d0,15,11,ok
ossl_x509_set0_libctx,006984e0,113,23,ok
X509_new_ex,00698560,164,26,ok
X509_set_ex_data,00698610,12,11,ok
X509_get_ex_data,00698620,12,11,ok
d2i_X509_AUX,00698630,208,32,ok
i2d_X509_AUX,00698710,414,71,ok
i2d_re_X509_tbs,006988d0,22,10,ok
X509_get0_signature,006988f0,31,14,ok
X509_get_signature_nid,00698910,12,9,ok
X509_set0_distinguishing_id,00698920,38,10,ok
X509_get0_distinguishing_id,00698950,8,8,ok
X509_CERT_AUX_it,00698970,8,8,ok
d2i_X509_CERT_AUX,00698980,12,11,ok
i2d_X509_CERT_AUX,00698990,12,11,ok
X509_CERT_AUX_new,006989a0,12,13,ok
X509_CERT_AUX_free,006989b0,12,9,ok
X509_trusted,006989c0,14,8,ok
X509_alias_set1,006989d0,210,44,ok
X509_keyid_set1,00698ac0,210,42,ok
X509_alias_get0,00698bb0,35,19,ok
X509_keyid_get0,00698be0,35,19,ok
X509_add1_trust_object,00698c10,255,67,ok
X509_add1_reject_object,00698d20,168,39,ok
X509_trust_clear,00698de0,48,13,ok
X509_reject_clear,00698e20,50,13,ok
X509_get0_trust_objects,00698e60,16,14,ok
X509_get0_reject_objects,00698e70,17,14,ok
base_gettable_params,00698e90,8,8,ok
base_query,00698ea0,72,30,ok
base_get_params,00698ef0,182,33,ok
base_teardown,00698fb0,26,13,ok
ossl_base_provider_init,00698fd0,276,58,ok
deflt_gettable_params,006990f0,8,8,ok
deflt_query,00699100,144,40,ok
deflt_get_params,00699200,182,33,ok
deflt_teardown,006992c0,26,13,ok
ossl_default_provider_init,006992e0,304,62,ok
legacy_gettable_params,00699430,8,8,ok
legacy_query,00699440,72,30,ok
legacy_get_params,00699490,182,33,ok
legacy_teardown,00699550,26,13,ok
ossl_legacy_provider_init,00699570,154,29,ok
null_gettable_params,00699610,8,8,ok
null_query,00699620,9,9,ok
null_get_params,00699630,182,33,ok
ossl_null_provider_init,006996f0,19,12,ok
ossl_set_error_state,00699710,1,8,ok
ossl_prov_is_running,00699720,6,8,ok
bio_core_new,00699730,24,9,ok
bio_core_read_ex,00699750,55,18,ok
bio_core_write_ex,00699790,55,18,ok
bio_core_gets,006997d0,56,17,ok
bio_core_puts,00699810,37,17,ok
bio_core_ctrl,00699840,58,20,ok
bio_core_free,00699880,43,15,ok
ossl_prov_bio_from_dispatch,006998b0,335,68,ok
ossl_prov_bio_new_file,00699a30,17,16,ok
ossl_prov_bio_new_membuf,00699a50,17,16,ok
ossl_prov_bio_read_ex,00699a70,17,16,ok
ossl_prov_bio_write_ex,00699a90,17,16,ok
ossl_prov_bio_gets,00699ab0,20,16,ok
ossl_prov_bio_puts,00699ad0,20,16,ok
ossl_prov_bio_ctrl,00699af0,20,16,ok
ossl_prov_bio_up_ref,00699b10,17,16,ok
ossl_prov_bio_free,00699b30,17,16,ok
ossl_prov_bio_vprintf,00699b50,20,16,ok
ossl_prov_bio_printf,00699b70,159,57,ok
ossl_bio_prov_init_bio_method,00699c10,191,23,ok
ossl_bio_new_from_core_bio,00699cd0,97,26,ok
ossl_prov_get_capabilities,00699d40,164,37,ok
ossl_prov_seeding_from_dispatch,00699e00,713,168,ok
ossl_prov_get_entropy,0069a110,89,23,ok
ossl_prov_cleanup_entropy,0069a170,65,20,ok
ossl_prov_get_nonce,0069a1c0,91,22,ok
ossl_prov_cleanup_nonce,0069a220,65,20,ok
ossl_prov_cipher_reset,0069a270,22,10,ok
ossl_prov_cipher_copy,0069a290,63,21,ok
ossl_prov_cipher_load,0069a2d0,132,26,ok
ossl_prov_cipher_cipher,0069a360,4,8,ok
ossl_prov_digest_reset,0069a370,22,10,ok
ossl_prov_digest_copy,0069a390,63,21,ok
ossl_prov_digest_fetch,0069a3d0,68,15,ok
ossl_prov_digest_load,0069a420,130,28,ok
ossl_prov_digest_set_md,0069a4b0,44,18,ok
ossl_prov_digest_md,0069a4e0,4,8,ok
ossl_prov_set_macctx,0069a4f0,370,98,ok
ossl_prov_macctx_load,0069a680,334,52,ok
ossl_prov_cache_exported_algorithms,0069a7e0,126,64,ok
ossl_prov_memdup,0069a870,77,22,ok
rsa_gettable_ctx_params,0069a8d0,8,8,ok
rsa_settable_ctx_params,0069a8e0,8,8,ok
rsa_get_ctx_params,0069a8f0,1291,195,ok
rsa_freectx,0069ae50,82,13,ok
rsa_decrypt,0069aeb0,890,106,ok
rsa_encrypt,0069b260,566,73,ok
rsa_newctx,0069b4b0,71,22,ok
rsa_set_ctx_params,0069b500,2068,341,ok
rsa_encrypt_init,0069bd50,228,31,ok
rsa_decrypt_init,0069be40,228,31,ok
rsa_dupctx,0069bf30,381,79,ok
sm2_gettable_ctx_params,0069c0d0,8,8,ok
sm2_settable_ctx_params,0069c0e0,8,8,ok
sm2_set_ctx_params,0069c0f0,319,66,ok
sm2_get_ctx_params,0069c250,249,42,ok
sm2_freectx,0069c360,43,11,ok
sm2_asym_encrypt,0069c390,218,28,ok
sm2_newctx,0069c480,60,16,ok
sm2_init,0069c4c0,73,23,ok
sm2_asym_decrypt,0069c520,155,23,ok
sm2_dupctx,0069c5d0,169,38,ok
aes_cbc_cts_gettable_ctx_params,0069c690,8,8,ok
aes_cbc_cts_settable_ctx_params,0069c6a0,8,8,ok
aes_256_ecb_get_params,0069c6b0,26,9,ok
aes_192_ecb_get_params,0069c6d0,26,9,ok
aes_128_ecb_get_params,0069c6f0,26,9,ok
aes_256_cbc_get_params,0069c710,29,9,ok
aes_192_cbc_get_params,0069c730,29,9,ok
aes_128_cbc_get_params,0069c750,29,9,ok
aes_256_ofb_get_params,0069c770,29,9,ok
aes_192_ofb_get_params,0069c790,29,9,ok
aes_128_ofb_get_params,0069c7b0,29,9,ok
aes_256_cfb_get_params,0069c7d0,29,9,ok
aes_192_cfb_get_params,0069c7f0,29,9,ok
aes_128_cfb_get_params,0069c810,29,9,ok
aes_256_ctr_get_params,0069c830,29,9,ok
aes_192_ctr_get_params,0069c850,29,9,ok
aes_128_ctr_get_params,0069c870,29,9,ok
aes_cts_256_cbc_get_params,0069c890,32,9,ok
aes_cts_192_cbc_get_params,0069c8b0,32,9,ok
aes_cts_128_cbc_get_params,0069c8d0,32,9,ok
aes_dupctx,0069c8f0,76,19,ok
aes_freectx,0069c940,35,10,ok
aes_256_ecb_newctx,0069c970,103,21,ok
aes_192_ecb_newctx,0069c9e0,103,21,ok
aes_128_ecb_newctx,0069ca50,103,21,ok
aes_256_cbc_newctx,0069cac0,106,21,ok
aes_192_cbc_newctx,0069cb30,106,21,ok
aes_128_cbc_newctx,0069cba0,106,21,ok
aes_256_ofb_newctx,0069cc10,106,21,ok
aes_192_ofb_newctx,0069cc80,106,21,ok
aes_128_ofb_newctx,0069ccf0,106,21,ok
aes_256_cfb_newctx,0069cd60,106,21,ok
aes_192_cfb_newctx,0069cdd0,106,21,ok
aes_128_cfb_newctx,0069ce40,106,21,ok
aes_256_cfb1_newctx,0069ceb0,106,21,ok
aes_192_cfb1_newctx,0069cf20,106,21,ok
aes_128_cfb1_newctx,0069cf90,106,21,ok
aes_256_cfb8_newctx,0069d000,106,21,ok
aes_192_cfb8_newctx,0069d070,106,21,ok
aes_128_cfb8_newctx,0069d0e0,106,21,ok
aes_256_ctr_newctx,0069d150,106,21,ok
aes_192_ctr_newctx,0069d1c0,106,21,ok
aes_128_ctr_newctx,0069d230,106,21,ok
aes_cbc_cts_set_ctx_params,0069d2a0,128,29,ok
aes_cbc_cts_get_ctx_params,0069d330,133,28,ok
aes_256_cfb1_get_params,0069d3c0,29,9,ok
aes_256_cfb8_get_params,0069d3e0,29,9,ok
aes_192_cfb1_get_params,0069d400,29,9,ok
aes_192_cfb8_get_params,0069d420,29,9,ok
aes_128_cfb1_get_params,0069d440,29,9,ok
aes_128_cfb8_get_params,0069d460,29,9,ok
aes_cbc_cts_einit,0069d480,149,34,ok
aes_cbc_cts_dinit,0069d530,149,34,ok
aes_settable_ctx_params,0069d5e0,8,8,ok
aes_gettable_ctx_params,0069d5f0,8,8,ok
aes_set_ctx_params,0069d600,1803,262,ok
aes_get_ctx_params,0069dd40,1614,212,ok
aes_128_cbc_hmac_sha1_get_params,0069e3c0,32,9,ok
aes_256_cbc_hmac_sha1_get_params,0069e3e0,32,9,ok
aes_dinit,0069e400,50,17,ok
aes_einit,0069e440,50,17,ok
aes_cbc_hmac_sha256_dupctx,0069e480,43,17,ok
aes_cbc_hmac_sha1_dupctx,0069e4c0,48,17,ok
aes_cbc_hmac_sha1_freectx,0069e500,41,14,ok
aes_cbc_hmac_sha256_freectx,0069e540,41,14,ok
aes_256_cbc_hmac_sha256_newctx,0069e580,118,23,ok
aes_256_cbc_hmac_sha1_newctx,0069e600,118,22,ok
aes_128_cbc_hmac_sha256_get_params,0069e680,32,9,ok
aes_256_cbc_hmac_sha256_get_params,0069e6a0,32,9,ok
aes_128_cbc_hmac_sha1_newctx,0069e6c0,118,22,ok
aes_128_cbc_hmac_sha256_newctx,0069e740,118,23,ok
ossl_cipher_capable_aes_cbc_hmac_sha1_etm,0069e7c0,3,8,ok
ossl_prov_cipher_hw_aes_cbc_hmac_sha1_etm,0069e7d0,3,8,ok
tls1_multi_block_encrypt,0069e7e0,5139,879,ok
aesni_cbc_hmac_sha1_tls1_multiblock_encrypt,0069fc00,33,9,ok
sha1_update,0069fc30,221,50,ok
aesni_cbc_hmac_sha1_tls1_multiblock_aad,0069fd20,399,82,ok
aesni_cbc_hmac_sha1_set_mac_key,0069fec0,341,60,ok
aesni_cbc_hmac_sha1_cipher,006a0020,2596,375,ok
aesni_cbc_hmac_sha1_init_key,006a0a90,245,68,ok
aesni_cbc_hmac_sha1_set_tls1_aad,006a0b90,292,61,ok
aesni_cbc_hmac_sha1_tls1_multiblock_max_bufsize,006a0cc0,47,13,ok
ossl_cipher_capable_aes_cbc_hmac_sha1,006a0cf0,12,8,ok
ossl_prov_cipher_hw_aes_cbc_hmac_sha1,006a0d00,8,8,ok
ossl_cipher_capable_aes_cbc_hmac_sha256_etm,006a0d10,3,8,ok
ossl_prov_cipher_hw_aes_cbc_hmac_sha256_etm,006a0d20,3,8,ok
tls1_multi_block_encrypt,006a0d30,6071,997,ok
aesni_cbc_hmac_sha256_tls1_multiblock_encrypt,006a2500,33,9,ok
sha256_update,006a2530,221,50,ok
aesni_cbc_hmac_sha256_tls1_multiblock_aad,006a2620,404,85,ok
aesni_cbc_hmac_sha256_set_mac_key,006a27d0,341,60,ok
aesni_cbc_hmac_sha256_cipher,006a2930,2796,375,ok
aesni_cbc_hmac_sha256_init_key,006a3460,270,76,ok
aesni_cbc_hmac_sha256_set_tls1_aad,006a3580,307,65,ok
aesni_cbc_hmac_sha256_tls1_multiblock_max_bufsize,006a36c0,47,13,ok
ossl_cipher_capable_aes_cbc_hmac_sha256,006a36f0,50,14,ok
ossl_prov_cipher_hw_aes_cbc_hmac_sha256,006a3730,8,8,ok
ossl_cipher_capable_aes_cbc_hmac_sha512_etm,006a3740,3,8,ok
ossl_prov_cipher_hw_aes_cbc_hmac_sha512_etm,006a3750,3,8,ok
aes_128_ccm_get_params,006a3760,32,9,ok
aes_192_ccm_get_params,006a3780,32,9,ok
aes_256_ccm_get_params,006a37a0,32,9,ok
aes_ccm_freectx,006a37c0,22,9,ok
aes256ccm_newctx,006a37e0,73,21,ok
aes256ccm_dupctx,006a3830,68,19,ok
aes128ccm_dupctx,006a3880,68,19,ok
aes192ccm_dupctx,006a38d0,68,19,ok
aes128ccm_newctx,006a3920,73,21,ok
aes192ccm_newctx,006a3970,73,21,ok
ccm_aesni_initkey,006a39c0,102,21,ok
ccm_generic_aes_initkey,006a3a30,126,23,ok
ossl_prov_aes_hw_ccm,006a3ab0,26,14,ok
cipher_hw_aes_copyctx,006a3ad0,26,18,ok
aes_cfb128_vaes_encdec_wrapper,006a3af0,81,21,ok
cipher_hw_aes_initkey,006a3b50,145,29,ok
cipher_hw_aesni_initkey,006a3bf0,120,21,ok
ossl_prov_cipher_hw_aes_cfb128,006a3c70,51,19,ok
ossl_prov_cipher_hw_aes_cfb1,006a3cb0,26,14,ok
ossl_prov_cipher_hw_aes_cfb8,006a3cd0,26,14,ok
aes_128_gcm_get_params,006a3cf0,32,9,ok
aes_192_gcm_get_params,006a3d10,32,9,ok
aes_256_gcm_get_params,006a3d30,32,9,ok
aes_gcm_freectx,006a3d50,22,9,ok
aes256gcm_newctx,006a3d70,89,21,ok
aes192gcm_dupctx,006a3dd0,78,21,ok
aes256gcm_dupctx,006a3e30,78,21,ok
aes128gcm_dupctx,006a3e90,78,21,ok
aes128gcm_newctx,006a3ef0,89,21,ok
aes192gcm_newctx,006a3f50,89,21,ok
generic_aes_gcm_cipher_update,006a3fc0,495,67,ok
aes_gcm_initkey,006a41d0,126,24,ok
aesni_gcm_initkey,006a4250,86,12,ok
vaes_gcm_cipherupdate,006a42b0,200,26,ok
vaes_gcm_aadupdate,006a4390,593,75,ok
vaes_gcm_setiv,006a4600,96,16,ok
vaes_gcm_setkey,006a4670,124,27,ok
vaes_gcm_cipherfinal,006a46f0,128,34,ok
ossl_prov_aes_hw_gcm,006a4770,52,16,ok
ossl_aes_gcm_siv_gettable_ctx_params,006a47b0,8,8,ok
ossl_aes_gcm_siv_settable_ctx_params,006a47c0,8,8,ok
ossl_aes_gcm_siv_set_ctx_params,006a47d0,677,127,ok
ossl_aes_gcm_siv_get_ctx_params,006a4aa0,617,96,ok
ossl_aes_128_gcm_siv_get_params,006a4d30,32,9,ok
ossl_aes_192_gcm_siv_get_params,006a4d50,32,9,ok
ossl_aes_256_gcm_siv_get_params,006a4d70,32,9,ok
ossl_aes_gcm_siv_einit,006a4d90,264,44,ok
ossl_aes_gcm_siv_dupctx,006a4ea0,204,41,ok
ossl_aes256_gcm_siv_newctx,006a4f80,98,25,ok
ossl_aes_gcm_siv_stream_final,006a4ff0,69,19,ok
ossl_aes_gcm_siv_cipher,006a5040,166,26,ok
ossl_aes_gcm_siv_freectx,006a50f0,80,15,ok
ossl_aes128_gcm_siv_newctx,006a5150,98,25,ok
ossl_aes192_gcm_siv_newctx,006a51c0,98,25,ok
ossl_aes_gcm_siv_dinit,006a5230,264,44,ok
aes_gcm_siv_clean_ctx,006a5340,21,10,ok
aes_gcm_siv_initkey,006a5360,545,87,ok
aes_gcm_siv_dup_ctx,006a55b0,96,26,ok
aes_gcm_siv_decrypt.part.0,006a5620,1139,175,ok
aes_gcm_siv_cipher,006a5aa0,1542,223,ok
ossl_prov_cipher_hw_aes_gcm_siv,006a60c0,8,8,ok
ossl_polyval_ghash_init,006a60d0,259,54,ok
ossl_polyval_ghash_hash,006a61e0,815,116,ok
cipher_hw_aes_copyctx,006a6520,26,18,ok
cipher_hw_aes_initkey,006a6540,367,76,ok
cipher_hw_aesni_cbc,006a66d0,51,11,ok
cipher_hw_aesni_initkey,006a6710,217,40,ok
cipher_hw_aesni_ecb,006a6800,59,13,ok
ossl_prov_cipher_hw_aes_cbc,006a6840,26,14,ok
ossl_prov_cipher_hw_aes_ecb,006a6860,26,14,ok
ossl_prov_cipher_hw_aes_ofb128,006a6880,26,14,ok
ossl_prov_cipher_hw_aes_ctr,006a68a0,26,14,ok
cipher_ocb_settable_ctx_params,006a68c0,8,8,ok
cipher_ocb_gettable_ctx_params,006a68d0,8,8,ok
aes_ocb_set_ctx_params,006a68e0,864,143,ok
aes_ocb_get_ctx_params,006a6c80,1226,178,ok
aes_256_ocb_get_params,006a7170,32,9,ok
aes_192_ocb_get_params,006a7190,32,9,ok
aes_128_ocb_get_params,006a71b0,32,9,ok
aes_ocb_dupctx,006a71d0,156,35,ok
aes_generic_ocb_cipher,006a7280,60,15,ok
cipher_updateaad,006a72d0,33,11,ok
aes_ocb_einit,006a7300,290,47,ok
aes_ocb_freectx,006a7430,56,14,ok
aes_128_ocb_newctx,006a7480,108,22,ok
aes_256_ocb_newctx,006a74f0,108,22,ok
aes_192_ocb_newctx,006a7560,108,22,ok
aes_ocb_block_final,006a75d0,375,55,ok
aes_ocb_cipher,006a7770,349,51,ok
aes_ocb_block_update,006a78f0,752,108,ok
aes_ocb_dinit,006a7c20,290,47,ok
cipher_hw_aes_ocb_generic_initkey,006a7d50,239,34,ok
cipher_hw_aes_ocb_aesni_initkey,006a7e50,162,26,ok
ossl_prov_cipher_hw_aes_ocb,006a7f00,26,14,ok
aes_siv_gettable_ctx_params,006a7f20,8,8,ok
aes_siv_settable_ctx_params,006a7f30,8,8,ok
aes_siv_set_ctx_params,006a7f40,616,107,ok
aes_siv_get_ctx_params,006a81d0,608,96,ok
aes_128_siv_get_params,006a8450,29,9,ok
aes_192_siv_get_params,006a8470,29,9,ok
aes_256_siv_get_params,006a8490,29,9,ok
siv_stream_final,006a84b0,73,20,ok
siv_cipher,006a8500,169,28,ok
siv_dupctx,006a85c0,122,22,ok
aes_siv_freectx,006a8650,43,13,ok
aes256siv_newctx,006a8690,104,27,ok
siv_einit,006a8700,147,31,ok
siv_dinit,006a87a0,147,31,ok
aes128siv_newctx,006a8840,104,27,ok
aes192siv_newctx,006a88b0,104,27,ok
aes_siv_dupctx,006a8920,184,75,ok
aes_siv_cleanup,006a89f0,32,11,ok
aes_siv_settag,006a8a10,9,9,ok
aes_siv_setspeed,006a8a20,9,9,ok
aes_siv_cipher,006a8a30,112,29,ok
aes_siv_initkey,006a8ac0,253,43,ok
ossl_prov_cipher_hw_aes_siv,006a8bd0,8,8,ok
aes_wrap_settable_ctx_params,006a8be0,8,8,ok
aes_wrap_set_ctx_params,006a8bf0,338,57,ok
aes_256_wrap_get_params,006a8d60,32,9,ok
aes_192_wrap_get_params,006a8d80,32,9,ok
aes_128_wrap_get_params,006a8da0,32,9,ok
aes_256_wrappad_get_params,006a8dc0,32,9,ok
aes_192_wrappad_get_params,006a8de0,32,9,ok
aes_128_wrappad_get_params,006a8e00,32,9,ok
aes_256_wrapinv_get_params,006a8e20,32,9,ok
aes_192_wrapinv_get_params,006a8e40,32,9,ok
aes_128_wrapinv_get_params,006a8e60,32,9,ok
aes_256_wrappadinv_get_params,006a8e80,32,9,ok
aes_192_wrappadinv_get_params,006a8ea0,32,9,ok
aes_128_wrappadinv_get_params,006a8ec0,32,9,ok
aes_wrap_final,006a8ee0,27,15,ok
aes_wrap_cipher,006a8f00,711,108,ok
aes_wrap_dupctx,006a91e0,140,30,ok
aes_wrap_freectx,006a9280,35,10,ok
aes_wrap_einit,006a92b0,326,51,ok
aes_128wrappadinv_newctx,006a9410,108,20,ok
aes_192wrappadinv_newctx,006a9480,108,20,ok
aes_256wrappadinv_newctx,006a94f0,108,20,ok
aes_256wrap_newctx,006a9560,108,20,ok
aes_192wrap_newctx,006a95d0,108,20,ok
aes_128wrap_newctx,006a9640,108,20,ok
aes_256wrappad_newctx,006a96b0,108,20,ok
aes_192wrappad_newctx,006a9720,108,20,ok
aes_128wrappad_newctx,006a9790,108,20,ok
aes_256wrapinv_newctx,006a9800,108,20,ok
aes_192wrapinv_newctx,006a9870,108,20,ok
aes_128wrapinv_newctx,006a98e0,108,20,ok
aes_wrap_dinit,006a9950,328,51,ok
aes_xts_settable_ctx_params,006a9ab0,8,8,ok
aes_xts_set_ctx_params,006a9ac0,268,50,ok
aes_256_xts_get_params,006a9be0,32,9,ok
aes_128_xts_get_params,006a9c00,32,9,ok
aes_xts_stream_final,006a9c20,27,15,ok
aes_xts_dupctx,006a9c40,138,24,ok
aes_xts_freectx,006a9cd0,35,10,ok
aes_xts_cipher,006a9d00,248,37,ok
aes_xts_dinit,006a9e10,276,35,ok
aes_128_xts_newctx,006a9f30,97,21,ok
aes_256_xts_newctx,006a9fa0,97,21,ok
aes_xts_einit,006aa010,267,44,ok
aes_xts_stream_update,006aa130,369,48,ok
cipher_hw_aes_xts_copyctx,006aa2b0,40,19,ok
cipher_hw_aes_xts_generic_initkey,006aa2e0,249,41,ok
cipher_hw_aesni_xts_initkey,006aa3e0,285,47,ok
ossl_prov_cipher_hw_aes_xts,006aa510,26,14,ok
aria_256_ecb_get_params,006aa530,26,9,ok
aria_192_ecb_get_params,006aa550,26,9,ok
aria_128_ecb_get_params,006aa570,26,9,ok
aria_256_cbc_get_params,006aa590,29,9,ok
aria_192_cbc_get_params,006aa5b0,29,9,ok
aria_128_cbc_get_params,006aa5d0,29,9,ok
aria_256_ofb_get_params,006aa5f0,29,9,ok
aria_192_ofb_get_params,006aa610,29,9,ok
aria_128_ofb_get_params,006aa630,29,9,ok
aria_256_cfb_get_params,006aa650,29,9,ok
aria_192_cfb_get_params,006aa670,29,9,ok
aria_128_cfb_get_params,006aa690,29,9,ok
aria_256_ctr_get_params,006aa6b0,29,9,ok
aria_192_ctr_get_params,006aa6d0,29,9,ok
aria_128_ctr_get_params,006aa6f0,29,9,ok
aria_dupctx,006aa710,76,19,ok
aria_freectx,006aa760,35,10,ok
aria_256_ecb_newctx,006aa790,103,21,ok
aria_192_ecb_newctx,006aa800,103,21,ok
aria_128_ecb_newctx,006aa870,103,21,ok
aria_256_cbc_newctx,006aa8e0,106,21,ok
aria_192_cbc_newctx,006aa950,106,21,ok
aria_128_cbc_newctx,006aa9c0,106,21,ok
aria_256_ofb_newctx,006aaa30,106,21,ok
aria_192_ofb_newctx,006aaaa0,106,21,ok
aria_128_ofb_newctx,006aab10,106,21,ok
aria_256_cfb_newctx,006aab80,106,21,ok
aria_192_cfb_newctx,006aabf0,106,21,ok
aria_128_cfb_newctx,006aac60,106,21,ok
aria_256_cfb1_newctx,006aacd0,106,21,ok
aria_192_cfb1_newctx,006aad40,106,21,ok
aria_128_cfb1_newctx,006aadb0,106,21,ok
aria_256_cfb8_newctx,006aae20,106,21,ok
aria_192_cfb8_newctx,006aae90,106,21,ok
aria_128_cfb8_newctx,006aaf00,106,21,ok
aria_256_ctr_newctx,006aaf70,106,21,ok
aria_192_ctr_newctx,006aafe0,106,21,ok
aria_128_ctr_newctx,006ab050,106,21,ok
aria_256_cfb1_get_params,006ab0c0,29,9,ok
aria_256_cfb8_get_params,006ab0e0,29,9,ok
aria_192_cfb1_get_params,006ab100,29,9,ok
aria_192_cfb8_get_params,006ab120,29,9,ok
aria_128_cfb1_get_params,006ab140,29,9,ok
aria_128_cfb8_get_params,006ab160,29,9,ok
aria_128_ccm_get_params,006ab180,32,9,ok
aria_192_ccm_get_params,006ab1a0,32,9,ok
aria_256_ccm_get_params,006ab1c0,32,9,ok
aria_ccm_freectx,006ab1e0,22,9,ok
aria256ccm_newctx,006ab200,73,21,ok
aria256ccm_dupctx,006ab250,75,20,ok
aria128ccm_dupctx,006ab2b0,75,20,ok
aria192ccm_dupctx,006ab310,75,20,ok
aria128ccm_newctx,006ab370,73,21,ok
aria192ccm_newctx,006ab3c0,73,21,ok
ccm_aria_initkey,006ab410,85,13,ok
ossl_prov_aria_hw_ccm,006ab470,8,8,ok
aria_128_gcm_get_params,006ab480,32,9,ok
aria_192_gcm_get_params,006ab4a0,32,9,ok
aria_256_gcm_get_params,006ab4c0,32,9,ok
aria_gcm_freectx,006ab4e0,22,9,ok
aria256gcm_newctx,006ab500,89,21,ok
aria256gcm_dupctx,006ab560,75,20,ok
aria128gcm_dupctx,006ab5c0,75,20,ok
aria192gcm_dupctx,006ab620,75,20,ok
aria128gcm_newctx,006ab680,89,21,ok
aria192gcm_newctx,006ab6e0,89,21,ok
aria_gcm_initkey,006ab740,83,12,ok
ossl_prov_aria_hw_gcm,006ab7a0,8,8,ok
cipher_hw_aria_copyctx,006ab7b0,26,18,ok
cipher_hw_aria_initkey,006ab7d0,151,24,ok
ossl_prov_cipher_hw_aria_cbc,006ab870,8,8,ok
ossl_prov_cipher_hw_aria_ecb,006ab880,8,8,ok
ossl_prov_cipher_hw_aria_ofb128,006ab890,8,8,ok
ossl_prov_cipher_hw_aria_cfb128,006ab8a0,8,8,ok
ossl_prov_cipher_hw_aria_cfb1,006ab8b0,8,8,ok
ossl_prov_cipher_hw_aria_cfb8,006ab8c0,8,8,ok
ossl_prov_cipher_hw_aria_ctr,006ab8d0,8,8,ok
camellia_cbc_cts_gettable_ctx_params,006ab8e0,8,8,ok
camellia_cbc_cts_settable_ctx_params,006ab8f0,8,8,ok
camellia_256_ecb_get_params,006ab900,26,9,ok
camellia_192_ecb_get_params,006ab920,26,9,ok
camellia_128_ecb_get_params,006ab940,26,9,ok
camellia_256_cbc_get_params,006ab960,29,9,ok
camellia_192_cbc_get_params,006ab980,29,9,ok
camellia_128_cbc_get_params,006ab9a0,29,9,ok
camellia_256_ofb_get_params,006ab9c0,29,9,ok
camellia_192_ofb_get_params,006ab9e0,29,9,ok
camellia_128_ofb_get_params,006aba00,29,9,ok
camellia_256_cfb_get_params,006aba20,29,9,ok
camellia_192_cfb_get_params,006aba40,29,9,ok
camellia_128_cfb_get_params,006aba60,29,9,ok
camellia_256_ctr_get_params,006aba80,29,9,ok
camellia_192_ctr_get_params,006abaa0,29,9,ok
camellia_128_ctr_get_params,006abac0,29,9,ok
camellia_cts_256_cbc_get_params,006abae0,32,9,ok
camellia_cts_192_cbc_get_params,006abb00,32,9,ok
camellia_cts_128_cbc_get_params,006abb20,32,9,ok
camellia_dupctx,006abb40,76,19,ok
camellia_freectx,006abb90,35,10,ok
camellia_256_ecb_newctx,006abbc0,103,21,ok
camellia_192_ecb_newctx,006abc30,103,21,ok
camellia_128_ecb_newctx,006abca0,103,21,ok
camellia_256_cbc_newctx,006abd10,106,21,ok
camellia_192_cbc_newctx,006abd80,106,21,ok
camellia_128_cbc_newctx,006abdf0,106,21,ok
camellia_256_ofb_newctx,006abe60,106,21,ok
camellia_192_ofb_newctx,006abed0,106,21,ok
camellia_128_ofb_newctx,006abf40,106,21,ok
camellia_256_cfb_newctx,006abfb0,106,21,ok
camellia_192_cfb_newctx,006ac020,106,21,ok
camellia_128_cfb_newctx,006ac090,106,21,ok
camellia_256_cfb1_newctx,006ac100,106,21,ok
camellia_192_cfb1_newctx,006ac170,106,21,ok
camellia_128_cfb1_newctx,006ac1e0,106,21,ok
camellia_256_cfb8_newctx,006ac250,106,21,ok
camellia_192_cfb8_newctx,006ac2c0,106,21,ok
camellia_128_cfb8_newctx,006ac330,106,21,ok
camellia_256_ctr_newctx,006ac3a0,106,21,ok
camellia_192_ctr_newctx,006ac410,106,21,ok
camellia_128_ctr_newctx,006ac480,106,21,ok
camellia_cbc_cts_set_ctx_params,006ac4f0,128,29,ok
camellia_cbc_cts_get_ctx_params,006ac580,133,28,ok
camellia_256_cfb1_get_params,006ac610,29,9,ok
camellia_256_cfb8_get_params,006ac630,29,9,ok
camellia_192_cfb1_get_params,006ac650,29,9,ok
camellia_192_cfb8_get_params,006ac670,29,9,ok
camellia_128_cfb1_get_params,006ac690,29,9,ok
camellia_128_cfb8_get_params,006ac6b0,29,9,ok
camellia_cbc_cts_einit,006ac6d0,149,34,ok
camellia_cbc_cts_dinit,006ac780,149,34,ok
cipher_hw_camellia_copyctx,006ac830,26,18,ok
cipher_hw_camellia_initkey,006ac850,180,33,ok
ossl_prov_cipher_hw_camellia_cbc,006ac920,8,8,ok
ossl_prov_cipher_hw_camellia_ecb,006ac930,8,8,ok
ossl_prov_cipher_hw_camellia_ofb128,006ac940,8,8,ok
ossl_prov_cipher_hw_camellia_cfb128,006ac950,8,8,ok
ossl_prov_cipher_hw_camellia_cfb1,006ac960,8,8,ok
ossl_prov_cipher_hw_camellia_cfb8,006ac970,8,8,ok
ossl_prov_cipher_hw_camellia_ctr,006ac980,8,8,ok
chacha20_gettable_ctx_params,006ac990,8,8,ok
chacha20_settable_ctx_params,006ac9a0,8,8,ok
chacha20_set_ctx_params,006ac9b0,540,97,ok
ossl_chacha20_einit,006acbf0,89,27,ok
ossl_chacha20_dinit,006acc50,89,27,ok
chacha20_get_ctx_params,006accb0,788,114,ok
chacha20_get_params,006acfe0,29,9,ok
chacha20_dupctx,006ad000,130,26,ok
chacha20_freectx,006ad090,41,13,ok
chacha20_newctx,006ad0d0,94,21,ok
ossl_chacha20_initctx,006ad130,53,15,ok
chacha20_initkey,006ad180,326,35,ok
chacha20_initiv,006ad2d0,43,13,ok
chacha20_cipher,006ad300,1071,195,ok
ossl_prov_cipher_hw_chacha20,006ad750,8,8,ok
chacha20_poly1305_gettable_ctx_params,006ad760,8,8,ok
chacha20_poly1305_settable_ctx_params,006ad770,8,8,ok
chacha20_poly1305_set_ctx_params,006ad780,1275,201,ok
chacha20_poly1305_get_ctx_params,006adca0,991,151,ok
chacha20_poly1305_get_params,006ae0b0,29,9,ok
chacha20_poly1305_cipher,006ae0d0,201,29,ok
chacha20_poly1305_final,006ae1b0,168,29,ok
chacha20_poly1305_dinit,006ae260,99,29,ok
chacha20_poly1305_einit,006ae2d0,99,29,ok
chacha20_poly1305_dupctx,006ae340,130,26,ok
chacha20_poly1305_newctx,006ae3d0,117,24,ok
chacha20_poly1305_freectx,006ae450,41,14,ok
chacha20_poly1305_update,006ae490,209,32,ok
chacha_poly1305_tls_init,006ae580,146,32,ok
chacha20_poly1305_initiv,006ae620,149,26,ok
chacha20_poly1305_aead_cipher,006ae6c0,2886,522,ok
chacha_poly1305_tls_iv_set_fixed,006af260,58,21,ok
chacha20_poly1305_initkey,006af2a0,75,16,ok
ossl_prov_cipher_hw_chacha20_poly1305,006af300,8,8,ok
cts128_cs3_encrypt,006af310,503,99,ok
cts128_cs3_decrypt,006af520,832,161,ok
ossl_cipher_cbc_cts_mode_id2name,006af880,43,15,ok
ossl_cipher_cbc_cts_mode_name2id,006af8b0,99,28,ok
ossl_cipher_cbc_cts_block_update,006af930,1156,235,ok
ossl_cipher_cbc_cts_block_final,006afde0,13,10,ok
null_gettable_ctx_params,006afdf0,8,8,ok
null_settable_ctx_params,006afe00,8,8,ok
null_set_ctx_params,006afe10,268,38,ok
null_get_ctx_params,006aff30,523,90,ok
null_get_params,006b0160,20,9,ok
null_final,006b0180,27,15,ok
null_dinit,006b01a0,22,11,ok
null_einit,006b01c0,26,15,ok
null_cipher,006b01e0,159,32,ok
null_freectx,006b0290,17,9,ok
null_newctx,006b02b0,46,16,ok
sm4_128_ecb_get_params,006b02f0,26,9,ok
sm4_128_cbc_get_params,006b0310,29,9,ok
sm4_128_ctr_get_params,006b0330,29,9,ok
sm4_128_ofb128_get_params,006b0350,29,9,ok
sm4_128_cfb128_get_params,006b0370,29,9,ok
sm4_dupctx,006b0390,76,19,ok
sm4_freectx,006b03e0,35,10,ok
sm4_128_ecb_newctx,006b0410,103,21,ok
sm4_128_cbc_newctx,006b0480,106,21,ok
sm4_128_ctr_newctx,006b04f0,106,21,ok
sm4_128_ofb128_newctx,006b0560,106,21,ok
sm4_128_cfb128_newctx,006b05d0,106,21,ok
sm4_128_ccm_get_params,006b0640,32,9,ok
sm4128ccm_dupctx,006b0660,75,20,ok
sm4_ccm_freectx,006b06c0,22,9,ok
sm4128ccm_newctx,006b06e0,73,21,ok
ccm_sm4_initkey,006b0730,78,13,ok
hw_x86_64_sm4_ccm_initkey,006b0780,78,13,ok
ossl_prov_sm4_hw_ccm,006b07d0,35,14,ok
sm4_128_gcm_get_params,006b0800,32,9,ok
sm4128gcm_dupctx,006b0820,75,20,ok
sm4_gcm_freectx,006b0880,22,9,ok
sm4128gcm_newctx,006b08a0,89,21,ok
hw_gcm_cipher_update,006b0900,125,23,ok
sm4_gcm_initkey,006b09a0,76,12,ok
hw_x86_64_sm4_gcm_initkey,006b09f0,76,12,ok
ossl_prov_sm4_hw_gcm,006b0a40,35,14,ok
cipher_hw_sm4_copyctx,006b0a70,26,18,ok
cipher_hw_sm4_initkey,006b0a90,84,16,ok
cipher_hw_x86_64_sm4_initkey,006b0af0,78,20,ok
ossl_prov_cipher_hw_sm4_cbc,006b0b50,35,14,ok
ossl_prov_cipher_hw_sm4_ecb,006b0b80,35,14,ok
ossl_prov_cipher_hw_sm4_ofb128,006b0bb0,35,14,ok
ossl_prov_cipher_hw_sm4_cfb128,006b0be0,35,14,ok
ossl_prov_cipher_hw_sm4_ctr,006b0c10,35,14,ok
sm4_xts_settable_ctx_params,006b0c40,8,8,ok
sm4_xts_set_ctx_params,006b0c50,390,65,ok
sm4_128_xts_get_params,006b0df0,32,9,ok
sm4_xts_stream_final,006b0e10,27,15,ok
sm4_xts_dupctx,006b0e30,138,24,ok
sm4_xts_freectx,006b0ec0,35,10,ok
sm4_xts_cipher,006b0ef0,325,49,ok
sm4_xts_einit,006b1040,195,35,ok
sm4_128_xts_newctx,006b1110,86,16,ok
sm4_xts_dinit,006b1170,195,35,ok
sm4_xts_stream_update,006b1240,457,55,ok
cipher_hw_sm4_xts_copyctx,006b1420,40,19,ok
cipher_hw_sm4_xts_generic_initkey,006b1450,171,27,ok
hw_x86_64_sm4_xts_initkey,006b1510,171,27,ok
ossl_prov_cipher_hw_sm4_xts,006b15d0,35,14,ok
tdes_ede3_ecb_get_params,006b1600,29,9,ok
tdes_ede3_cbc_get_params,006b1620,32,9,ok
tdes_ede3_ecb_newctx,006b1640,50,12,ok
tdes_ede3_cbc_newctx,006b1680,53,12,ok
ossl_tdes_newctx,006b16c0,128,20,ok
ossl_tdes_dupctx,006b1740,76,19,ok
ossl_tdes_freectx,006b1790,35,10,ok
ossl_tdes_einit,006b17c0,280,47,ok
ossl_tdes_dinit,006b18f0,282,47,ok
ossl_tdes_gettable_ctx_params,006b1a20,8,8,ok
ossl_tdes_get_ctx_params,006b1a30,185,41,ok
ossl_tdes_settable_ctx_params,006b1b00,8,8,ok
ossl_tdes_set_ctx_params,006b1b10,5,26,ok
ossl_tdes_get_params,006b1b20,163,27,ok
tdes_ede3_ofb_get_params,006b1bd0,32,9,ok
tdes_ede3_cfb_get_params,006b1bf0,32,9,ok
tdes_ede2_ecb_get_params,006b1c10,29,9,ok
tdes_ede2_cbc_get_params,006b1c30,32,9,ok
tdes_ede2_ofb_get_params,006b1c50,32,9,ok
tdes_ede2_cfb_get_params,006b1c70,32,9,ok
tdes_ede3_ofb_newctx,006b1c90,53,12,ok
tdes_ede3_cfb_newctx,006b1cd0,53,12,ok
tdes_ede3_cfb1_newctx,006b1d10,53,12,ok
tdes_ede3_cfb8_newctx,006b1d50,53,12,ok
tdes_ede2_ecb_newctx,006b1d90,50,12,ok
tdes_ede2_cbc_newctx,006b1dd0,53,12,ok
tdes_ede2_ofb_newctx,006b1e10,53,12,ok
tdes_ede2_cfb_newctx,006b1e50,53,12,ok
tdes_ede3_cfb1_get_params,006b1e90,32,9,ok
tdes_ede3_cfb8_get_params,006b1eb0,32,9,ok
ossl_cipher_hw_tdes_ofb,006b1ed0,342,46,ok
ossl_cipher_hw_tdes_cfb,006b2030,383,39,ok
ossl_cipher_hw_tdes_cfb1,006b21c0,291,32,ok
ossl_cipher_hw_tdes_cfb8,006b22f0,345,36,ok
ossl_cipher_hw_tdes_ede2_initkey,006b2460,186,43,ok
ossl_prov_cipher_hw_tdes_ede3_ofb,006b2520,8,8,ok
ossl_prov_cipher_hw_tdes_ede3_cfb,006b2530,8,8,ok
ossl_prov_cipher_hw_tdes_ede3_cfb1,006b2540,8,8,ok
ossl_prov_cipher_hw_tdes_ede3_cfb8,006b2550,8,8,ok
ossl_prov_cipher_hw_tdes_ede2_ecb,006b2560,8,8,ok
ossl_prov_cipher_hw_tdes_ede2_cbc,006b2570,8,8,ok
ossl_prov_cipher_hw_tdes_ede2_ofb,006b2580,8,8,ok
ossl_prov_cipher_hw_tdes_ede2_cfb,006b2590,8,8,ok
ossl_cipher_hw_tdes_copyctx,006b25a0,26,18,ok
ossl_cipher_hw_tdes_ede3_initkey,006b25c0,82,12,ok
ossl_cipher_hw_tdes_cbc,006b2620,360,41,ok
ossl_cipher_hw_tdes_ecb,006b27a0,153,24,ok
ossl_prov_cipher_hw_tdes_ede3_ecb,006b2840,8,8,ok
ossl_prov_cipher_hw_tdes_ede3_cbc,006b2850,8,8,ok
tdes_wrap_get_params,006b2860,29,9,ok
tdes_wrap_newctx,006b2880,50,12,ok
tdes_wrap_cipher,006b28c0,851,99,ok
tdes_wrap_update,006b2c40,153,36,ok
ossl_prov_cipher_hw_tdes_wrap_cbc,006b2cf0,8,8,ok
blake_gettable_ctx_params,006b2d00,8,8,ok
blake_settable_ctx_params,006b2d10,8,8,ok
blake2s256_copyctx,006b2d20,101,82,ok
blake2b512_copyctx,006b2d90,9,15,ok
ossl_blake2b_get_ctx_params,006b2da0,272,39,ok
blake2s256_get_params,006b2ed0,17,9,ok
blake2b512_get_params,006b2ef0,17,9,ok
blake2s256_dupctx,006b2f10,146,92,ok
blake2b512_dupctx,006b2fb0,60,29,ok
blake2s256_freectx,006b2ff0,22,9,ok
blake2b512_freectx,006b3010,22,9,ok
blake2s256_internal_final,006b3030,147,28,ok
blake2s256_newctx,006b30d0,46,16,ok
blake2b512_newctx,006b3110,46,16,ok
ossl_blake2b_set_ctx_params,006b3150,349,54,ok
blake2b512_internal_init,006b32d0,100,24,ok
blake2b512_internal_final,006b3340,150,28,ok
ossl_blake2s_get_ctx_params,006b33e0,272,39,ok
ossl_blake2s_set_ctx_params,006b3510,349,54,ok
blake2s256_internal_init,006b3690,100,24,ok
blake2b_compress,006b3700,6745,1277,ok
ossl_blake2b_param_init,006b5160,50,15,ok
ossl_blake2b_param_set_digest_length,006b51a0,4,9,ok
ossl_blake2b_param_set_key_length,006b51b0,5,9,ok
ossl_blake2b_param_set_personal,006b51c0,35,12,ok
ossl_blake2b_param_set_salt,006b51f0,35,12,ok
ossl_blake2b_init,006b5220,324,79,ok
ossl_blake2b_update,006b5370,217,45,ok
ossl_blake2b_init_key,006b5450,497,105,ok
ossl_blake2b_final,006b5650,529,102,ok
blake2s_compress,006b5870,5186,1086,ok
ossl_blake2s_param_init,006b6cc0,32,12,ok
ossl_blake2s_param_set_digest_length,006b6ce0,4,9,ok
ossl_blake2s_param_set_key_length,006b6cf0,5,9,ok
ossl_blake2s_param_set_personal,006b6d00,35,12,ok
ossl_blake2s_param_set_salt,006b6d30,35,12,ok
ossl_blake2s_init,006b6d60,212,57,ok
ossl_blake2s_update,006b6e40,199,45,ok
ossl_blake2s_init_key,006b6f10,375,87,ok
ossl_blake2s_final,006b7090,508,89,ok
cshake_settable_ctx_params,006b72a0,8,8,ok
cshake_gettable_ctx_params,006b72b0,8,8,ok
cshake_128_get_params,006b72c0,20,9,ok
cshake_256_get_params,006b72e0,20,9,ok
cshake_get_ctx_params,006b7300,534,104,ok
cshake_freectx,006b7540,78,12,ok
cshake_set_shake_mode,006b7590,265,70,ok
check_init,006b76a0,429,88,ok
cshake_squeeze,006b7860,110,21,ok
cshake_final,006b78e0,105,25,ok
cshake_256_newctx,006b7950,119,28,ok
cshake_set_ctx_params,006b79d0,1291,225,ok
cshake_init,006b7f30,143,28,ok
cshake_128_newctx,006b7fd0,119,28,ok
cshake_dupctx,006b8050,258,69,ok
cshake_update,006b8160,498,93,ok
md5_copyctx,006b8360,53,54,ok
md5_internal_init,006b83a0,33,16,ok
md5_get_params,006b83d0,17,9,ok
md5_dupctx,006b83f0,98,63,ok
md5_freectx,006b8460,22,9,ok
md5_internal_final,006b8480,80,15,ok
md5_newctx,006b84e0,46,16,ok
md5_sha1_settable_ctx_params,006b8520,8,8,ok
md5_sha1_copyctx,006b8530,131,96,ok
md5_sha1_set_ctx_params,006b85c0,78,22,ok
md5_sha1_get_params,006b8620,17,9,ok
md5_sha1_dupctx,006b8640,184,106,ok
md5_sha1_freectx,006b8700,22,9,ok
md5_sha1_internal_final,006b8720,80,17,ok
md5_sha1_newctx,006b8780,46,16,ok
md5_sha1_internal_init,006b87c0,121,22,ok
mu_settable_ctx_params,006b8840,8,8,ok
mu_gettable_ctx_params,006b8850,8,8,ok
mu_get_params,006b8860,20,9,ok
mu_get_ctx_params,006b8880,450,78,ok
mu_set_ctx_params,006b8a70,1038,154,ok
mu_freectx,006b8eb0,73,12,ok
mu_final,006b8f00,126,24,ok
mu_update,006b8f90,348,51,ok
mu_newctx,006b9100,81,22,ok
mu_init,006b9160,79,20,ok
mu_dupctx,006b91c0,253,67,ok
null_update,006b92c0,6,8,ok
nullmd_copyctx,006b92d0,6,9,ok
nullmd_internal_init,006b92e0,22,11,ok
nullmd_internal_final,006b9300,29,15,ok
nullmd_get_params,006b9320,11,9,ok
nullmd_dupctx,006b9330,51,19,ok
nullmd_freectx,006b9370,22,9,ok
nullmd_newctx,006b9390,46,16,ok
ripemd160_copyctx,006b93d0,53,54,ok
ripemd160_internal_init,006b9410,33,16,ok
ripemd160_get_params,006b9440,17,9,ok
ripemd160_dupctx,006b9460,98,64,ok
ripemd160_freectx,006b94d0,22,9,ok
ripemd160_internal_final,006b94f0,80,17,ok
ripemd160_newctx,006b9550,46,16,ok
sha1_settable_ctx_params,006b9590,8,8,ok
sha1_copyctx,006b95a0,53,54,ok
sha224_copyctx,006b95e0,62,61,ok
sha384_copyctx,006b9620,160,104,ok
sha1_set_ctx_params,006b96c0,237,36,ok
sha1_internal_init,006b97c0,68,18,ok
sha1_get_params,006b9810,20,9,ok
sha224_get_params,006b9830,20,9,ok
sha256_get_params,006b9850,20,9,ok
sha256_192_internal_get_params,006b9870,20,9,ok
sha384_get_params,006b9890,20,9,ok
sha512_get_params,006b98b0,20,9,ok
sha512_224_get_params,006b98d0,20,9,ok
sha512_256_get_params,006b98f0,20,9,ok
sha1_dupctx,006b9910,98,64,ok
sha224_dupctx,006b9980,107,71,ok
sha256_dupctx,006b99f0,107,71,ok
sha256_192_internal_dupctx,006b9a60,107,71,ok
sha384_dupctx,006b9ad0,213,118,ok
sha512_dupctx,006b9bb0,213,118,ok
sha512_224_dupctx,006b9c90,213,118,ok
sha512_256_dupctx,006b9d70,213,118,ok
sha1_freectx,006b9e50,22,9,ok
sha224_freectx,006b9e70,22,9,ok
sha256_freectx,006b9e90,22,9,ok
sha256_192_internal_freectx,006b9eb0,22,9,ok
sha384_freectx,006b9ed0,22,9,ok
sha512_freectx,006b9ef0,22,9,ok
sha512_224_freectx,006b9f10,22,9,ok
sha512_256_freectx,006b9f30,22,9,ok
sha1_internal_final,006b9f50,80,15,ok
sha1_newctx,006b9fb0,46,16,ok
sha224_newctx,006b9ff0,46,16,ok
sha256_newctx,006ba030,46,16,ok
sha256_192_internal_newctx,006ba070,46,16,ok
sha384_newctx,006ba0b0,46,16,ok
sha512_newctx,006ba0f0,46,16,ok
sha512_224_newctx,006ba130,46,16,ok
sha512_256_newctx,006ba170,46,16,ok
SHA256_Serialize,006ba1b0,337,105,ok
SHA512_Serialize,006ba310,336,127,ok
sha224_internal_init,006ba470,33,16,ok
sha224_internal_final,006ba4a0,80,16,ok
sha256_internal_init,006ba500,33,16,ok
sha256_internal_final,006ba530,80,16,ok
sha256_192_internal_internal_final,006ba590,80,17,ok
sha256_192_internal_internal_init,006ba5f0,33,16,ok
sha384_internal_init,006ba620,33,16,ok
sha384_internal_final,006ba650,80,16,ok
sha512_internal_init,006ba6b0,33,16,ok
sha512_internal_final,006ba6e0,80,16,ok
sha512_224_internal_final,006ba740,80,16,ok
sha512_256_internal_final,006ba7a0,80,16,ok
sha512_224_internal_init,006ba800,33,16,ok
sha512_256_internal_init,006ba830,33,16,ok
SHA256_Deserialize,006ba860,327,96,ok
SHA512_Deserialize,006ba9c0,333,119,ok
sha256_copyctx,006bab20,62,61,ok
sha256_192_internal_copyctx,006bab60,62,61,ok
sha512_copyctx,006baba0,160,104,ok
sha512_224_copyctx,006bac40,160,104,ok
sha512_256_copyctx,006bace0,160,104,ok
keccak_copyctx,006bad80,9,15,ok
shake_gettable_ctx_params,006bad90,8,8,ok
shake_settable_ctx_params,006bada0,8,8,ok
keccak_init,006badb0,28,15,ok
sha3_224_get_params,006badd0,20,9,ok
sha3_256_get_params,006badf0,20,9,ok
sha3_384_get_params,006bae10,20,9,ok
sha3_512_get_params,006bae30,20,9,ok
shake_128_get_params,006bae50,17,9,ok
shake_256_get_params,006bae70,17,9,ok
cshake_keccak_128_get_params,006bae90,20,9,ok
cshake_keccak_256_get_params,006baeb0,20,9,ok
cshake_keccak_256_serialize,006baed0,712,227,ok
keccak_dupctx,006bb1b0,60,29,ok
keccak_freectx,006bb1f0,22,9,ok
keccak_final,006bb210,117,22,ok
keccak_update,006bb290,5,45,ok
sha3_224_newctx,006bb2a0,94,24,ok
sha3_256_newctx,006bb300,94,24,ok
sha3_384_newctx,006bb360,94,24,ok
sha3_512_newctx,006bb3c0,94,24,ok
keccak_224_newctx,006bb420,94,24,ok
keccak_256_newctx,006bb480,94,24,ok
keccak_384_newctx,006bb4e0,94,24,ok
keccak_512_newctx,006bb540,94,24,ok
shake_get_ctx_params,006bb5a0,409,71,ok
shake_set_ctx_params,006bb760,346,49,ok
keccak_init_params,006bb8e0,55,17,ok
shake_128_newctx,006bb920,107,25,ok
shake_256_newctx,006bb990,107,25,ok
cshake_keccak_128_newctx,006bba00,99,24,ok
cshake_keccak_256_newctx,006bba70,99,24,ok
cshake_keccak_128_deserialize,006bbae0,712,215,ok
shake_squeeze,006bbdb0,106,23,ok
keccak_224_get_params,006bbe30,20,9,ok
keccak_256_get_params,006bbe50,20,9,ok
keccak_384_get_params,006bbe70,20,9,ok
keccak_512_get_params,006bbe90,20,9,ok
sha3_224_serialize,006bbeb0,712,227,ok
sha3_256_serialize,006bc190,712,227,ok
sha3_384_serialize,006bc470,712,227,ok
sha3_512_serialize,006bc750,712,227,ok
keccak_224_serialize,006bca30,712,227,ok
keccak_256_serialize,006bcd10,712,227,ok
keccak_384_serialize,006bcff0,712,227,ok
keccak_512_serialize,006bd2d0,712,227,ok
shake_128_serialize,006bd5b0,712,227,ok
shake_256_serialize,006bd890,712,227,ok
cshake_keccak_128_serialize,006bdb70,712,227,ok
cshake_keccak_256_deserialize,006bde50,712,215,ok
sha3_224_deserialize,006be120,712,215,ok
sha3_256_deserialize,006be3f0,712,215,ok
sha3_384_deserialize,006be6c0,712,215,ok
sha3_512_deserialize,006be990,712,215,ok
keccak_224_deserialize,006bec60,712,215,ok
keccak_256_deserialize,006bef30,712,215,ok
keccak_384_deserialize,006bf200,712,215,ok
keccak_512_deserialize,006bf4d0,712,215,ok
shake_128_deserialize,006bf7a0,712,215,ok
shake_256_deserialize,006bfa70,712,215,ok
sm3_copyctx,006bfd40,62,61,ok
sm3_internal_init,006bfd80,33,16,ok
sm3_get_params,006bfdb0,17,9,ok
sm3_dupctx,006bfdd0,107,70,ok
sm3_freectx,006bfe40,22,9,ok
sm3_internal_final,006bfe60,80,16,ok
sm3_newctx,006bfec0,46,16,ok
BARE_ALGOR_it,006bff00,8,8,ok
der2key_settable_ctx_params,006bff10,8,8,ok
PrivateKeyInfo_der2dh_does_selection,006bff20,48,25,ok
SubjectPublicKeyInfo_der2dh_does_selection,006bff60,50,25,ok
type_specific_params_der2dh_does_selection,006bffa0,53,25,ok
type_specific_der2dsa_does_selection,006bffe0,40,17,ok
type_specific_no_pub_der2ec_does_selection,006c0010,53,25,ok
type_specific_keypair_der2rsa_does_selection,006c0050,53,25,ok
der2key_set_ctx_params,006c0090,245,41,ok
der2key_export_object,006c01a0,96,26,ok
der2key_freectx,006c0210,17,9,ok
ec_check,006c0230,62,16,ok
der2key_decode,006c0270,1093,198,ok
dh_adjust,006c06e0,24,12,ok
PrivateKeyInfo_der2dh_newctx,006c0700,50,16,ok
SubjectPublicKeyInfo_der2dh_newctx,006c0740,50,16,ok
type_specific_params_der2dh_newctx,006c0780,50,16,ok
DH_der2dh_newctx,006c07c0,50,16,ok
PrivateKeyInfo_der2dhx_newctx,006c0800,50,16,ok
SubjectPublicKeyInfo_der2dhx_newctx,006c0840,50,16,ok
type_specific_params_der2dhx_newctx,006c0880,50,16,ok
DHX_der2dhx_newctx,006c08c0,50,16,ok
PrivateKeyInfo_der2dsa_newctx,006c0900,50,16,ok
SubjectPublicKeyInfo_der2dsa_newctx,006c0940,50,16,ok
type_specific_der2dsa_newctx,006c0980,50,16,ok
DSA_der2dsa_newctx,006c09c0,50,16,ok
PrivateKeyInfo_der2ec_newctx,006c0a00,50,16,ok
SubjectPublicKeyInfo_der2ec_newctx,006c0a40,50,16,ok
type_specific_no_pub_der2ec_newctx,006c0a80,50,16,ok
EC_der2ec_newctx,006c0ac0,50,16,ok
PrivateKeyInfo_der2x25519_newctx,006c0b00,50,16,ok
SubjectPublicKeyInfo_der2x25519_newctx,006c0b40,50,16,ok
PrivateKeyInfo_der2x448_newctx,006c0b80,50,16,ok
SubjectPublicKeyInfo_der2x448_newctx,006c0bc0,50,16,ok
PrivateKeyInfo_der2ed25519_newctx,006c0c00,50,16,ok
SubjectPublicKeyInfo_der2ed25519_newctx,006c0c40,50,16,ok
PrivateKeyInfo_der2ed448_newctx,006c0c80,50,16,ok
SubjectPublicKeyInfo_der2ed448_newctx,006c0cc0,50,16,ok
PrivateKeyInfo_der2sm2_newctx,006c0d00,50,16,ok
SubjectPublicKeyInfo_der2sm2_newctx,006c0d40,50,16,ok
type_specific_no_pub_der2sm2_newctx,006c0d80,50,16,ok
PrivateKeyInfo_der2ml_kem_512_newctx,006c0dc0,50,16,ok
SubjectPublicKeyInfo_der2ml_kem_512_newctx,006c0e00,50,16,ok
PrivateKeyInfo_der2ml_kem_768_newctx,006c0e40,50,16,ok
SubjectPublicKeyInfo_der2ml_kem_768_newctx,006c0e80,50,16,ok
PrivateKeyInfo_der2ml_kem_1024_newctx,006c0ec0,50,16,ok
SubjectPublicKeyInfo_der2ml_kem_1024_newctx,006c0f00,50,16,ok
PrivateKeyInfo_der2slh_dsa_sha2_128s_newctx,006c0f40,50,16,ok
PrivateKeyInfo_der2slh_dsa_sha2_128f_newctx,006c0f80,50,16,ok
PrivateKeyInfo_der2slh_dsa_sha2_192s_newctx,006c0fc0,50,16,ok
PrivateKeyInfo_der2slh_dsa_sha2_192f_newctx,006c1000,50,16,ok
PrivateKeyInfo_der2slh_dsa_sha2_256s_newctx,006c1040,50,16,ok
PrivateKeyInfo_der2slh_dsa_sha2_256f_newctx,006c1080,50,16,ok
PrivateKeyInfo_der2slh_dsa_shake_128s_newctx,006c10c0,50,16,ok
PrivateKeyInfo_der2slh_dsa_shake_128f_newctx,006c1100,50,16,ok
PrivateKeyInfo_der2slh_dsa_shake_192s_newctx,006c1140,50,16,ok
PrivateKeyInfo_der2slh_dsa_shake_192f_newctx,006c1180,50,16,ok
PrivateKeyInfo_der2slh_dsa_shake_256s_newctx,006c11c0,50,16,ok
PrivateKeyInfo_der2slh_dsa_shake_256f_newctx,006c1200,50,16,ok
SubjectPublicKeyInfo_der2slh_dsa_sha2_128s_newctx,006c1240,50,16,ok
SubjectPublicKeyInfo_der2slh_dsa_sha2_128f_newctx,006c1280,50,16,ok
SubjectPublicKeyInfo_der2slh_dsa_sha2_192s_newctx,006c12c0,50,16,ok
SubjectPublicKeyInfo_der2slh_dsa_sha2_192f_newctx,006c1300,50,16,ok
SubjectPublicKeyInfo_der2slh_dsa_sha2_256s_newctx,006c1340,50,16,ok
SubjectPublicKeyInfo_der2slh_dsa_sha2_256f_newctx,006c1380,50,16,ok
SubjectPublicKeyInfo_der2slh_dsa_shake_128s_newctx,006c13c0,50,16,ok
SubjectPublicKeyInfo_der2slh_dsa_shake_128f_newctx,006c1400,50,16,ok
SubjectPublicKeyInfo_der2slh_dsa_shake_192s_newctx,006c1440,50,16,ok
SubjectPublicKeyInfo_der2slh_dsa_shake_192f_newctx,006c1480,50,16,ok
SubjectPublicKeyInfo_der2slh_dsa_shake_256s_newctx,006c14c0,50,16,ok
SubjectPublicKeyInfo_der2slh_dsa_shake_256f_newctx,006c1500,50,16,ok
PrivateKeyInfo_der2rsa_newctx,006c1540,50,16,ok
SubjectPublicKeyInfo_der2rsa_newctx,006c1580,50,16,ok
type_specific_keypair_der2rsa_newctx,006c15c0,50,16,ok
RSA_der2rsa_newctx,006c1600,50,16,ok
PrivateKeyInfo_der2rsapss_newctx,006c1640,50,16,ok
SubjectPublicKeyInfo_der2rsapss_newctx,006c1680,50,16,ok
PrivateKeyInfo_der2ml_dsa_44_newctx,006c16c0,50,16,ok
SubjectPublicKeyInfo_der2ml_dsa_44_newctx,006c1700,50,16,ok
PrivateKeyInfo_der2ml_dsa_65_newctx,006c1740,50,16,ok
SubjectPublicKeyInfo_der2ml_dsa_65_newctx,006c1780,50,16,ok
PrivateKeyInfo_der2ml_dsa_87_newctx,006c17c0,50,16,ok
SubjectPublicKeyInfo_der2ml_dsa_87_newctx,006c1800,50,16,ok
dh_d2i_PUBKEY,006c1840,13,9,ok
dhx_d2i_PUBKEY,006c1850,13,9,ok
dsa_adjust,006c1860,24,12,ok
dsa_d2i_PUBKEY,006c1880,13,9,ok
ec_adjust,006c1890,24,12,ok
ec_d2i_PUBKEY,006c18b0,13,9,ok
ecx_key_adjust,006c18c0,24,12,ok
x25519_d2i_PUBKEY,006c18e0,13,9,ok
x448_d2i_PUBKEY,006c18f0,13,9,ok
ed25519_d2i_PUBKEY,006c1900,13,9,ok
ed448_d2i_PUBKEY,006c1910,13,9,ok
ml_kem_d2i_PKCS8,006c1920,54,15,ok
ml_kem_d2i_PUBKEY,006c1960,54,15,ok
slh_dsa_d2i_PKCS8,006c19a0,338,54,ok
slh_dsa_d2i_PUBKEY,006c1b10,673,92,ok
rsa_adjust,006c1dd0,24,12,ok
rsa_check,006c1df0,103,26,ok
rsa_d2i_PUBKEY,006c1e70,13,9,ok
ml_dsa_d2i_PKCS8,006c1e80,54,15,ok
ml_dsa_d2i_PUBKEY,006c1ec0,54,15,ok
SubjectPublicKeyInfo_der2ml_dsa_87_does_selection,006c1f00,50,25,ok
PrivateKeyInfo_der2ml_dsa_87_does_selection,006c1f40,48,25,ok
sm2_d2i_PKCS8,006c1f80,172,32,ok
DSA_der2dsa_does_selection,006c2040,40,17,ok
RSA_der2rsa_does_selection,006c2070,53,25,ok
EC_der2ec_does_selection,006c20b0,53,25,ok
type_specific_no_pub_der2sm2_does_selection,006c20f0,53,25,ok
DH_der2dh_does_selection,006c2130,53,25,ok
type_specific_params_der2dhx_does_selection,006c2170,53,25,ok
DHX_der2dhx_does_selection,006c21b0,53,25,ok
PrivateKeyInfo_der2dhx_does_selection,006c21f0,48,25,ok
PrivateKeyInfo_der2dsa_does_selection,006c2230,48,25,ok
PrivateKeyInfo_der2ec_does_selection,006c2270,48,25,ok
PrivateKeyInfo_der2x25519_does_selection,006c22b0,48,25,ok
PrivateKeyInfo_der2x448_does_selection,006c22f0,48,25,ok
PrivateKeyInfo_der2ed25519_does_selection,006c2330,48,25,ok
PrivateKeyInfo_der2ed448_does_selection,006c2370,48,25,ok
PrivateKeyInfo_der2sm2_does_selection,006c23b0,48,25,ok
PrivateKeyInfo_der2ml_kem_512_does_selection,006c23f0,48,25,ok
PrivateKeyInfo_der2ml_kem_768_does_selection,006c2430,48,25,ok
PrivateKeyInfo_der2ml_kem_1024_does_selection,006c2470,48,25,ok
PrivateKeyInfo_der2slh_dsa_sha2_128s_does_selection,006c24b0,48,25,ok
PrivateKeyInfo_der2slh_dsa_sha2_128f_does_selection,006c24f0,48,25,ok
PrivateKeyInfo_der2slh_dsa_sha2_192s_does_selection,006c2530,48,25,ok
PrivateKeyInfo_der2slh_dsa_sha2_192f_does_selection,006c2570,48,25,ok
PrivateKeyInfo_der2slh_dsa_sha2_256s_does_selection,006c25b0,48,25,ok
PrivateKeyInfo_der2slh_dsa_sha2_256f_does_selection,006c25f0,48,25,ok
PrivateKeyInfo_der2slh_dsa_shake_128s_does_selection,006c2630,48,25,ok
PrivateKeyInfo_der2slh_dsa_shake_128f_does_selection,006c2670,48,25,ok
PrivateKeyInfo_der2slh_dsa_shake_192s_does_selection,006c26b0,48,25,ok
PrivateKeyInfo_der2slh_dsa_shake_192f_does_selection,006c26f0,48,25,ok
PrivateKeyInfo_der2slh_dsa_shake_256s_does_selection,006c2730,48,25,ok
PrivateKeyInfo_der2slh_dsa_shake_256f_does_selection,006c2770,48,25,ok
PrivateKeyInfo_der2rsa_does_selection,006c27b0,48,25,ok
PrivateKeyInfo_der2rsapss_does_selection,006c27f0,48,25,ok
PrivateKeyInfo_der2ml_dsa_44_does_selection,006c2830,48,25,ok
PrivateKeyInfo_der2ml_dsa_65_does_selection,006c2870,48,25,ok
SubjectPublicKeyInfo_der2dhx_does_selection,006c28b0,50,25,ok
SubjectPublicKeyInfo_der2dsa_does_selection,006c28f0,50,25,ok
SubjectPublicKeyInfo_der2ec_does_selection,006c2930,50,25,ok
SubjectPublicKeyInfo_der2x25519_does_selection,006c2970,50,25,ok
SubjectPublicKeyInfo_der2x448_does_selection,006c29b0,50,25,ok
SubjectPublicKeyInfo_der2ed25519_does_selection,006c29f0,50,25,ok
SubjectPublicKeyInfo_der2ed448_does_selection,006c2a30,50,25,ok
SubjectPublicKeyInfo_der2sm2_does_selection,006c2a70,50,25,ok
SubjectPublicKeyInfo_der2ml_kem_512_does_selection,006c2ab0,50,25,ok
SubjectPublicKeyInfo_der2ml_kem_768_does_selection,006c2af0,50,25,ok
SubjectPublicKeyInfo_der2ml_kem_1024_does_selection,006c2b30,50,25,ok
SubjectPublicKeyInfo_der2slh_dsa_sha2_128s_does_selection,006c2b70,50,25,ok
SubjectPublicKeyInfo_der2slh_dsa_sha2_128f_does_selection,006c2bb0,50,25,ok
SubjectPublicKeyInfo_der2slh_dsa_sha2_192s_does_selection,006c2bf0,50,25,ok
SubjectPublicKeyInfo_der2slh_dsa_sha2_192f_does_selection,006c2c30,50,25,ok
SubjectPublicKeyInfo_der2slh_dsa_sha2_256s_does_selection,006c2c70,50,25,ok
SubjectPublicKeyInfo_der2slh_dsa_sha2_256f_does_selection,006c2cb0,50,25,ok
SubjectPublicKeyInfo_der2slh_dsa_shake_128s_does_selection,006c2cf0,50,25,ok
SubjectPublicKeyInfo_der2slh_dsa_shake_128f_does_selection,006c2d30,50,25,ok
SubjectPublicKeyInfo_der2slh_dsa_shake_192s_does_selection,006c2d70,50,25,ok
SubjectPublicKeyInfo_der2slh_dsa_shake_192f_does_selection,006c2db0,50,25,ok
SubjectPublicKeyInfo_der2slh_dsa_shake_256s_does_selection,006c2df0,50,25,ok
SubjectPublicKeyInfo_der2slh_dsa_shake_256f_does_selection,006c2e30,50,25,ok
SubjectPublicKeyInfo_der2rsa_does_selection,006c2e70,50,25,ok
SubjectPublicKeyInfo_der2rsapss_does_selection,006c2eb0,50,25,ok
SubjectPublicKeyInfo_der2ml_dsa_44_does_selection,006c2ef0,50,25,ok
SubjectPublicKeyInfo_der2ml_dsa_65_does_selection,006c2f30,50,25,ok
dh_d2i_PKCS8,006c2f70,172,32,ok
dsa_d2i_PKCS8,006c3030,172,32,ok
ec_d2i_PKCS8,006c30f0,172,32,ok
ecx_d2i_PKCS8,006c31b0,172,32,ok
rsa_d2i_PKCS8,006c3270,172,32,ok
epki2pki_settable_ctx_params,006c3330,8,8,ok
epki2pki_freectx,006c3340,17,9,ok
epki2pki_set_ctx_params,006c3360,245,41,ok
epki2pki_newctx,006c3470,36,15,ok
ossl_epki2pki_der_decode,006c34a0,912,168,ok
epki2pki_decode,006c3840,222,35,ok
msblob2key_does_selection,006c3920,18,14,ok
msblob2key_export_object,006c3940,90,26,ok
msblob2key_freectx,006c39a0,17,9,ok
msblob2key_decode,006c39c0,1283,219,ok
msblob2dsa_newctx,006c3f00,47,16,ok
msblob2rsa_newctx,006c3f30,47,16,ok
pem2der_settable_ctx_params,006c3f80,8,8,ok
pem2der_pass_helper,006c3f90,57,18,ok
pem2der_set_ctx_params,006c3fd0,382,67,ok
pem2der_freectx,006c4170,17,9,ok
pem2der_newctx,006c4190,36,15,ok
pem2der_decode,006c41c0,1121,181,ok
pvk2key_settable_ctx_params,006c4650,8,8,ok
pvk2key_does_selection,006c4660,15,8,ok
pvk2key_set_ctx_params,006c4670,245,41,ok
pvk2key_export_object,006c4780,96,26,ok
pvk2key_decode,006c47f0,680,134,ok
pvk2key_freectx,006c4ac0,17,9,ok
pvk2dsa_newctx,006c4ae0,50,16,ok
pvk2rsa_newctx,006c4b20,50,16,ok
spki2typespki_settable_ctx_params,006c4b80,8,8,ok
spki2typespki_set_ctx_params,006c4b90,245,41,ok
spki2typespki_freectx,006c4ca0,17,9,ok
spki2typespki_newctx,006c4cc0,36,16,ok
ossl_spki2typespki_der_decode,006c4cf0,649,150,ok
spki2typespki_decode,006c4f90,149,26,ok
key2any_settable_ctx_params,006c5030,8,8,ok
rsa_to_type_specific_keypair_der_does_selection,006c5040,53,25,ok
dh_to_type_specific_params_der_does_selection,006c5080,53,25,ok
dsa_to_type_specific_der_does_selection,006c50c0,40,17,ok
ec_to_type_specific_no_pub_der_does_selection,006c50f0,53,25,ok
rsa_to_EncryptedPrivateKeyInfo_der_does_selection,006c5130,48,25,ok
rsa_to_SubjectPublicKeyInfo_der_does_selection,006c5170,50,25,ok
rsa_pub_k2d,006c51b0,5,11,ok
rsa_prv_k2d,006c51c0,5,11,ok
rsa_check_key_type,006c51d0,51,17,ok
prepare_rsa_params,006c5210,465,72,ok
rsa_to_type_specific_keypair_der_free_object,006c5400,15,9,ok
dh_to_type_specific_params_der_free_object,006c5410,15,9,ok
dhx_to_type_specific_params_der_free_object,006c5420,15,9,ok
dsa_to_type_specific_der_free_object,006c5430,15,9,ok
ec_to_type_specific_no_pub_der_free_object,006c5440,15,9,ok
sm2_to_type_specific_no_pub_der_free_object,006c5450,15,9,ok
rsapss_to_EncryptedPrivateKeyInfo_der_free_object,006c5460,15,9,ok
ed25519_to_EncryptedPrivateKeyInfo_der_free_object,006c5470,15,9,ok
ed448_to_EncryptedPrivateKeyInfo_der_free_object,006c5480,15,9,ok
x25519_to_EncryptedPrivateKeyInfo_der_free_object,006c5490,15,9,ok
x448_to_EncryptedPrivateKeyInfo_der_free_object,006c54a0,15,9,ok
slh_dsa_sha2_128s_to_EncryptedPrivateKeyInfo_der_free_object,006c54b0,15,9,ok
slh_dsa_sha2_128f_to_EncryptedPrivateKeyInfo_der_free_object,006c54c0,15,9,ok
slh_dsa_sha2_192s_to_EncryptedPrivateKeyInfo_der_free_object,006c54d0,15,9,ok
slh_dsa_sha2_192f_to_EncryptedPrivateKeyInfo_der_free_object,006c54e0,15,9,ok
slh_dsa_sha2_256s_to_EncryptedPrivateKeyInfo_der_free_object,006c54f0,15,9,ok
slh_dsa_sha2_256f_to_EncryptedPrivateKeyInfo_der_free_object,006c5500,15,9,ok
slh_dsa_shake_128s_to_EncryptedPrivateKeyInfo_der_free_object,006c5510,15,9,ok
slh_dsa_shake_128f_to_EncryptedPrivateKeyInfo_der_free_object,006c5520,15,9,ok
slh_dsa_shake_192s_to_EncryptedPrivateKeyInfo_der_free_object,006c5530,15,9,ok
slh_dsa_shake_192f_to_EncryptedPrivateKeyInfo_der_free_object,006c5540,15,9,ok
slh_dsa_shake_256s_to_EncryptedPrivateKeyInfo_der_free_object,006c5550,15,9,ok
slh_dsa_shake_256f_to_EncryptedPrivateKeyInfo_der_free_object,006c5560,15,9,ok
ml_kem_512_to_EncryptedPrivateKeyInfo_der_free_object,006c5570,15,9,ok
ml_kem_768_to_EncryptedPrivateKeyInfo_der_free_object,006c5580,15,9,ok
ml_kem_1024_to_EncryptedPrivateKeyInfo_der_free_object,006c5590,15,9,ok
ml_dsa_44_to_EncryptedPrivateKeyInfo_der_free_object,006c55a0,15,9,ok
ml_dsa_65_to_EncryptedPrivateKeyInfo_der_free_object,006c55b0,15,9,ok
ml_dsa_87_to_EncryptedPrivateKeyInfo_der_free_object,006c55c0,15,9,ok
rsa_to_type_specific_keypair_der_import_object,006c55d0,23,10,ok
dh_to_type_specific_params_der_import_object,006c55f0,23,10,ok
dhx_to_type_specific_params_der_import_object,006c5610,23,10,ok
dsa_to_type_specific_der_import_object,006c5630,23,10,ok
ec_to_type_specific_no_pub_der_import_object,006c5650,23,10,ok
sm2_to_type_specific_no_pub_der_import_object,006c5670,23,10,ok
rsapss_to_EncryptedPrivateKeyInfo_der_import_object,006c5690,23,10,ok
ed25519_to_EncryptedPrivateKeyInfo_der_import_object,006c56b0,23,10,ok
ed448_to_EncryptedPrivateKeyInfo_der_import_object,006c56d0,23,10,ok
x25519_to_EncryptedPrivateKeyInfo_der_import_object,006c56f0,23,10,ok
x448_to_EncryptedPrivateKeyInfo_der_import_object,006c5710,23,10,ok
slh_dsa_sha2_128s_to_EncryptedPrivateKeyInfo_der_import_object,006c5730,23,10,ok
slh_dsa_sha2_128f_to_EncryptedPrivateKeyInfo_der_import_object,006c5750,23,10,ok
slh_dsa_sha2_192s_to_EncryptedPrivateKeyInfo_der_import_object,006c5770,23,10,ok
slh_dsa_sha2_192f_to_EncryptedPrivateKeyInfo_der_import_object,006c5790,23,10,ok
slh_dsa_sha2_256s_to_EncryptedPrivateKeyInfo_der_import_object,006c57b0,23,10,ok
slh_dsa_sha2_256f_to_EncryptedPrivateKeyInfo_der_import_object,006c57d0,23,10,ok
slh_dsa_shake_128s_to_EncryptedPrivateKeyInfo_der_import_object,006c57f0,23,10,ok
slh_dsa_shake_128f_to_EncryptedPrivateKeyInfo_der_import_object,006c5810,23,10,ok
slh_dsa_shake_192s_to_EncryptedPrivateKeyInfo_der_import_object,006c5830,23,10,ok
slh_dsa_shake_192f_to_EncryptedPrivateKeyInfo_der_import_object,006c5850,23,10,ok
slh_dsa_shake_256s_to_EncryptedPrivateKeyInfo_der_import_object,006c5870,23,10,ok
slh_dsa_shake_256f_to_EncryptedPrivateKeyInfo_der_import_object,006c5890,23,10,ok
ml_kem_512_to_EncryptedPrivateKeyInfo_der_import_object,006c58b0,23,10,ok
ml_kem_768_to_EncryptedPrivateKeyInfo_der_import_object,006c58d0,23,10,ok
ml_kem_1024_to_EncryptedPrivateKeyInfo_der_import_object,006c58f0,23,10,ok
ml_dsa_44_to_EncryptedPrivateKeyInfo_der_import_object,006c5910,23,10,ok
ml_dsa_65_to_EncryptedPrivateKeyInfo_der_import_object,006c5930,23,10,ok
ml_dsa_87_to_EncryptedPrivateKeyInfo_der_import_object,006c5950,23,10,ok
key2any_set_ctx_params,006c5970,718,124,ok
key2any_freectx,006c5c70,73,12,ok
key2any_newctx,006c5cc0,43,16,ok
dh_check_key_type,006c5cf0,38,11,ok
dh_type_specific_params_to_der,006c5d20,54,16,ok
dsa_param_k2d,006c5d60,5,11,ok
dsa_pub_k2d,006c5d70,5,11,ok
dsa_prv_k2d,006c5d80,5,11,ok
prepare_dh_params,006c5d90,222,46,ok
ec_param_k2d,006c5e80,5,35,ok
ec_prv_k2d,006c5e90,5,93,ok
prepare_ec_params,006c5ea0,347,62,ok
key_to_type_specific_pem_pub_bio,006c6010,54,15,ok
key_to_type_specific_pem_priv_bio,006c6050,61,15,ok
key_to_p8info,006c6090,220,31,ok
p8info_to_encp8,006c6180,212,28,ok
key_to_pubkey,006c6260,214,31,ok
key_to_spki_der_pub_bio,006c6340,167,27,ok
dh_pki_priv_to_der,006c63f0,178,31,ok
dh_spki_pub_to_der,006c64b0,178,31,ok
dsa_pki_priv_to_der,006c6570,178,31,ok
dsa_spki_pub_to_der,006c6630,178,31,ok
ec_pki_priv_to_der,006c66f0,62,15,ok
ecx_pki_priv_to_der,006c6730,163,30,ok
slh_dsa_pki_priv_to_der,006c67f0,138,30,ok
slh_dsa_spki_pub_to_der,006c6880,125,28,ok
ml_kem_pki_priv_to_der,006c6910,12,9,ok
ml_kem_spki_pub_to_der,006c6920,5,41,ok
ml_dsa_pki_priv_to_der,006c6930,12,9,ok
ml_dsa_spki_pub_to_der,006c6940,5,31,ok
key_to_type_specific_der_bio,006c6950,145,24,ok
ml_dsa_87_to_SubjectPublicKeyInfo_pem_does_selection,006c69f0,50,25,ok
ml_dsa_87_to_PrivateKeyInfo_pem_does_selection,006c6a30,48,25,ok
ec_to_X9_62_pem_does_selection,006c6a70,53,25,ok
dhx_to_X9_42_pem_does_selection,006c6ab0,53,25,ok
rsapss_to_PKCS1_pem_does_selection,006c6af0,53,25,ok
key2any_encode.constprop.0,006c6b30,264,38,ok
dsa_to_type_specific_der_encode,006c6c50,246,30,ok
dsa_to_type_specific_pem_encode,006c6d60,246,30,ok
slh_dsa_sha2_128s_to_PrivateKeyInfo_der_encode,006c6e70,119,20,ok
slh_dsa_sha2_128f_to_PrivateKeyInfo_der_encode,006c6f00,119,20,ok
slh_dsa_sha2_192s_to_PrivateKeyInfo_der_encode,006c6f90,119,20,ok
slh_dsa_sha2_192f_to_PrivateKeyInfo_der_encode,006c7020,119,20,ok
slh_dsa_sha2_256s_to_PrivateKeyInfo_der_encode,006c70b0,119,20,ok
slh_dsa_sha2_256f_to_PrivateKeyInfo_der_encode,006c7140,119,20,ok
slh_dsa_sha2_128s_to_PrivateKeyInfo_pem_encode,006c71d0,119,20,ok
slh_dsa_sha2_128f_to_PrivateKeyInfo_pem_encode,006c7260,119,20,ok
slh_dsa_sha2_192s_to_PrivateKeyInfo_pem_encode,006c72f0,119,20,ok
slh_dsa_sha2_192f_to_PrivateKeyInfo_pem_encode,006c7380,119,20,ok
slh_dsa_sha2_256s_to_PrivateKeyInfo_pem_encode,006c7410,119,20,ok
slh_dsa_sha2_256f_to_PrivateKeyInfo_pem_encode,006c74a0,119,20,ok
slh_dsa_shake_128s_to_PrivateKeyInfo_der_encode,006c7530,119,20,ok
slh_dsa_shake_128f_to_PrivateKeyInfo_der_encode,006c75c0,119,20,ok
slh_dsa_shake_192s_to_PrivateKeyInfo_der_encode,006c7650,119,20,ok
slh_dsa_shake_192f_to_PrivateKeyInfo_der_encode,006c76e0,119,20,ok
slh_dsa_shake_256s_to_PrivateKeyInfo_der_encode,006c7770,119,20,ok
slh_dsa_shake_256f_to_PrivateKeyInfo_der_encode,006c7800,119,20,ok
slh_dsa_shake_128s_to_PrivateKeyInfo_pem_encode,006c7890,119,20,ok
slh_dsa_shake_128f_to_PrivateKeyInfo_pem_encode,006c7920,119,20,ok
slh_dsa_shake_192s_to_PrivateKeyInfo_pem_encode,006c79b0,119,20,ok
slh_dsa_shake_192f_to_PrivateKeyInfo_pem_encode,006c7a40,119,20,ok
slh_dsa_shake_256s_to_PrivateKeyInfo_pem_encode,006c7ad0,119,20,ok
slh_dsa_shake_256f_to_PrivateKeyInfo_pem_encode,006c7b60,119,20,ok
slh_dsa_sha2_128s_to_SubjectPublicKeyInfo_der_encode,006c7bf0,119,20,ok
slh_dsa_sha2_128f_to_SubjectPublicKeyInfo_der_encode,006c7c80,119,20,ok
slh_dsa_sha2_192s_to_SubjectPublicKeyInfo_der_encode,006c7d10,119,20,ok
slh_dsa_sha2_192f_to_SubjectPublicKeyInfo_der_encode,006c7da0,119,20,ok
slh_dsa_sha2_256s_to_SubjectPublicKeyInfo_der_encode,006c7e30,119,20,ok
slh_dsa_sha2_256f_to_SubjectPublicKeyInfo_der_encode,006c7ec0,119,20,ok
slh_dsa_sha2_128s_to_SubjectPublicKeyInfo_pem_encode,006c7f50,119,20,ok
slh_dsa_sha2_128f_to_SubjectPublicKeyInfo_pem_encode,006c7fe0,119,20,ok
slh_dsa_sha2_192s_to_SubjectPublicKeyInfo_pem_encode,006c8070,119,20,ok
slh_dsa_sha2_192f_to_SubjectPublicKeyInfo_pem_encode,006c8100,119,20,ok
slh_dsa_sha2_256s_to_SubjectPublicKeyInfo_pem_encode,006c8190,119,20,ok
slh_dsa_sha2_256f_to_SubjectPublicKeyInfo_pem_encode,006c8220,119,20,ok
slh_dsa_shake_128s_to_SubjectPublicKeyInfo_der_encode,006c82b0,119,20,ok
slh_dsa_shake_128f_to_SubjectPublicKeyInfo_der_encode,006c8340,119,20,ok
slh_dsa_shake_192s_to_SubjectPublicKeyInfo_der_encode,006c83d0,119,20,ok
slh_dsa_shake_192f_to_SubjectPublicKeyInfo_der_encode,006c8460,119,20,ok
slh_dsa_shake_256s_to_SubjectPublicKeyInfo_der_encode,006c84f0,119,20,ok
slh_dsa_shake_256f_to_SubjectPublicKeyInfo_der_encode,006c8580,119,20,ok
slh_dsa_shake_128s_to_SubjectPublicKeyInfo_pem_encode,006c8610,119,20,ok
slh_dsa_shake_128f_to_SubjectPublicKeyInfo_pem_encode,006c86a0,119,20,ok
slh_dsa_shake_192s_to_SubjectPublicKeyInfo_pem_encode,006c8730,119,20,ok
slh_dsa_shake_192f_to_SubjectPublicKeyInfo_pem_encode,006c87c0,119,20,ok
slh_dsa_shake_256s_to_SubjectPublicKeyInfo_pem_encode,006c8850,119,20,ok
slh_dsa_shake_256f_to_SubjectPublicKeyInfo_pem_encode,006c88e0,119,20,ok
ml_kem_512_to_EncryptedPrivateKeyInfo_der_encode,006c8970,119,20,ok
ml_kem_512_to_EncryptedPrivateKeyInfo_pem_encode,006c8a00,119,20,ok
ml_kem_512_to_PrivateKeyInfo_der_encode,006c8a90,119,20,ok
ml_kem_512_to_PrivateKeyInfo_pem_encode,006c8b20,119,20,ok
ml_kem_512_to_SubjectPublicKeyInfo_der_encode,006c8bb0,119,20,ok
ml_kem_512_to_SubjectPublicKeyInfo_pem_encode,006c8c40,119,20,ok
ml_kem_768_to_EncryptedPrivateKeyInfo_der_encode,006c8cd0,119,20,ok
ml_kem_768_to_EncryptedPrivateKeyInfo_pem_encode,006c8d60,119,20,ok
ml_kem_768_to_PrivateKeyInfo_der_encode,006c8df0,119,20,ok
ml_kem_768_to_PrivateKeyInfo_pem_encode,006c8e80,119,20,ok
ml_kem_768_to_SubjectPublicKeyInfo_der_encode,006c8f10,119,20,ok
ml_kem_768_to_SubjectPublicKeyInfo_pem_encode,006c8fa0,119,20,ok
ml_kem_1024_to_EncryptedPrivateKeyInfo_der_encode,006c9030,119,20,ok
ml_kem_1024_to_EncryptedPrivateKeyInfo_pem_encode,006c90c0,119,20,ok
ml_kem_1024_to_PrivateKeyInfo_der_encode,006c9150,119,20,ok
ml_kem_1024_to_PrivateKeyInfo_pem_encode,006c91e0,119,20,ok
ml_kem_1024_to_SubjectPublicKeyInfo_der_encode,006c9270,119,20,ok
ml_kem_1024_to_SubjectPublicKeyInfo_pem_encode,006c9300,119,20,ok
dsa_to_DSA_der_encode,006c9390,246,30,ok
dsa_to_DSA_pem_encode,006c94a0,246,30,ok
ml_dsa_44_to_EncryptedPrivateKeyInfo_der_encode,006c95b0,119,20,ok
ml_dsa_44_to_EncryptedPrivateKeyInfo_pem_encode,006c9640,119,20,ok
ml_dsa_44_to_PrivateKeyInfo_der_encode,006c96d0,119,20,ok
ml_dsa_44_to_PrivateKeyInfo_pem_encode,006c9760,119,20,ok
ml_dsa_44_to_SubjectPublicKeyInfo_der_encode,006c97f0,119,20,ok
ml_dsa_44_to_SubjectPublicKeyInfo_pem_encode,006c9880,119,20,ok
ml_dsa_65_to_EncryptedPrivateKeyInfo_der_encode,006c9910,119,20,ok
ml_dsa_65_to_EncryptedPrivateKeyInfo_pem_encode,006c99a0,119,20,ok
ml_dsa_65_to_PrivateKeyInfo_der_encode,006c9a30,119,20,ok
ml_dsa_65_to_PrivateKeyInfo_pem_encode,006c9ac0,119,20,ok
ml_dsa_65_to_SubjectPublicKeyInfo_der_encode,006c9b50,119,20,ok
ml_dsa_65_to_SubjectPublicKeyInfo_pem_encode,006c9be0,119,20,ok
ml_dsa_87_to_EncryptedPrivateKeyInfo_der_encode,006c9c70,119,20,ok
ml_dsa_87_to_EncryptedPrivateKeyInfo_pem_encode,006c9d00,119,20,ok
ml_dsa_87_to_PrivateKeyInfo_der_encode,006c9d90,119,20,ok
ml_dsa_87_to_PrivateKeyInfo_pem_encode,006c9e20,119,20,ok
ml_dsa_87_to_SubjectPublicKeyInfo_der_encode,006c9eb0,119,20,ok
ml_dsa_87_to_SubjectPublicKeyInfo_pem_encode,006c9f40,119,20,ok
prepare_dsa_params,006c9fd0,268,45,ok
ed25519_to_EncryptedPrivateKeyInfo_pem_free_object,006ca0f0,15,9,ok
ed25519_to_PrivateKeyInfo_der_free_object,006ca100,15,9,ok
ed25519_to_PrivateKeyInfo_pem_free_object,006ca110,15,9,ok
ed25519_to_SubjectPublicKeyInfo_der_free_object,006ca120,15,9,ok
ed25519_to_SubjectPublicKeyInfo_pem_free_object,006ca130,15,9,ok
ed448_to_EncryptedPrivateKeyInfo_pem_free_object,006ca140,15,9,ok
ed448_to_PrivateKeyInfo_der_free_object,006ca150,15,9,ok
ed448_to_PrivateKeyInfo_pem_free_object,006ca160,15,9,ok
ed448_to_SubjectPublicKeyInfo_der_free_object,006ca170,15,9,ok
ed448_to_SubjectPublicKeyInfo_pem_free_object,006ca180,15,9,ok
x25519_to_EncryptedPrivateKeyInfo_pem_free_object,006ca190,15,9,ok
x25519_to_PrivateKeyInfo_der_free_object,006ca1a0,15,9,ok
x25519_to_PrivateKeyInfo_pem_free_object,006ca1b0,15,9,ok
x25519_to_SubjectPublicKeyInfo_der_free_object,006ca1c0,15,9,ok
x25519_to_SubjectPublicKeyInfo_pem_free_object,006ca1d0,15,9,ok
x448_to_EncryptedPrivateKeyInfo_pem_free_object,006ca1e0,15,9,ok
x448_to_PrivateKeyInfo_der_free_object,006ca1f0,15,9,ok
x448_to_PrivateKeyInfo_pem_free_object,006ca200,15,9,ok
x448_to_SubjectPublicKeyInfo_der_free_object,006ca210,15,9,ok
x448_to_SubjectPublicKeyInfo_pem_free_object,006ca220,15,9,ok
slh_dsa_sha2_128s_to_EncryptedPrivateKeyInfo_pem_free_object,006ca230,15,9,ok
slh_dsa_sha2_128s_to_PrivateKeyInfo_der_free_object,006ca240,15,9,ok
slh_dsa_sha2_128s_to_PrivateKeyInfo_pem_free_object,006ca250,15,9,ok
slh_dsa_sha2_128s_to_SubjectPublicKeyInfo_der_free_object,006ca260,15,9,ok
slh_dsa_sha2_128s_to_SubjectPublicKeyInfo_pem_free_object,006ca270,15,9,ok
slh_dsa_sha2_128f_to_EncryptedPrivateKeyInfo_pem_free_object,006ca280,15,9,ok
slh_dsa_sha2_128f_to_PrivateKeyInfo_der_free_object,006ca290,15,9,ok
slh_dsa_sha2_128f_to_PrivateKeyInfo_pem_free_object,006ca2a0,15,9,ok
slh_dsa_sha2_128f_to_SubjectPublicKeyInfo_der_free_object,006ca2b0,15,9,ok
slh_dsa_sha2_128f_to_SubjectPublicKeyInfo_pem_free_object,006ca2c0,15,9,ok
slh_dsa_sha2_192s_to_EncryptedPrivateKeyInfo_pem_free_object,006ca2d0,15,9,ok
slh_dsa_sha2_192s_to_PrivateKeyInfo_der_free_object,006ca2e0,15,9,ok
slh_dsa_sha2_192s_to_PrivateKeyInfo_pem_free_object,006ca2f0,15,9,ok
slh_dsa_sha2_192s_to_SubjectPublicKeyInfo_der_free_object,006ca300,15,9,ok
slh_dsa_sha2_192s_to_SubjectPublicKeyInfo_pem_free_object,006ca310,15,9,ok
slh_dsa_sha2_192f_to_EncryptedPrivateKeyInfo_pem_free_object,006ca320,15,9,ok
slh_dsa_sha2_192f_to_PrivateKeyInfo_der_free_object,006ca330,15,9,ok
slh_dsa_sha2_192f_to_PrivateKeyInfo_pem_free_object,006ca340,15,9,ok
slh_dsa_sha2_192f_to_SubjectPublicKeyInfo_der_free_object,006ca350,15,9,ok
slh_dsa_sha2_192f_to_SubjectPublicKeyInfo_pem_free_object,006ca360,15,9,ok
slh_dsa_sha2_256s_to_EncryptedPrivateKeyInfo_pem_free_object,006ca370,15,9,ok
slh_dsa_sha2_256s_to_PrivateKeyInfo_der_free_object,006ca380,15,9,ok
slh_dsa_sha2_256s_to_PrivateKeyInfo_pem_free_object,006ca390,15,9,ok
slh_dsa_sha2_256s_to_SubjectPublicKeyInfo_der_free_object,006ca3a0,15,9,ok
slh_dsa_sha2_256s_to_SubjectPublicKeyInfo_pem_free_object,006ca3b0,15,9,ok
slh_dsa_sha2_256f_to_EncryptedPrivateKeyInfo_pem_free_object,006ca3c0,15,9,ok
slh_dsa_sha2_256f_to_PrivateKeyInfo_der_free_object,006ca3d0,15,9,ok
slh_dsa_sha2_256f_to_PrivateKeyInfo_pem_free_object,006ca3e0,15,9,ok
slh_dsa_sha2_256f_to_SubjectPublicKeyInfo_der_free_object,006ca3f0,15,9,ok
slh_dsa_sha2_256f_to_SubjectPublicKeyInfo_pem_free_object,006ca400,15,9,ok
slh_dsa_shake_128s_to_EncryptedPrivateKeyInfo_pem_free_object,006ca410,15,9,ok
slh_dsa_shake_128s_to_PrivateKeyInfo_der_free_object,006ca420,15,9,ok
slh_dsa_shake_128s_to_PrivateKeyInfo_pem_free_object,006ca430,15,9,ok
slh_dsa_shake_128s_to_SubjectPublicKeyInfo_der_free_object,006ca440,15,9,ok
slh_dsa_shake_128s_to_SubjectPublicKeyInfo_pem_free_object,006ca450,15,9,ok
slh_dsa_shake_128f_to_EncryptedPrivateKeyInfo_pem_free_object,006ca460,15,9,ok
slh_dsa_shake_128f_to_PrivateKeyInfo_der_free_object,006ca470,15,9,ok
slh_dsa_shake_128f_to_PrivateKeyInfo_pem_free_object,006ca480,15,9,ok
slh_dsa_shake_128f_to_SubjectPublicKeyInfo_der_free_object,006ca490,15,9,ok
slh_dsa_shake_128f_to_SubjectPublicKeyInfo_pem_free_object,006ca4a0,15,9,ok
slh_dsa_shake_192s_to_EncryptedPrivateKeyInfo_pem_free_object,006ca4b0,15,9,ok
slh_dsa_shake_192s_to_PrivateKeyInfo_der_free_object,006ca4c0,15,9,ok
slh_dsa_shake_192s_to_PrivateKeyInfo_pem_free_object,006ca4d0,15,9,ok
slh_dsa_shake_192s_to_SubjectPublicKeyInfo_der_free_object,006ca4e0,15,9,ok
slh_dsa_shake_192s_to_SubjectPublicKeyInfo_pem_free_object,006ca4f0,15,9,ok
slh_dsa_shake_192f_to_EncryptedPrivateKeyInfo_pem_free_object,006ca500,15,9,ok
slh_dsa_shake_192f_to_PrivateKeyInfo_der_free_object,006ca510,15,9,ok
slh_dsa_shake_192f_to_PrivateKeyInfo_pem_free_object,006ca520,15,9,ok
slh_dsa_shake_192f_to_SubjectPublicKeyInfo_der_free_object,006ca530,15,9,ok
slh_dsa_shake_192f_to_SubjectPublicKeyInfo_pem_free_object,006ca540,15,9,ok
slh_dsa_shake_256s_to_EncryptedPrivateKeyInfo_pem_free_object,006ca550,15,9,ok
slh_dsa_shake_256s_to_PrivateKeyInfo_der_free_object,006ca560,15,9,ok
slh_dsa_shake_256s_to_PrivateKeyInfo_pem_free_object,006ca570,15,9,ok
slh_dsa_shake_256s_to_SubjectPublicKeyInfo_der_free_object,006ca580,15,9,ok
slh_dsa_shake_256s_to_SubjectPublicKeyInfo_pem_free_object,006ca590,15,9,ok
slh_dsa_shake_256f_to_EncryptedPrivateKeyInfo_pem_free_object,006ca5a0,15,9,ok
slh_dsa_shake_256f_to_PrivateKeyInfo_der_free_object,006ca5b0,15,9,ok
slh_dsa_shake_256f_to_PrivateKeyInfo_pem_free_object,006ca5c0,15,9,ok
slh_dsa_shake_256f_to_SubjectPublicKeyInfo_der_free_object,006ca5d0,15,9,ok
slh_dsa_shake_256f_to_SubjectPublicKeyInfo_pem_free_object,006ca5e0,15,9,ok
ml_kem_512_to_EncryptedPrivateKeyInfo_pem_free_object,006ca5f0,15,9,ok
ml_kem_512_to_PrivateKeyInfo_der_free_object,006ca600,15,9,ok
ml_kem_512_to_PrivateKeyInfo_pem_free_object,006ca610,15,9,ok
ml_kem_512_to_SubjectPublicKeyInfo_der_free_object,006ca620,15,9,ok
ml_kem_512_to_SubjectPublicKeyInfo_pem_free_object,006ca630,15,9,ok
ml_kem_768_to_EncryptedPrivateKeyInfo_pem_free_object,006ca640,15,9,ok
ml_kem_768_to_PrivateKeyInfo_der_free_object,006ca650,15,9,ok
ml_kem_768_to_PrivateKeyInfo_pem_free_object,006ca660,15,9,ok
ml_kem_768_to_SubjectPublicKeyInfo_der_free_object,006ca670,15,9,ok
ml_kem_768_to_SubjectPublicKeyInfo_pem_free_object,006ca680,15,9,ok
ml_kem_1024_to_EncryptedPrivateKeyInfo_pem_free_object,006ca690,15,9,ok
ml_kem_1024_to_PrivateKeyInfo_der_free_object,006ca6a0,15,9,ok
ml_kem_1024_to_PrivateKeyInfo_pem_free_object,006ca6b0,15,9,ok
ml_kem_1024_to_SubjectPublicKeyInfo_der_free_object,006ca6c0,15,9,ok
ml_kem_1024_to_SubjectPublicKeyInfo_pem_free_object,006ca6d0,15,9,ok
ml_dsa_44_to_EncryptedPrivateKeyInfo_pem_free_object,006ca6e0,15,9,ok
ml_dsa_44_to_PrivateKeyInfo_der_free_object,006ca6f0,15,9,ok
ml_dsa_44_to_PrivateKeyInfo_pem_free_object,006ca700,15,9,ok
ml_dsa_44_to_SubjectPublicKeyInfo_der_free_object,006ca710,15,9,ok
ml_dsa_44_to_SubjectPublicKeyInfo_pem_free_object,006ca720,15,9,ok
ml_dsa_65_to_EncryptedPrivateKeyInfo_pem_free_object,006ca730,15,9,ok
ml_dsa_65_to_PrivateKeyInfo_der_free_object,006ca740,15,9,ok
ml_dsa_65_to_PrivateKeyInfo_pem_free_object,006ca750,15,9,ok
ml_dsa_65_to_SubjectPublicKeyInfo_der_free_object,006ca760,15,9,ok
ml_dsa_65_to_SubjectPublicKeyInfo_pem_free_object,006ca770,15,9,ok
ml_dsa_87_to_EncryptedPrivateKeyInfo_pem_free_object,006ca780,15,9,ok
ml_dsa_87_to_PrivateKeyInfo_der_free_object,006ca790,15,9,ok
ml_dsa_87_to_PrivateKeyInfo_pem_free_object,006ca7a0,15,9,ok
ml_dsa_87_to_SubjectPublicKeyInfo_der_free_object,006ca7b0,15,9,ok
ml_dsa_87_to_SubjectPublicKeyInfo_pem_free_object,006ca7c0,15,9,ok
key_to_epki_der_priv_bio,006ca7d0,287,57,ok
rsapss_to_EncryptedPrivateKeyInfo_pem_free_object,006ca910,15,9,ok
rsapss_to_PrivateKeyInfo_der_free_object,006ca920,15,9,ok
rsapss_to_PrivateKeyInfo_pem_free_object,006ca930,15,9,ok
rsapss_to_SubjectPublicKeyInfo_der_free_object,006ca940,15,9,ok
rsapss_to_SubjectPublicKeyInfo_pem_free_object,006ca950,15,9,ok
rsapss_to_PKCS1_der_free_object,006ca960,15,9,ok
rsapss_to_PKCS1_pem_free_object,006ca970,15,9,ok
dsa_to_type_specific_pem_free_object,006ca980,15,9,ok
dsa_to_EncryptedPrivateKeyInfo_der_free_object,006ca990,15,9,ok
dsa_to_EncryptedPrivateKeyInfo_pem_free_object,006ca9a0,15,9,ok
dsa_to_PrivateKeyInfo_der_free_object,006ca9b0,15,9,ok
dsa_to_PrivateKeyInfo_pem_free_object,006ca9c0,15,9,ok
dsa_to_SubjectPublicKeyInfo_der_free_object,006ca9d0,15,9,ok
dsa_to_SubjectPublicKeyInfo_pem_free_object,006ca9e0,15,9,ok
dsa_to_DSA_der_free_object,006ca9f0,15,9,ok
dsa_to_DSA_pem_free_object,006caa00,15,9,ok
sm2_to_type_specific_no_pub_pem_free_object,006caa10,15,9,ok
sm2_to_EncryptedPrivateKeyInfo_der_free_object,006caa20,15,9,ok
sm2_to_EncryptedPrivateKeyInfo_pem_free_object,006caa30,15,9,ok
sm2_to_PrivateKeyInfo_der_free_object,006caa40,15,9,ok
sm2_to_PrivateKeyInfo_pem_free_object,006caa50,15,9,ok
sm2_to_SubjectPublicKeyInfo_der_free_object,006caa60,15,9,ok
sm2_to_SubjectPublicKeyInfo_pem_free_object,006caa70,15,9,ok
sm2_to_SM2_der_free_object,006caa80,15,9,ok
sm2_to_SM2_pem_free_object,006caa90,15,9,ok
rsa_to_type_specific_keypair_pem_free_object,006caaa0,15,9,ok
rsa_to_EncryptedPrivateKeyInfo_der_free_object,006caab0,15,9,ok
rsa_to_EncryptedPrivateKeyInfo_pem_free_object,006caac0,15,9,ok
rsa_to_PrivateKeyInfo_der_free_object,006caad0,15,9,ok
rsa_to_PrivateKeyInfo_pem_free_object,006caae0,15,9,ok
rsa_to_SubjectPublicKeyInfo_der_free_object,006caaf0,15,9,ok
rsa_to_SubjectPublicKeyInfo_pem_free_object,006cab00,15,9,ok
rsa_to_RSA_der_free_object,006cab10,15,9,ok
rsa_to_RSA_pem_free_object,006cab20,15,9,ok
rsa_to_PKCS1_der_free_object,006cab30,15,9,ok
rsa_to_PKCS1_pem_free_object,006cab40,15,9,ok
dh_to_type_specific_params_pem_free_object,006cab50,15,9,ok
dh_to_EncryptedPrivateKeyInfo_der_free_object,006cab60,15,9,ok
dh_to_EncryptedPrivateKeyInfo_pem_free_object,006cab70,15,9,ok
dh_to_PrivateKeyInfo_der_free_object,006cab80,15,9,ok
dh_to_PrivateKeyInfo_pem_free_object,006cab90,15,9,ok
dh_to_SubjectPublicKeyInfo_der_free_object,006caba0,15,9,ok
dh_to_SubjectPublicKeyInfo_pem_free_object,006cabb0,15,9,ok
dh_to_DH_der_free_object,006cabc0,15,9,ok
dh_to_DH_pem_free_object,006cabd0,15,9,ok
dh_to_PKCS3_der_free_object,006cabe0,15,9,ok
dh_to_PKCS3_pem_free_object,006cabf0,15,9,ok
dhx_to_type_specific_params_pem_free_object,006cac00,15,9,ok
dhx_to_EncryptedPrivateKeyInfo_der_free_object,006cac10,15,9,ok
dhx_to_EncryptedPrivateKeyInfo_pem_free_object,006cac20,15,9,ok
dhx_to_PrivateKeyInfo_der_free_object,006cac30,15,9,ok
dhx_to_PrivateKeyInfo_pem_free_object,006cac40,15,9,ok
dhx_to_SubjectPublicKeyInfo_der_free_object,006cac50,15,9,ok
dhx_to_SubjectPublicKeyInfo_pem_free_object,006cac60,15,9,ok
dhx_to_DHX_der_free_object,006cac70,15,9,ok
dhx_to_DHX_pem_free_object,006cac80,15,9,ok
dhx_to_X9_42_der_free_object,006cac90,15,9,ok
dhx_to_X9_42_pem_free_object,006caca0,15,9,ok
ec_to_type_specific_no_pub_pem_free_object,006cacb0,15,9,ok
ec_to_EncryptedPrivateKeyInfo_der_free_object,006cacc0,15,9,ok
ec_to_EncryptedPrivateKeyInfo_pem_free_object,006cacd0,15,9,ok
ec_to_PrivateKeyInfo_der_free_object,006cace0,15,9,ok
ec_to_PrivateKeyInfo_pem_free_object,006cacf0,15,9,ok
ec_to_SubjectPublicKeyInfo_der_free_object,006cad00,15,9,ok
ec_to_SubjectPublicKeyInfo_pem_free_object,006cad10,15,9,ok
ec_to_EC_der_free_object,006cad20,15,9,ok
ec_to_EC_pem_free_object,006cad30,15,9,ok
ec_to_X9_62_der_free_object,006cad40,15,9,ok
ec_to_X9_62_pem_free_object,006cad50,15,9,ok
key_to_type_specific_pem_param_bio,006cad60,54,15,ok
ed25519_to_EncryptedPrivateKeyInfo_pem_import_object,006cada0,23,10,ok
ed25519_to_PrivateKeyInfo_der_import_object,006cadc0,23,10,ok
ed25519_to_PrivateKeyInfo_pem_import_object,006cade0,23,10,ok
ed25519_to_SubjectPublicKeyInfo_der_import_object,006cae00,23,10,ok
ed25519_to_SubjectPublicKeyInfo_pem_import_object,006cae20,23,10,ok
ed448_to_EncryptedPrivateKeyInfo_pem_import_object,006cae40,23,10,ok
ed448_to_PrivateKeyInfo_der_import_object,006cae60,23,10,ok
ed448_to_PrivateKeyInfo_pem_import_object,006cae80,23,10,ok
ed448_to_SubjectPublicKeyInfo_der_import_object,006caea0,23,10,ok
ed448_to_SubjectPublicKeyInfo_pem_import_object,006caec0,23,10,ok
x25519_to_EncryptedPrivateKeyInfo_pem_import_object,006caee0,23,10,ok
x25519_to_PrivateKeyInfo_der_import_object,006caf00,23,10,ok
x25519_to_PrivateKeyInfo_pem_import_object,006caf20,23,10,ok
x25519_to_SubjectPublicKeyInfo_der_import_object,006caf40,23,10,ok
x25519_to_SubjectPublicKeyInfo_pem_import_object,006caf60,23,10,ok
x448_to_EncryptedPrivateKeyInfo_pem_import_object,006caf80,23,10,ok
x448_to_PrivateKeyInfo_der_import_object,006cafa0,23,10,ok
x448_to_PrivateKeyInfo_pem_import_object,006cafc0,23,10,ok
x448_to_SubjectPublicKeyInfo_der_import_object,006cafe0,23,10,ok
x448_to_SubjectPublicKeyInfo_pem_import_object,006cb000,23,10,ok
slh_dsa_sha2_128s_to_EncryptedPrivateKeyInfo_pem_import_object,006cb020,23,10,ok
slh_dsa_sha2_128s_to_PrivateKeyInfo_der_import_object,006cb040,23,10,ok
slh_dsa_sha2_128s_to_PrivateKeyInfo_pem_import_object,006cb060,23,10,ok
slh_dsa_sha2_128s_to_SubjectPublicKeyInfo_der_import_object,006cb080,23,10,ok
slh_dsa_sha2_128s_to_SubjectPublicKeyInfo_pem_import_object,006cb0a0,23,10,ok
slh_dsa_sha2_128f_to_EncryptedPrivateKeyInfo_pem_import_object,006cb0c0,23,10,ok
slh_dsa_sha2_128f_to_PrivateKeyInfo_der_import_object,006cb0e0,23,10,ok
slh_dsa_sha2_128f_to_PrivateKeyInfo_pem_import_object,006cb100,23,10,ok
slh_dsa_sha2_128f_to_SubjectPublicKeyInfo_der_import_object,006cb120,23,10,ok
slh_dsa_sha2_128f_to_SubjectPublicKeyInfo_pem_import_object,006cb140,23,10,ok
slh_dsa_sha2_192s_to_EncryptedPrivateKeyInfo_pem_import_object,006cb160,23,10,ok
slh_dsa_sha2_192s_to_PrivateKeyInfo_der_import_object,006cb180,23,10,ok
slh_dsa_sha2_192s_to_PrivateKeyInfo_pem_import_object,006cb1a0,23,10,ok
slh_dsa_sha2_192s_to_SubjectPublicKeyInfo_der_import_object,006cb1c0,23,10,ok
slh_dsa_sha2_192s_to_SubjectPublicKeyInfo_pem_import_object,006cb1e0,23,10,ok
slh_dsa_sha2_192f_to_EncryptedPrivateKeyInfo_pem_import_object,006cb200,23,10,ok
slh_dsa_sha2_192f_to_PrivateKeyInfo_der_import_object,006cb220,23,10,ok
slh_dsa_sha2_192f_to_PrivateKeyInfo_pem_import_object,006cb240,23,10,ok
slh_dsa_sha2_192f_to_SubjectPublicKeyInfo_der_import_object,006cb260,23,10,ok
slh_dsa_sha2_192f_to_SubjectPublicKeyInfo_pem_import_object,006cb280,23,10,ok
slh_dsa_sha2_256s_to_EncryptedPrivateKeyInfo_pem_import_object,006cb2a0,23,10,ok
slh_dsa_sha2_256s_to_PrivateKeyInfo_der_import_object,006cb2c0,23,10,ok
slh_dsa_sha2_256s_to_PrivateKeyInfo_pem_import_object,006cb2e0,23,10,ok
slh_dsa_sha2_256s_to_SubjectPublicKeyInfo_der_import_object,006cb300,23,10,ok
slh_dsa_sha2_256s_to_SubjectPublicKeyInfo_pem_import_object,006cb320,23,10,ok
slh_dsa_sha2_256f_to_EncryptedPrivateKeyInfo_pem_import_object,006cb340,23,10,ok
slh_dsa_sha2_256f_to_PrivateKeyInfo_der_import_object,006cb360,23,10,ok
slh_dsa_sha2_256f_to_PrivateKeyInfo_pem_import_object,006cb380,23,10,ok
slh_dsa_sha2_256f_to_SubjectPublicKeyInfo_der_import_object,006cb3a0,23,10,ok
slh_dsa_sha2_256f_to_SubjectPublicKeyInfo_pem_import_object,006cb3c0,23,10,ok
slh_dsa_shake_128s_to_EncryptedPrivateKeyInfo_pem_import_object,006cb3e0,23,10,ok
slh_dsa_shake_128s_to_PrivateKeyInfo_der_import_object,006cb400,23,10,ok
slh_dsa_shake_128s_to_PrivateKeyInfo_pem_import_object,006cb420,23,10,ok
slh_dsa_shake_128s_to_SubjectPublicKeyInfo_der_import_object,006cb440,23,10,ok
slh_dsa_shake_128s_to_SubjectPublicKeyInfo_pem_import_object,006cb460,23,10,ok
slh_dsa_shake_128f_to_EncryptedPrivateKeyInfo_pem_import_object,006cb480,23,10,ok
slh_dsa_shake_128f_to_PrivateKeyInfo_der_import_object,006cb4a0,23,10,ok
slh_dsa_shake_128f_to_PrivateKeyInfo_pem_import_object,006cb4c0,23,10,ok
slh_dsa_shake_128f_to_SubjectPublicKeyInfo_der_import_object,006cb4e0,23,10,ok
slh_dsa_shake_128f_to_SubjectPublicKeyInfo_pem_import_object,006cb500,23,10,ok
slh_dsa_shake_192s_to_EncryptedPrivateKeyInfo_pem_import_object,006cb520,23,10,ok
slh_dsa_shake_192s_to_PrivateKeyInfo_der_import_object,006cb540,23,10,ok
slh_dsa_shake_192s_to_PrivateKeyInfo_pem_import_object,006cb560,23,10,ok
slh_dsa_shake_192s_to_SubjectPublicKeyInfo_der_import_object,006cb580,23,10,ok
slh_dsa_shake_192s_to_SubjectPublicKeyInfo_pem_import_object,006cb5a0,23,10,ok
slh_dsa_shake_192f_to_EncryptedPrivateKeyInfo_pem_import_object,006cb5c0,23,10,ok
slh_dsa_shake_192f_to_PrivateKeyInfo_der_import_object,006cb5e0,23,10,ok
slh_dsa_shake_192f_to_PrivateKeyInfo_pem_import_object,006cb600,23,10,ok
slh_dsa_shake_192f_to_SubjectPublicKeyInfo_der_import_object,006cb620,23,10,ok
slh_dsa_shake_192f_to_SubjectPublicKeyInfo_pem_import_object,006cb640,23,10,ok
slh_dsa_shake_256s_to_EncryptedPrivateKeyInfo_pem_import_object,006cb660,23,10,ok
slh_dsa_shake_256s_to_PrivateKeyInfo_der_import_object,006cb680,23,10,ok
slh_dsa_shake_256s_to_PrivateKeyInfo_pem_import_object,006cb6a0,23,10,ok
slh_dsa_shake_256s_to_SubjectPublicKeyInfo_der_import_object,006cb6c0,23,10,ok
slh_dsa_shake_256s_to_SubjectPublicKeyInfo_pem_import_object,006cb6e0,23,10,ok
slh_dsa_shake_256f_to_EncryptedPrivateKeyInfo_pem_import_object,006cb700,23,10,ok
slh_dsa_shake_256f_to_PrivateKeyInfo_der_import_object,006cb720,23,10,ok
slh_dsa_shake_256f_to_PrivateKeyInfo_pem_import_object,006cb740,23,10,ok
slh_dsa_shake_256f_to_SubjectPublicKeyInfo_der_import_object,006cb760,23,10,ok
slh_dsa_shake_256f_to_SubjectPublicKeyInfo_pem_import_object,006cb780,23,10,ok
ml_kem_512_to_EncryptedPrivateKeyInfo_pem_import_object,006cb7a0,23,10,ok
ml_kem_512_to_PrivateKeyInfo_der_import_object,006cb7c0,23,10,ok
ml_kem_512_to_PrivateKeyInfo_pem_import_object,006cb7e0,23,10,ok
ml_kem_512_to_SubjectPublicKeyInfo_der_import_object,006cb800,23,10,ok
ml_kem_512_to_SubjectPublicKeyInfo_pem_import_object,006cb820,23,10,ok
ml_kem_768_to_EncryptedPrivateKeyInfo_pem_import_object,006cb840,23,10,ok
ml_kem_768_to_PrivateKeyInfo_der_import_object,006cb860,23,10,ok
ml_kem_768_to_PrivateKeyInfo_pem_import_object,006cb880,23,10,ok
ml_kem_768_to_SubjectPublicKeyInfo_der_import_object,006cb8a0,23,10,ok
ml_kem_768_to_SubjectPublicKeyInfo_pem_import_object,006cb8c0,23,10,ok
ml_kem_1024_to_EncryptedPrivateKeyInfo_pem_import_object,006cb8e0,23,10,ok
ml_kem_1024_to_PrivateKeyInfo_der_import_object,006cb900,23,10,ok
ml_kem_1024_to_PrivateKeyInfo_pem_import_object,006cb920,23,10,ok
ml_kem_1024_to_SubjectPublicKeyInfo_der_import_object,006cb940,23,10,ok
ml_kem_1024_to_SubjectPublicKeyInfo_pem_import_object,006cb960,23,10,ok
ml_dsa_44_to_EncryptedPrivateKeyInfo_pem_import_object,006cb980,23,10,ok
ml_dsa_44_to_PrivateKeyInfo_der_import_object,006cb9a0,23,10,ok
ml_dsa_44_to_PrivateKeyInfo_pem_import_object,006cb9c0,23,10,ok
ml_dsa_44_to_SubjectPublicKeyInfo_der_import_object,006cb9e0,23,10,ok
ml_dsa_44_to_SubjectPublicKeyInfo_pem_import_object,006cba00,23,10,ok
ml_dsa_65_to_EncryptedPrivateKeyInfo_pem_import_object,006cba20,23,10,ok
ml_dsa_65_to_PrivateKeyInfo_der_import_object,006cba40,23,10,ok
ml_dsa_65_to_PrivateKeyInfo_pem_import_object,006cba60,23,10,ok
ml_dsa_65_to_SubjectPublicKeyInfo_der_import_object,006cba80,23,10,ok
ml_dsa_65_to_SubjectPublicKeyInfo_pem_import_object,006cbaa0,23,10,ok
ml_dsa_87_to_EncryptedPrivateKeyInfo_pem_import_object,006cbac0,23,10,ok
ml_dsa_87_to_PrivateKeyInfo_der_import_object,006cbae0,23,10,ok
ml_dsa_87_to_PrivateKeyInfo_pem_import_object,006cbb00,23,10,ok
ml_dsa_87_to_SubjectPublicKeyInfo_der_import_object,006cbb20,23,10,ok
ml_dsa_87_to_SubjectPublicKeyInfo_pem_import_object,006cbb40,23,10,ok
key2any_encode.constprop.2,006cbb60,310,42,ok
dh_to_PKCS3_der_encode,006cbcb0,120,20,ok
dhx_to_X9_42_der_encode,006cbd30,120,20,ok
dh_to_PKCS3_pem_encode,006cbdb0,120,20,ok
dhx_to_X9_42_pem_encode,006cbe30,120,20,ok
dh_to_EncryptedPrivateKeyInfo_der_encode,006cbeb0,125,20,ok
dh_to_EncryptedPrivateKeyInfo_pem_encode,006cbf40,125,20,ok
dh_to_PrivateKeyInfo_der_encode,006cbfd0,125,20,ok
dh_to_PrivateKeyInfo_pem_encode,006cc060,125,20,ok
dh_to_SubjectPublicKeyInfo_der_encode,006cc0f0,125,20,ok
dh_to_SubjectPublicKeyInfo_pem_encode,006cc180,125,20,ok
dhx_to_EncryptedPrivateKeyInfo_der_encode,006cc210,125,20,ok
dhx_to_EncryptedPrivateKeyInfo_pem_encode,006cc2a0,125,20,ok
dhx_to_PrivateKeyInfo_der_encode,006cc330,125,20,ok
dhx_to_PrivateKeyInfo_pem_encode,006cc3c0,125,20,ok
dhx_to_SubjectPublicKeyInfo_der_encode,006cc450,125,20,ok
dhx_to_SubjectPublicKeyInfo_pem_encode,006cc4e0,125,20,ok
rsapss_to_EncryptedPrivateKeyInfo_pem_import_object,006cc570,23,10,ok
rsapss_to_PrivateKeyInfo_der_import_object,006cc590,23,10,ok
rsapss_to_PrivateKeyInfo_pem_import_object,006cc5b0,23,10,ok
rsapss_to_SubjectPublicKeyInfo_der_import_object,006cc5d0,23,10,ok
rsapss_to_SubjectPublicKeyInfo_pem_import_object,006cc5f0,23,10,ok
rsapss_to_PKCS1_der_import_object,006cc610,23,9,ok
rsapss_to_PKCS1_pem_import_object,006cc630,23,9,ok
dsa_to_type_specific_pem_import_object,006cc650,23,10,ok
dsa_to_EncryptedPrivateKeyInfo_der_import_object,006cc670,23,10,ok
dsa_to_EncryptedPrivateKeyInfo_pem_import_object,006cc690,23,10,ok
dsa_to_PrivateKeyInfo_der_import_object,006cc6b0,23,10,ok
dsa_to_PrivateKeyInfo_pem_import_object,006cc6d0,23,10,ok
dsa_to_SubjectPublicKeyInfo_der_import_object,006cc6f0,23,10,ok
dsa_to_SubjectPublicKeyInfo_pem_import_object,006cc710,23,10,ok
dsa_to_DSA_der_import_object,006cc730,23,9,ok
dsa_to_DSA_pem_import_object,006cc750,23,9,ok
sm2_to_type_specific_no_pub_pem_import_object,006cc770,23,10,ok
sm2_to_EncryptedPrivateKeyInfo_der_import_object,006cc790,23,10,ok
sm2_to_EncryptedPrivateKeyInfo_pem_import_object,006cc7b0,23,10,ok
sm2_to_PrivateKeyInfo_der_import_object,006cc7d0,23,10,ok
sm2_to_PrivateKeyInfo_pem_import_object,006cc7f0,23,10,ok
sm2_to_SubjectPublicKeyInfo_der_import_object,006cc810,23,10,ok
sm2_to_SubjectPublicKeyInfo_pem_import_object,006cc830,23,10,ok
sm2_to_SM2_der_import_object,006cc850,23,9,ok
sm2_to_SM2_pem_import_object,006cc870,23,9,ok
rsa_to_type_specific_keypair_pem_import_object,006cc890,23,10,ok
rsa_to_EncryptedPrivateKeyInfo_der_import_object,006cc8b0,23,10,ok
rsa_to_EncryptedPrivateKeyInfo_pem_import_object,006cc8d0,23,10,ok
rsa_to_PrivateKeyInfo_der_import_object,006cc8f0,23,10,ok
rsa_to_PrivateKeyInfo_pem_import_object,006cc910,23,10,ok
rsa_to_SubjectPublicKeyInfo_der_import_object,006cc930,23,10,ok
rsa_to_SubjectPublicKeyInfo_pem_import_object,006cc950,23,10,ok
rsa_to_RSA_der_import_object,006cc970,23,9,ok
rsa_to_RSA_pem_import_object,006cc990,23,9,ok
rsa_to_PKCS1_der_import_object,006cc9b0,23,9,ok
rsa_to_PKCS1_pem_import_object,006cc9d0,23,9,ok
dh_to_type_specific_params_pem_import_object,006cc9f0,23,10,ok
dh_to_EncryptedPrivateKeyInfo_der_import_object,006cca10,23,10,ok
dh_to_EncryptedPrivateKeyInfo_pem_import_object,006cca30,23,10,ok
dh_to_PrivateKeyInfo_der_import_object,006cca50,23,10,ok
dh_to_PrivateKeyInfo_pem_import_object,006cca70,23,10,ok
dh_to_SubjectPublicKeyInfo_der_import_object,006cca90,23,10,ok
dh_to_SubjectPublicKeyInfo_pem_import_object,006ccab0,23,10,ok
dh_to_DH_der_import_object,006ccad0,23,9,ok
dh_to_DH_pem_import_object,006ccaf0,23,9,ok
dh_to_PKCS3_der_import_object,006ccb10,23,9,ok
dh_to_PKCS3_pem_import_object,006ccb30,23,9,ok
dhx_to_type_specific_params_pem_import_object,006ccb50,23,10,ok
dhx_to_EncryptedPrivateKeyInfo_der_import_object,006ccb70,23,10,ok
dhx_to_EncryptedPrivateKeyInfo_pem_import_object,006ccb90,23,10,ok
dhx_to_PrivateKeyInfo_der_import_object,006ccbb0,23,10,ok
dhx_to_PrivateKeyInfo_pem_import_object,006ccbd0,23,10,ok
dhx_to_SubjectPublicKeyInfo_der_import_object,006ccbf0,23,10,ok
dhx_to_SubjectPublicKeyInfo_pem_import_object,006ccc10,23,10,ok
dhx_to_DHX_der_import_object,006ccc30,23,9,ok
dhx_to_DHX_pem_import_object,006ccc50,23,9,ok
dhx_to_X9_42_der_import_object,006ccc70,23,9,ok
dhx_to_X9_42_pem_import_object,006ccc90,23,9,ok
ec_to_type_specific_no_pub_pem_import_object,006cccb0,23,10,ok
ec_to_EncryptedPrivateKeyInfo_der_import_object,006cccd0,23,10,ok
ec_to_EncryptedPrivateKeyInfo_pem_import_object,006cccf0,23,10,ok
ec_to_PrivateKeyInfo_der_import_object,006ccd10,23,10,ok
ec_to_PrivateKeyInfo_pem_import_object,006ccd30,23,10,ok
ec_to_SubjectPublicKeyInfo_der_import_object,006ccd50,23,10,ok
ec_to_SubjectPublicKeyInfo_pem_import_object,006ccd70,23,10,ok
ec_to_EC_der_import_object,006ccd90,23,9,ok
ec_to_EC_pem_import_object,006ccdb0,23,9,ok
ec_to_X9_62_der_import_object,006ccdd0,23,9,ok
ec_to_X9_62_pem_import_object,006ccdf0,23,9,ok
key2any_encode.constprop.1,006cce10,319,47,ok
rsa_to_type_specific_keypair_der_encode,006ccf60,178,26,ok
rsa_to_type_specific_keypair_pem_encode,006cd020,178,26,ok
rsa_to_EncryptedPrivateKeyInfo_der_encode,006cd0e0,121,20,ok
rsa_to_EncryptedPrivateKeyInfo_pem_encode,006cd170,121,20,ok
rsa_to_PrivateKeyInfo_der_encode,006cd200,121,20,ok
rsa_to_PrivateKeyInfo_pem_encode,006cd290,121,20,ok
rsa_to_SubjectPublicKeyInfo_der_encode,006cd320,121,20,ok
rsa_to_SubjectPublicKeyInfo_pem_encode,006cd3b0,121,20,ok
rsapss_to_EncryptedPrivateKeyInfo_der_encode,006cd440,121,20,ok
rsapss_to_EncryptedPrivateKeyInfo_pem_encode,006cd4d0,121,20,ok
rsapss_to_PrivateKeyInfo_der_encode,006cd560,121,20,ok
rsapss_to_PrivateKeyInfo_pem_encode,006cd5f0,121,20,ok
rsapss_to_SubjectPublicKeyInfo_der_encode,006cd680,121,20,ok
rsapss_to_SubjectPublicKeyInfo_pem_encode,006cd710,121,20,ok
rsa_to_RSA_der_encode,006cd7a0,178,26,ok
rsa_to_RSA_pem_encode,006cd860,178,26,ok
rsa_to_PKCS1_der_encode,006cd920,178,26,ok
rsa_to_PKCS1_pem_encode,006cd9e0,178,26,ok
rsapss_to_PKCS1_der_encode,006cdaa0,178,26,ok
rsapss_to_PKCS1_pem_encode,006cdb60,178,26,ok
dh_to_type_specific_params_der_encode,006cdc20,120,20,ok
dhx_to_type_specific_params_der_encode,006cdca0,120,20,ok
dh_to_type_specific_params_pem_encode,006cdd20,120,20,ok
dhx_to_type_specific_params_pem_encode,006cdda0,120,20,ok
dh_to_DH_der_encode,006cde20,120,20,ok
dh_to_DH_pem_encode,006cdea0,120,20,ok
dhx_to_DHX_der_encode,006cdf20,120,20,ok
dhx_to_DHX_pem_encode,006cdfa0,120,20,ok
dsa_to_type_specific_pem_does_selection,006ce020,40,17,ok
dsa_to_DSA_der_does_selection,006ce050,40,17,ok
dsa_to_DSA_pem_does_selection,006ce080,40,17,ok
key_to_spki_pem_pub_bio,006ce0b0,206,38,ok
key_to_pki_der_priv_bio,006ce190,237,44,ok
rsa_to_type_specific_keypair_pem_does_selection,006ce2a0,53,25,ok
rsa_to_RSA_der_does_selection,006ce2e0,53,25,ok
rsa_to_RSA_pem_does_selection,006ce320,53,25,ok
rsa_to_PKCS1_der_does_selection,006ce360,53,25,ok
rsa_to_PKCS1_pem_does_selection,006ce3a0,53,25,ok
rsapss_to_PKCS1_der_does_selection,006ce3e0,53,25,ok
sm2_to_type_specific_no_pub_der_does_selection,006ce420,53,25,ok
ec_to_type_specific_no_pub_pem_does_selection,006ce460,53,25,ok
sm2_to_type_specific_no_pub_pem_does_selection,006ce4a0,53,25,ok
ec_to_EC_der_does_selection,006ce4e0,53,25,ok
ec_to_EC_pem_does_selection,006ce520,53,25,ok
sm2_to_SM2_der_does_selection,006ce560,53,25,ok
sm2_to_SM2_pem_does_selection,006ce5a0,53,25,ok
ec_to_X9_62_der_does_selection,006ce5e0,53,25,ok
key_to_epki_pem_priv_bio,006ce620,287,57,ok
key_to_pki_pem_priv_bio,006ce760,237,44,ok
dhx_to_type_specific_params_der_does_selection,006ce870,53,25,ok
dh_to_type_specific_params_pem_does_selection,006ce8b0,53,25,ok
dhx_to_type_specific_params_pem_does_selection,006ce8f0,53,25,ok
dh_to_DH_der_does_selection,006ce930,53,25,ok
dh_to_DH_pem_does_selection,006ce970,53,25,ok
dhx_to_DHX_der_does_selection,006ce9b0,53,25,ok
dhx_to_DHX_pem_does_selection,006ce9f0,53,25,ok
dh_to_PKCS3_der_does_selection,006cea30,53,25,ok
dh_to_PKCS3_pem_does_selection,006cea70,53,25,ok
dhx_to_X9_42_der_does_selection,006ceab0,53,25,ok
rsa_to_EncryptedPrivateKeyInfo_pem_does_selection,006ceaf0,48,25,ok
rsa_to_PrivateKeyInfo_der_does_selection,006ceb30,48,25,ok
rsa_to_PrivateKeyInfo_pem_does_selection,006ceb70,48,25,ok
rsapss_to_EncryptedPrivateKeyInfo_der_does_selection,006cebb0,48,25,ok
rsapss_to_EncryptedPrivateKeyInfo_pem_does_selection,006cebf0,48,25,ok
rsapss_to_PrivateKeyInfo_der_does_selection,006cec30,48,25,ok
rsapss_to_PrivateKeyInfo_pem_does_selection,006cec70,48,25,ok
dh_to_EncryptedPrivateKeyInfo_der_does_selection,006cecb0,48,25,ok
dh_to_EncryptedPrivateKeyInfo_pem_does_selection,006cecf0,48,25,ok
dh_to_PrivateKeyInfo_der_does_selection,006ced30,48,25,ok
dh_to_PrivateKeyInfo_pem_does_selection,006ced70,48,25,ok
dhx_to_EncryptedPrivateKeyInfo_der_does_selection,006cedb0,48,25,ok
dhx_to_EncryptedPrivateKeyInfo_pem_does_selection,006cedf0,48,25,ok
dhx_to_PrivateKeyInfo_der_does_selection,006cee30,48,25,ok
dhx_to_PrivateKeyInfo_pem_does_selection,006cee70,48,25,ok
dsa_to_EncryptedPrivateKeyInfo_der_does_selection,006ceeb0,48,25,ok
dsa_to_EncryptedPrivateKeyInfo_pem_does_selection,006ceef0,48,25,ok
dsa_to_PrivateKeyInfo_der_does_selection,006cef30,48,25,ok
dsa_to_PrivateKeyInfo_pem_does_selection,006cef70,48,25,ok
ec_to_EncryptedPrivateKeyInfo_der_does_selection,006cefb0,48,25,ok
ec_to_EncryptedPrivateKeyInfo_pem_does_selection,006ceff0,48,25,ok
ec_to_PrivateKeyInfo_der_does_selection,006cf030,48,25,ok
ec_to_PrivateKeyInfo_pem_does_selection,006cf070,48,25,ok
sm2_to_EncryptedPrivateKeyInfo_der_does_selection,006cf0b0,48,25,ok
sm2_to_EncryptedPrivateKeyInfo_pem_does_selection,006cf0f0,48,25,ok
sm2_to_PrivateKeyInfo_der_does_selection,006cf130,48,25,ok
sm2_to_PrivateKeyInfo_pem_does_selection,006cf170,48,25,ok
ed25519_to_EncryptedPrivateKeyInfo_der_does_selection,006cf1b0,48,25,ok
ed25519_to_EncryptedPrivateKeyInfo_pem_does_selection,006cf1f0,48,25,ok
ed25519_to_PrivateKeyInfo_der_does_selection,006cf230,48,25,ok
ed25519_to_PrivateKeyInfo_pem_does_selection,006cf270,48,25,ok
ed448_to_EncryptedPrivateKeyInfo_der_does_selection,006cf2b0,48,25,ok
ed448_to_EncryptedPrivateKeyInfo_pem_does_selection,006cf2f0,48,25,ok
ed448_to_PrivateKeyInfo_der_does_selection,006cf330,48,25,ok
ed448_to_PrivateKeyInfo_pem_does_selection,006cf370,48,25,ok
x25519_to_EncryptedPrivateKeyInfo_der_does_selection,006cf3b0,48,25,ok
x25519_to_EncryptedPrivateKeyInfo_pem_does_selection,006cf3f0,48,25,ok
x25519_to_PrivateKeyInfo_der_does_selection,006cf430,48,25,ok
x25519_to_PrivateKeyInfo_pem_does_selection,006cf470,48,25,ok
x448_to_EncryptedPrivateKeyInfo_der_does_selection,006cf4b0,48,25,ok
x448_to_EncryptedPrivateKeyInfo_pem_does_selection,006cf4f0,48,25,ok
x448_to_PrivateKeyInfo_der_does_selection,006cf530,48,25,ok
x448_to_PrivateKeyInfo_pem_does_selection,006cf570,48,25,ok
slh_dsa_sha2_128s_to_EncryptedPrivateKeyInfo_der_does_selection,006cf5b0,48,26,ok
slh_dsa_sha2_128f_to_EncryptedPrivateKeyInfo_der_does_selection,006cf5f0,48,26,ok
slh_dsa_sha2_192s_to_EncryptedPrivateKeyInfo_der_does_selection,006cf630,48,26,ok
slh_dsa_sha2_192f_to_EncryptedPrivateKeyInfo_der_does_selection,006cf670,48,26,ok
slh_dsa_sha2_256s_to_EncryptedPrivateKeyInfo_der_does_selection,006cf6b0,48,26,ok
slh_dsa_sha2_256f_to_EncryptedPrivateKeyInfo_der_does_selection,006cf6f0,48,26,ok
slh_dsa_sha2_128s_to_EncryptedPrivateKeyInfo_pem_does_selection,006cf730,48,26,ok
slh_dsa_sha2_128f_to_EncryptedPrivateKeyInfo_pem_does_selection,006cf770,48,26,ok
slh_dsa_sha2_192s_to_EncryptedPrivateKeyInfo_pem_does_selection,006cf7b0,48,26,ok
slh_dsa_sha2_192f_to_EncryptedPrivateKeyInfo_pem_does_selection,006cf7f0,48,26,ok
slh_dsa_sha2_256s_to_EncryptedPrivateKeyInfo_pem_does_selection,006cf830,48,26,ok
slh_dsa_sha2_256f_to_EncryptedPrivateKeyInfo_pem_does_selection,006cf870,48,26,ok
slh_dsa_shake_128s_to_EncryptedPrivateKeyInfo_der_does_selection,006cf8b0,48,26,ok
slh_dsa_shake_128f_to_EncryptedPrivateKeyInfo_der_does_selection,006cf8f0,48,26,ok
slh_dsa_shake_192s_to_EncryptedPrivateKeyInfo_der_does_selection,006cf930,48,26,ok
slh_dsa_shake_192f_to_EncryptedPrivateKeyInfo_der_does_selection,006cf970,48,26,ok
slh_dsa_shake_256s_to_EncryptedPrivateKeyInfo_der_does_selection,006cf9b0,48,26,ok
slh_dsa_shake_256f_to_EncryptedPrivateKeyInfo_der_does_selection,006cf9f0,48,26,ok
slh_dsa_shake_128s_to_EncryptedPrivateKeyInfo_pem_does_selection,006cfa30,48,26,ok
slh_dsa_shake_128f_to_EncryptedPrivateKeyInfo_pem_does_selection,006cfa70,48,26,ok
slh_dsa_shake_192s_to_EncryptedPrivateKeyInfo_pem_does_selection,006cfab0,48,26,ok
slh_dsa_shake_192f_to_EncryptedPrivateKeyInfo_pem_does_selection,006cfaf0,48,26,ok
slh_dsa_shake_256s_to_EncryptedPrivateKeyInfo_pem_does_selection,006cfb30,48,26,ok
slh_dsa_shake_256f_to_EncryptedPrivateKeyInfo_pem_does_selection,006cfb70,48,26,ok
slh_dsa_sha2_128s_to_PrivateKeyInfo_der_does_selection,006cfbb0,48,25,ok
slh_dsa_sha2_128f_to_PrivateKeyInfo_der_does_selection,006cfbf0,48,25,ok
slh_dsa_sha2_192s_to_PrivateKeyInfo_der_does_selection,006cfc30,48,25,ok
slh_dsa_sha2_192f_to_PrivateKeyInfo_der_does_selection,006cfc70,48,25,ok
slh_dsa_sha2_256s_to_PrivateKeyInfo_der_does_selection,006cfcb0,48,25,ok
slh_dsa_sha2_256f_to_PrivateKeyInfo_der_does_selection,006cfcf0,48,25,ok
slh_dsa_sha2_128s_to_PrivateKeyInfo_pem_does_selection,006cfd30,48,25,ok
slh_dsa_sha2_128f_to_PrivateKeyInfo_pem_does_selection,006cfd70,48,25,ok
slh_dsa_sha2_192s_to_PrivateKeyInfo_pem_does_selection,006cfdb0,48,25,ok
slh_dsa_sha2_192f_to_PrivateKeyInfo_pem_does_selection,006cfdf0,48,25,ok
slh_dsa_sha2_256s_to_PrivateKeyInfo_pem_does_selection,006cfe30,48,25,ok
slh_dsa_sha2_256f_to_PrivateKeyInfo_pem_does_selection,006cfe70,48,25,ok
slh_dsa_shake_128s_to_PrivateKeyInfo_der_does_selection,006cfeb0,48,25,ok
slh_dsa_shake_128f_to_PrivateKeyInfo_der_does_selection,006cfef0,48,25,ok
slh_dsa_shake_192s_to_PrivateKeyInfo_der_does_selection,006cff30,48,25,ok
slh_dsa_shake_192f_to_PrivateKeyInfo_der_does_selection,006cff70,48,25,ok
slh_dsa_shake_256s_to_PrivateKeyInfo_der_does_selection,006cffb0,48,25,ok
slh_dsa_shake_256f_to_PrivateKeyInfo_der_does_selection,006cfff0,48,25,ok
slh_dsa_shake_128s_to_PrivateKeyInfo_pem_does_selection,006d0030,48,25,ok
slh_dsa_shake_128f_to_PrivateKeyInfo_pem_does_selection,006d0070,48,25,ok
slh_dsa_shake_192s_to_PrivateKeyInfo_pem_does_selection,006d00b0,48,25,ok
slh_dsa_shake_192f_to_PrivateKeyInfo_pem_does_selection,006d00f0,48,25,ok
slh_dsa_shake_256s_to_PrivateKeyInfo_pem_does_selection,006d0130,48,25,ok
slh_dsa_shake_256f_to_PrivateKeyInfo_pem_does_selection,006d0170,48,25,ok
ml_kem_512_to_EncryptedPrivateKeyInfo_der_does_selection,006d01b0,48,25,ok
ml_kem_512_to_EncryptedPrivateKeyInfo_pem_does_selection,006d01f0,48,25,ok
ml_kem_512_to_PrivateKeyInfo_der_does_selection,006d0230,48,25,ok
ml_kem_512_to_PrivateKeyInfo_pem_does_selection,006d0270,48,25,ok
ml_kem_768_to_EncryptedPrivateKeyInfo_der_does_selection,006d02b0,48,25,ok
ml_kem_768_to_EncryptedPrivateKeyInfo_pem_does_selection,006d02f0,48,25,ok
ml_kem_768_to_PrivateKeyInfo_der_does_selection,006d0330,48,25,ok
ml_kem_768_to_PrivateKeyInfo_pem_does_selection,006d0370,48,25,ok
ml_kem_1024_to_EncryptedPrivateKeyInfo_der_does_selection,006d03b0,48,25,ok
ml_kem_1024_to_EncryptedPrivateKeyInfo_pem_does_selection,006d03f0,48,25,ok
ml_kem_1024_to_PrivateKeyInfo_der_does_selection,006d0430,48,25,ok
ml_kem_1024_to_PrivateKeyInfo_pem_does_selection,006d0470,48,25,ok
ml_dsa_44_to_EncryptedPrivateKeyInfo_der_does_selection,006d04b0,48,25,ok
ml_dsa_44_to_EncryptedPrivateKeyInfo_pem_does_selection,006d04f0,48,25,ok
ml_dsa_44_to_PrivateKeyInfo_der_does_selection,006d0530,48,25,ok
ml_dsa_44_to_PrivateKeyInfo_pem_does_selection,006d0570,48,25,ok
ml_dsa_65_to_EncryptedPrivateKeyInfo_der_does_selection,006d05b0,48,25,ok
ml_dsa_65_to_EncryptedPrivateKeyInfo_pem_does_selection,006d05f0,48,25,ok
ml_dsa_65_to_PrivateKeyInfo_der_does_selection,006d0630,48,25,ok
ml_dsa_65_to_PrivateKeyInfo_pem_does_selection,006d0670,48,25,ok
ml_dsa_87_to_EncryptedPrivateKeyInfo_der_does_selection,006d06b0,48,25,ok
ml_dsa_87_to_EncryptedPrivateKeyInfo_pem_does_selection,006d06f0,48,25,ok
ml_dsa_87_to_PrivateKeyInfo_der_does_selection,006d0730,48,25,ok
rsa_to_SubjectPublicKeyInfo_pem_does_selection,006d0770,50,25,ok
rsapss_to_SubjectPublicKeyInfo_der_does_selection,006d07b0,50,25,ok
rsapss_to_SubjectPublicKeyInfo_pem_does_selection,006d07f0,50,25,ok
dh_to_SubjectPublicKeyInfo_der_does_selection,006d0830,50,25,ok
dh_to_SubjectPublicKeyInfo_pem_does_selection,006d0870,50,25,ok
dhx_to_SubjectPublicKeyInfo_der_does_selection,006d08b0,50,25,ok
dhx_to_SubjectPublicKeyInfo_pem_does_selection,006d08f0,50,25,ok
dsa_to_SubjectPublicKeyInfo_der_does_selection,006d0930,50,25,ok
dsa_to_SubjectPublicKeyInfo_pem_does_selection,006d0970,50,25,ok
ec_to_SubjectPublicKeyInfo_der_does_selection,006d09b0,50,25,ok
ec_to_SubjectPublicKeyInfo_pem_does_selection,006d09f0,50,25,ok
sm2_to_SubjectPublicKeyInfo_der_does_selection,006d0a30,50,25,ok
sm2_to_SubjectPublicKeyInfo_pem_does_selection,006d0a70,50,25,ok
ed25519_to_SubjectPublicKeyInfo_der_does_selection,006d0ab0,50,25,ok
ed25519_to_SubjectPublicKeyInfo_pem_does_selection,006d0af0,50,25,ok
ed448_to_SubjectPublicKeyInfo_der_does_selection,006d0b30,50,25,ok
ed448_to_SubjectPublicKeyInfo_pem_does_selection,006d0b70,50,25,ok
x25519_to_SubjectPublicKeyInfo_der_does_selection,006d0bb0,50,25,ok
x25519_to_SubjectPublicKeyInfo_pem_does_selection,006d0bf0,50,25,ok
x448_to_SubjectPublicKeyInfo_der_does_selection,006d0c30,50,25,ok
x448_to_SubjectPublicKeyInfo_pem_does_selection,006d0c70,50,25,ok
slh_dsa_sha2_128s_to_SubjectPublicKeyInfo_der_does_selection,006d0cb0,50,25,ok
slh_dsa_sha2_128f_to_SubjectPublicKeyInfo_der_does_selection,006d0cf0,50,25,ok
slh_dsa_sha2_192s_to_SubjectPublicKeyInfo_der_does_selection,006d0d30,50,25,ok
slh_dsa_sha2_192f_to_SubjectPublicKeyInfo_der_does_selection,006d0d70,50,25,ok
slh_dsa_sha2_256s_to_SubjectPublicKeyInfo_der_does_selection,006d0db0,50,25,ok
slh_dsa_sha2_256f_to_SubjectPublicKeyInfo_der_does_selection,006d0df0,50,25,ok
slh_dsa_sha2_128s_to_SubjectPublicKeyInfo_pem_does_selection,006d0e30,50,25,ok
slh_dsa_sha2_128f_to_SubjectPublicKeyInfo_pem_does_selection,006d0e70,50,25,ok
slh_dsa_sha2_192s_to_SubjectPublicKeyInfo_pem_does_selection,006d0eb0,50,25,ok
slh_dsa_sha2_192f_to_SubjectPublicKeyInfo_pem_does_selection,006d0ef0,50,25,ok
slh_dsa_sha2_256s_to_SubjectPublicKeyInfo_pem_does_selection,006d0f30,50,25,ok
slh_dsa_sha2_256f_to_SubjectPublicKeyInfo_pem_does_selection,006d0f70,50,25,ok
slh_dsa_shake_128s_to_SubjectPublicKeyInfo_der_does_selection,006d0fb0,50,25,ok
slh_dsa_shake_128f_to_SubjectPublicKeyInfo_der_does_selection,006d0ff0,50,25,ok
slh_dsa_shake_192s_to_SubjectPublicKeyInfo_der_does_selection,006d1030,50,25,ok
slh_dsa_shake_192f_to_SubjectPublicKeyInfo_der_does_selection,006d1070,50,25,ok
slh_dsa_shake_256s_to_SubjectPublicKeyInfo_der_does_selection,006d10b0,50,25,ok
slh_dsa_shake_256f_to_SubjectPublicKeyInfo_der_does_selection,006d10f0,50,25,ok
slh_dsa_shake_128s_to_SubjectPublicKeyInfo_pem_does_selection,006d1130,50,25,ok
slh_dsa_shake_128f_to_SubjectPublicKeyInfo_pem_does_selection,006d1170,50,25,ok
slh_dsa_shake_192s_to_SubjectPublicKeyInfo_pem_does_selection,006d11b0,50,25,ok
slh_dsa_shake_192f_to_SubjectPublicKeyInfo_pem_does_selection,006d11f0,50,25,ok
slh_dsa_shake_256s_to_SubjectPublicKeyInfo_pem_does_selection,006d1230,50,25,ok
slh_dsa_shake_256f_to_SubjectPublicKeyInfo_pem_does_selection,006d1270,50,25,ok
ml_kem_512_to_SubjectPublicKeyInfo_der_does_selection,006d12b0,50,25,ok
ml_kem_512_to_SubjectPublicKeyInfo_pem_does_selection,006d12f0,50,25,ok
ml_kem_768_to_SubjectPublicKeyInfo_der_does_selection,006d1330,50,25,ok
ml_kem_768_to_SubjectPublicKeyInfo_pem_does_selection,006d1370,50,25,ok
ml_kem_1024_to_SubjectPublicKeyInfo_der_does_selection,006d13b0,50,25,ok
ml_kem_1024_to_SubjectPublicKeyInfo_pem_does_selection,006d13f0,50,25,ok
ml_dsa_44_to_SubjectPublicKeyInfo_der_does_selection,006d1430,50,25,ok
ml_dsa_44_to_SubjectPublicKeyInfo_pem_does_selection,006d1470,50,25,ok
ml_dsa_65_to_SubjectPublicKeyInfo_der_does_selection,006d14b0,50,25,ok
ml_dsa_65_to_SubjectPublicKeyInfo_pem_does_selection,006d14f0,50,25,ok
ml_dsa_87_to_SubjectPublicKeyInfo_der_does_selection,006d1530,50,25,ok
ec_to_type_specific_no_pub_der_encode,006d1570,379,52,ok
sm2_to_type_specific_no_pub_der_encode,006d1710,379,52,ok
ec_to_type_specific_no_pub_pem_encode,006d18b0,310,41,ok
sm2_to_type_specific_no_pub_pem_encode,006d1a00,310,41,ok
ec_to_EC_der_encode,006d1b50,379,52,ok
ec_to_EC_pem_encode,006d1cf0,310,41,ok
sm2_to_SM2_der_encode,006d1e40,379,52,ok
sm2_to_SM2_pem_encode,006d1fe0,310,41,ok
ec_to_X9_62_der_encode,006d2130,379,52,ok
ec_to_X9_62_pem_encode,006d22d0,310,41,ok
dsa_to_EncryptedPrivateKeyInfo_der_encode,006d2420,408,69,ok
dsa_to_EncryptedPrivateKeyInfo_pem_encode,006d25d0,408,69,ok
dsa_to_PrivateKeyInfo_der_encode,006d2780,464,70,ok
dsa_to_PrivateKeyInfo_pem_encode,006d2970,464,70,ok
dsa_to_SubjectPublicKeyInfo_der_encode,006d2b60,516,70,ok
dsa_to_SubjectPublicKeyInfo_pem_encode,006d2d70,531,76,ok
ec_to_EncryptedPrivateKeyInfo_der_encode,006d2fa0,408,69,ok
ec_to_EncryptedPrivateKeyInfo_pem_encode,006d3150,408,69,ok
ec_to_PrivateKeyInfo_der_encode,006d3300,464,70,ok
ec_to_PrivateKeyInfo_pem_encode,006d34f0,464,70,ok
ec_to_SubjectPublicKeyInfo_der_encode,006d36e0,585,81,ok
ec_to_SubjectPublicKeyInfo_pem_encode,006d3940,595,87,ok
sm2_to_EncryptedPrivateKeyInfo_der_encode,006d3bb0,408,69,ok
sm2_to_EncryptedPrivateKeyInfo_pem_encode,006d3d60,408,69,ok
sm2_to_PrivateKeyInfo_der_encode,006d3f10,464,70,ok
sm2_to_PrivateKeyInfo_pem_encode,006d4100,464,70,ok
sm2_to_SubjectPublicKeyInfo_der_encode,006d42f0,585,81,ok
sm2_to_SubjectPublicKeyInfo_pem_encode,006d4550,595,87,ok
ed25519_to_EncryptedPrivateKeyInfo_der_encode,006d47c0,255,40,ok
ed25519_to_EncryptedPrivateKeyInfo_pem_encode,006d48d0,255,40,ok
ed25519_to_PrivateKeyInfo_der_encode,006d49e0,255,40,ok
ed25519_to_PrivateKeyInfo_pem_encode,006d4af0,255,40,ok
ed25519_to_SubjectPublicKeyInfo_der_encode,006d4c00,437,65,ok
ed25519_to_SubjectPublicKeyInfo_pem_encode,006d4dc0,424,67,ok
ed448_to_EncryptedPrivateKeyInfo_der_encode,006d4f80,255,40,ok
ed448_to_EncryptedPrivateKeyInfo_pem_encode,006d5090,255,40,ok
ed448_to_PrivateKeyInfo_der_encode,006d51a0,255,40,ok
ed448_to_PrivateKeyInfo_pem_encode,006d52b0,255,40,ok
ed448_to_SubjectPublicKeyInfo_der_encode,006d53c0,437,65,ok
ed448_to_SubjectPublicKeyInfo_pem_encode,006d5580,424,67,ok
x25519_to_EncryptedPrivateKeyInfo_der_encode,006d5740,255,40,ok
x25519_to_EncryptedPrivateKeyInfo_pem_encode,006d5850,255,40,ok
x25519_to_PrivateKeyInfo_der_encode,006d5960,255,40,ok
x25519_to_PrivateKeyInfo_pem_encode,006d5a70,255,40,ok
x25519_to_SubjectPublicKeyInfo_der_encode,006d5b80,437,65,ok
x25519_to_SubjectPublicKeyInfo_pem_encode,006d5d40,424,67,ok
x448_to_EncryptedPrivateKeyInfo_der_encode,006d5f00,255,40,ok
x448_to_EncryptedPrivateKeyInfo_pem_encode,006d6010,255,40,ok
x448_to_PrivateKeyInfo_der_encode,006d6120,255,40,ok
x448_to_PrivateKeyInfo_pem_encode,006d6230,255,40,ok
x448_to_SubjectPublicKeyInfo_der_encode,006d6340,437,65,ok
x448_to_SubjectPublicKeyInfo_pem_encode,006d6500,424,67,ok
slh_dsa_sha2_128s_to_EncryptedPrivateKeyInfo_der_encode,006d66c0,255,41,ok
slh_dsa_sha2_128f_to_EncryptedPrivateKeyInfo_der_encode,006d67d0,255,41,ok
slh_dsa_sha2_192s_to_EncryptedPrivateKeyInfo_der_encode,006d68e0,255,41,ok
slh_dsa_sha2_192f_to_EncryptedPrivateKeyInfo_der_encode,006d69f0,255,41,ok
slh_dsa_sha2_256s_to_EncryptedPrivateKeyInfo_der_encode,006d6b00,255,41,ok
slh_dsa_sha2_256f_to_EncryptedPrivateKeyInfo_der_encode,006d6c10,255,41,ok
slh_dsa_sha2_128s_to_EncryptedPrivateKeyInfo_pem_encode,006d6d20,255,41,ok
slh_dsa_sha2_128f_to_EncryptedPrivateKeyInfo_pem_encode,006d6e30,255,41,ok
slh_dsa_sha2_192s_to_EncryptedPrivateKeyInfo_pem_encode,006d6f40,255,41,ok
slh_dsa_sha2_192f_to_EncryptedPrivateKeyInfo_pem_encode,006d7050,255,41,ok
slh_dsa_sha2_256s_to_EncryptedPrivateKeyInfo_pem_encode,006d7160,255,41,ok
slh_dsa_sha2_256f_to_EncryptedPrivateKeyInfo_pem_encode,006d7270,255,41,ok
slh_dsa_shake_128s_to_EncryptedPrivateKeyInfo_der_encode,006d7380,255,41,ok
slh_dsa_shake_128f_to_EncryptedPrivateKeyInfo_der_encode,006d7490,255,41,ok
slh_dsa_shake_192s_to_EncryptedPrivateKeyInfo_der_encode,006d75a0,255,41,ok
slh_dsa_shake_192f_to_EncryptedPrivateKeyInfo_der_encode,006d76b0,255,41,ok
slh_dsa_shake_256s_to_EncryptedPrivateKeyInfo_der_encode,006d77c0,255,41,ok
slh_dsa_shake_256f_to_EncryptedPrivateKeyInfo_der_encode,006d78d0,255,41,ok
slh_dsa_shake_128s_to_EncryptedPrivateKeyInfo_pem_encode,006d79e0,255,41,ok
slh_dsa_shake_128f_to_EncryptedPrivateKeyInfo_pem_encode,006d7af0,255,41,ok
slh_dsa_shake_192s_to_EncryptedPrivateKeyInfo_pem_encode,006d7c00,255,41,ok
slh_dsa_shake_192f_to_EncryptedPrivateKeyInfo_pem_encode,006d7d10,255,41,ok
slh_dsa_shake_256s_to_EncryptedPrivateKeyInfo_pem_encode,006d7e20,255,41,ok
slh_dsa_shake_256f_to_EncryptedPrivateKeyInfo_pem_encode,006d7f30,255,41,ok
key2blob_newctx,006d8040,4,8,ok
key2blob_freectx,006d8050,1,8,ok
ec2blob_does_selection,006d8060,53,25,ok
ec2blob_free_object,006d80a0,15,9,ok
sm22blob_free_object,006d80b0,15,9,ok
ec2blob_import_object,006d80c0,20,9,ok
sm22blob_import_object,006d80e0,20,9,ok
ec2blob_encode,006d8100,212,30,ok
sm22blob_does_selection,006d81e0,53,25,ok
sm22blob_encode,006d8220,212,30,ok
key2pvk_settable_ctx_params,006d8300,8,8,ok
key2ms_does_selection,006d8310,9,8,ok
dsa2pvk_free_object,006d8320,15,9,ok
rsa2pvk_free_object,006d8330,15,9,ok
dsa2pvk_import_object,006d8340,20,9,ok
rsa2pvk_import_object,006d8360,20,9,ok
key2pvk_set_ctx_params,006d8380,221,35,ok
key2ms_freectx,006d8470,34,10,ok
key2ms_newctx,006d84a0,43,16,ok
key2pvk_encode.part.0,006d84d0,203,33,ok
dsa2pvk_encode,006d85a0,113,22,ok
rsa2pvk_encode,006d8620,113,22,ok
rsa2msblob_encode,006d86a0,212,45,ok
dsa2msblob_free_object,006d8790,15,9,ok
rsa2msblob_free_object,006d87a0,15,9,ok
dsa2msblob_import_object,006d87b0,20,9,ok
rsa2msblob_import_object,006d87d0,20,9,ok
dsa2msblob_encode,006d87f0,212,45,ok
key2text_newctx,006d88f0,4,8,ok
key2text_freectx,006d8900,1,8,ok
dh_to_text,006d8910,694,92,ok
dh2text_free_object,006d8bf0,15,9,ok
dhx2text_free_object,006d8c00,15,9,ok
dsa2text_free_object,006d8c10,15,9,ok
ec2text_free_object,006d8c20,15,9,ok
sm22text_free_object,006d8c30,15,9,ok
ed255192text_free_object,006d8c40,15,9,ok
ed4482text_free_object,006d8c50,15,9,ok
x255192text_free_object,006d8c60,15,9,ok
x4482text_free_object,006d8c70,15,9,ok
ml_kem_5122text_free_object,006d8c80,15,9,ok
ml_kem_7682text_free_object,006d8c90,15,9,ok
ml_kem_10242text_free_object,006d8ca0,15,9,ok
rsa2text_free_object,006d8cb0,15,9,ok
rsapss2text_free_object,006d8cc0,15,9,ok
ml_dsa_442text_free_object,006d8cd0,15,9,ok
ml_dsa_652text_free_object,006d8ce0,15,9,ok
ml_dsa_872text_free_object,006d8cf0,15,9,ok
slh_dsa_sha2_128s2text_free_object,006d8d00,15,9,ok
slh_dsa_sha2_128f2text_free_object,006d8d10,15,9,ok
slh_dsa_sha2_192s2text_free_object,006d8d20,15,9,ok
slh_dsa_sha2_192f2text_free_object,006d8d30,15,9,ok
slh_dsa_sha2_256s2text_free_object,006d8d40,15,9,ok
slh_dsa_sha2_256f2text_free_object,006d8d50,15,9,ok
slh_dsa_shake_128s2text_free_object,006d8d60,15,9,ok
slh_dsa_shake_128f2text_free_object,006d8d70,15,9,ok
slh_dsa_shake_192s2text_free_object,006d8d80,15,9,ok
slh_dsa_shake_192f2text_free_object,006d8d90,15,9,ok
slh_dsa_shake_256s2text_free_object,006d8da0,15,9,ok
slh_dsa_shake_256f2text_free_object,006d8db0,15,9,ok
dh2text_import_object,006d8dc0,20,9,ok
dhx2text_import_object,006d8de0,20,9,ok
dsa2text_import_object,006d8e00,20,9,ok
ec2text_import_object,006d8e20,20,9,ok
sm22text_import_object,006d8e40,20,9,ok
ed255192text_import_object,006d8e60,20,9,ok
ed4482text_import_object,006d8e80,20,9,ok
x255192text_import_object,006d8ea0,20,9,ok
x4482text_import_object,006d8ec0,20,9,ok
ml_kem_5122text_import_object,006d8ee0,20,9,ok
ml_kem_7682text_import_object,006d8f00,20,9,ok
ml_kem_10242text_import_object,006d8f20,20,9,ok
rsa2text_import_object,006d8f40,20,9,ok
rsapss2text_import_object,006d8f60,20,9,ok
ml_dsa_442text_import_object,006d8f80,20,9,ok
ml_dsa_652text_import_object,006d8fa0,20,9,ok
ml_dsa_872text_import_object,006d8fc0,20,9,ok
slh_dsa_sha2_128s2text_import_object,006d8fe0,20,9,ok
slh_dsa_sha2_128f2text_import_object,006d9000,20,9,ok
slh_dsa_sha2_192s2text_import_object,006d9020,20,9,ok
slh_dsa_sha2_192f2text_import_object,006d9040,20,9,ok
slh_dsa_sha2_256s2text_import_object,006d9060,20,9,ok
slh_dsa_sha2_256f2text_import_object,006d9080,20,9,ok
slh_dsa_shake_128s2text_import_object,006d90a0,20,9,ok
slh_dsa_shake_128f2text_import_object,006d90c0,20,9,ok
slh_dsa_shake_192s2text_import_object,006d90e0,20,9,ok
slh_dsa_shake_192f2text_import_object,006d9100,20,9,ok
slh_dsa_shake_256s2text_import_object,006d9120,20,9,ok
slh_dsa_shake_256f2text_import_object,006d9140,20,9,ok
ecx_to_text,006d9160,424,66,ok
ec_to_text,006d9320,1690,243,ok
rsa_to_text,006d99f0,1640,201,ok
ml_kem_7682text_encode,006da080,110,27,ok
rsa2text_encode,006da100,110,27,ok
ml_dsa_652text_encode,006da180,110,27,ok
slh_dsa_shake_256s2text_encode,006da200,110,27,ok
ml_kem_10242text_encode,006da280,110,27,ok
slh_dsa_shake_256f2text_encode,006da300,110,27,ok
ml_dsa_872text_encode,006da380,110,27,ok
ml_kem_5122text_encode,006da400,110,27,ok
ml_dsa_442text_encode,006da480,110,27,ok
slh_dsa_sha2_128s2text_encode,006da500,110,27,ok
slh_dsa_sha2_128f2text_encode,006da580,110,27,ok
slh_dsa_sha2_192s2text_encode,006da600,110,27,ok
slh_dsa_sha2_192f2text_encode,006da680,110,27,ok
slh_dsa_sha2_256s2text_encode,006da700,110,27,ok
slh_dsa_sha2_256f2text_encode,006da780,110,27,ok
slh_dsa_shake_128s2text_encode,006da800,110,27,ok
slh_dsa_shake_128f2text_encode,006da880,110,27,ok
slh_dsa_shake_192s2text_encode,006da900,110,27,ok
slh_dsa_shake_192f2text_encode,006da980,110,27,ok
rsapss2text_encode,006daa00,110,27,ok
x4482text_encode,006daa80,110,27,ok
sm22text_encode,006dab00,110,27,ok
dsa2text_encode,006dab80,713,111,ok
dhx2text_encode,006dae80,110,27,ok
dh2text_encode,006daf00,110,27,ok
ec2text_encode,006daf80,110,27,ok
ed255192text_encode,006db000,110,27,ok
ed4482text_encode,006db080,110,27,ok
x255192text_encode,006db100,110,27,ok
ossl_prov_get_keymgmt_new,006db180,2,15,ok
ossl_prov_get_keymgmt_free,006db1b0,2,15,ok
ossl_prov_get_keymgmt_import,006db1e0,2,15,ok
ossl_prov_get_keymgmt_export,006db210,2,15,ok
ossl_prov_import_key,006db240,201,67,ok
ossl_prov_free_key,006db330,42,27,ok
ossl_read_der,006db370,124,26,ok
ossl_ml_dsa_d2i_PUBKEY,006db400,283,47,ok
ossl_ml_dsa_d2i_PKCS8,006db530,1069,189,ok
ossl_ml_dsa_i2d_pubkey,006db980,138,31,ok
ossl_ml_dsa_i2d_prvkey,006dba10,1318,197,ok
ossl_ml_dsa_key_to_text,006dbf80,435,61,ok
ossl_ml_kem_d2i_PUBKEY,006dc160,283,47,ok
ossl_ml_kem_d2i_PKCS8,006dc290,1277,215,ok
ossl_ml_kem_i2d_pubkey,006dc7b0,255,41,ok
ossl_ml_kem_i2d_prvkey,006dc8c0,1190,173,ok
ossl_ml_kem_key_to_text,006dcda0,683,94,ok
dh_settable_ctx_params,006dd070,8,8,ok
dh_gettable_ctx_params,006dd080,8,8,ok
dh_get_ctx_params,006dd090,829,133,ok
dh_set_ctx_params,006dd400,1615,227,ok
dh_init,006dda70,86,22,ok
dh_freectx,006ddad0,103,15,ok
dh_set_peer,006ddb40,199,33,ok
dh_plain_derive,006ddc10,266,45,ok
dh_newctx,006ddd30,78,22,ok
dh_dupctx,006ddd80,360,101,ok
dh_derive,006ddef0,491,64,ok
ecdh_settable_ctx_params,006de100,8,8,ok
ecdh_gettable_ctx_params,006de110,8,8,ok
ecdh_get_ctx_params,006de120,841,138,ok
ecdh_set_ctx_params,006de490,1423,200,ok
ecdh_freectx,006dea40,86,14,ok
ecdh_init,006deaa0,104,26,ok
ecdh_set_peer,006deb10,284,44,ok
ecdh_newctx,006dec40,80,22,ok
ecdh_dupctx,006dec90,310,84,ok
ecdh_derive,006dedd0,1087,157,ok
ecdh_derive_skey,006df230,432,64,ok
ecx_gettable_ctx_params,006df3f0,8,8,ok
ecx_get_ctx_params,006df400,6,8,ok
ecx_dupctx,006df410,276,37,ok
ecx_freectx,006df530,43,11,ok
ecx_set_peer,006df560,130,22,ok
ecx_derive,006df5f0,79,16,ok
x448_init,006df650,130,22,ok
x448_newctx,006df6e0,56,19,ok
x25519_newctx,006df720,56,19,ok
x25519_init,006df760,130,22,ok
kdf_get_ctx_params,006df7f0,9,9,ok
kdf_set_ctx_params,006df800,9,9,ok
kdf_dupctx,006df810,183,38,ok
kdf_freectx,006df8e0,43,11,ok
kdf_scrypt_newctx,006df9d0,150,31,ok
kdf_init,006dfa70,73,20,ok
kdf_scrypt_gettable_ctx_params,006dfac0,80,18,ok
kdf_scrypt_settable_ctx_params,006dfb20,80,18,ok
kdf_tls1_prf_gettable_ctx_params,006dfb80,80,18,ok
kdf_hkdf_gettable_ctx_params,006dfbe0,80,18,ok
kdf_tls1_prf_settable_ctx_params,006dfc40,80,18,ok
kdf_hkdf_settable_ctx_params,006dfca0,80,18,ok
kdf_tls1_prf_newctx,006dfd00,150,31,ok
kdf_hkdf_newctx,006dfda0,150,31,ok
kdf_argon2_settable_ctx_params,006dfe40,8,8,ok
kdf_argon2_gettable_ctx_params,006dfe50,8,8,ok
kdf_argon2_get_ctx_params,006dfe60,211,35,ok
kdf_argon2_reset,006dff50,267,53,ok
kdf_argon2_free,006e0060,238,45,ok
fill_block,006e0160,2319,415,ok
kdf_argon2i_new,006e0a70,212,44,ok
kdf_argon2d_new,006e0b50,205,43,ok
kdf_argon2id_new,006e0c20,212,44,ok
blake2b.part.0.constprop.0,006e0d00,239,66,ok
blake2b_long.constprop.0.isra.0,006e0e00,616,171,ok
finalize,006e1070,2514,1479,ok
fill_first_blocks,006e1a50,356,76,ok
fill_segment,006e1be0,1378,216,ok
argon2_set_ctx_params,006e2190,3381,443,ok
kdf_argon2_set_ctx_params,006e2f10,19,11,ok
kdf_argon2_derive,006e2f30,1607,205,ok
kdf_hkdf_settable_ctx_params,006e35b0,8,8,ok
hkdf_gettable_ctx_params,006e35c0,8,8,ok
kdf_hkdf_fixed_digest_settable_ctx_params,006e35d0,8,8,ok
kdf_tls1_3_settable_ctx_params,006e35e0,8,8,ok
hkdf_common_get_ctx_params,006e35f0,1020,165,ok
hkdf_common_set_ctx_params,006e3a30,572,91,ok
kdf_hkdf_set_ctx_params,006e3c90,733,133,ok
kdf_hkdf_fixed_digest_set_ctx_params,006e3fb0,602,113,ok
kdf_tls1_3_set_ctx_params,006e4240,1155,190,ok
HKDF_Expand,006e4700,474,62,ok
kdf_hkdf_reset_ex,006e48f0,281,50,ok
kdf_hkdf_new,006e4a20,49,19,ok
prov_tls13_hkdf_expand,006e4a60,342,36,ok
kdf_tls1_3_derive,006e4bc0,765,115,ok
kdf_hkdf_free,006e4ee0,41,13,ok
kdf_hkdf_sha384_new,006e4f20,221,49,ok
kdf_hkdf_dup,006e5000,311,33,ok
kdf_hkdf_reset,006e5140,274,50,ok
kdf_hkdf_sha512_new,006e5260,221,49,ok
kdf_hkdf_sha256_new,006e5340,221,49,ok
kdf_hkdf_derive,006e5420,778,97,ok
hmac_drbg_kdf_gettable_ctx_params,006e5750,8,8,ok
hmac_drbg_kdf_settable_ctx_params,006e5760,8,8,ok
hmac_drbg_kdf_get_ctx_params,006e5770,409,74,ok
hmac_drbg_kdf_set_ctx_params,006e5930,879,133,ok
hmac_drbg_kdf_derive,006e5cd0,179,31,ok
hmac_drbg_kdf_reset,006e5d90,117,19,ok
hmac_drbg_kdf_new,006e5e10,115,22,ok
hmac_drbg_kdf_free,006e5e90,142,23,ok
hmac_drbg_kdf_dup,006e5f30,508,113,ok
kbkdf_settable_ctx_params,006e6140,8,8,ok
kbkdf_gettable_ctx_params,006e6150,8,8,ok
kbkdf_get_ctx_params,006e6160,235,51,ok
kbkdf_set_ctx_params,006e6260,2236,324,ok
kbkdf_new,006e6b80,71,22,ok
kbkdf_derive,006e6bd0,1838,234,ok
kbkdf_reset,006e7340,178,33,ok
kbkdf_dup,006e7400,296,52,ok
kbkdf_free,006e7530,203,37,ok
krb5kdf_settable_ctx_params,006e7620,8,8,ok
krb5kdf_gettable_ctx_params,006e7630,8,8,ok
krb5kdf_get_ctx_params,006e7640,247,43,ok
krb5kdf_reset,006e7750,107,18,ok
krb5kdf_new,006e77c0,49,19,ok
krb5kdf_set_ctx_params,006e7800,706,104,ok
krb5kdf_free,006e7af0,128,22,ok
krb5kdf_dup,006e7b80,265,34,ok
krb5kdf_derive,006e7c90,1929,221,ok
kdf_pbkdf2_settable_ctx_params,006e8440,8,8,ok
kdf_pbkdf2_gettable_ctx_params,006e8450,8,8,ok
kdf_pbkdf2_get_ctx_params,006e8460,235,51,ok
kdf_pbkdf2_dup,006e8560,277,37,ok
kdf_pbkdf2_new,006e8680,200,49,ok
kdf_pbkdf2_free,006e8750,118,21,ok
kdf_pbkdf2_reset,006e87d0,220,51,ok
kdf_pbkdf2_set_ctx_params,006e88c0,1393,197,ok
kdf_pbkdf2_derive,006e8e80,1375,235,ok
kdf_pkcs12_settable_ctx_params,006e9420,8,8,ok
kdf_pkcs12_gettable_ctx_params,006e9430,8,8,ok
kdf_pkcs12_get_ctx_params,006e9440,215,35,ok
kdf_pkcs12_new,006e9530,49,19,ok
kdf_pkcs12_reset,006e9570,107,19,ok
kdf_pkcs12_dup,006e95e0,277,38,ok
kdf_pkcs12_free,006e9700,118,21,ok
kdf_pkcs12_set_ctx_params,006e9780,1126,171,ok
kdf_pkcs12_derive,006e9c20,1485,173,ok
kdf_scrypt_settable_ctx_params,006ea200,8,8,ok
kdf_scrypt_gettable_ctx_params,006ea210,8,8,ok
kdf_scrypt_get_ctx_params,006ea220,215,35,ok
kdf_scrypt_reset,006ea310,101,21,ok
scryptBlockMix,006ea380,1301,170,ok
kdf_scrypt_new,006ea8a0,78,29,ok
kdf_scrypt_dup,006ea8f0,377,83,ok
kdf_scrypt_free,006eaa70,152,27,ok
kdf_scrypt_set_ctx_params,006eab20,1486,219,ok
kdf_scrypt_derive,006eb140,2962,1569,ok
kdf_snmpkdf_settable_ctx_params,006ebce0,8,8,ok
kdf_snmpkdf_gettable_ctx_params,006ebcf0,8,8,ok
kdf_snmpkdf_get_ctx_params,006ebd00,308,54,ok
kdf_snmpkdf_reset,006ebe50,107,18,ok
kdf_snmpkdf_new,006ebec0,49,19,ok
kdf_snmpkdf_set_ctx_params,006ebf00,718,96,ok
kdf_snmpkdf_derive,006ec200,755,93,ok
kdf_snmpkdf_free,006ec510,128,22,ok
kdf_snmpkdf_dup,006ec5a0,265,34,ok
kdf_srtpkdf_settable_ctx_params,006ec6b0,8,8,ok
kdf_srtpkdf_gettable_ctx_params,006ec6c0,8,8,ok
kdf_srtpkdf_get_ctx_params,006ec6d0,237,38,ok
kdf_srtpkdf_reset,006ec7d0,136,21,ok
kdf_srtpkdf_new,006ec860,49,19,ok
kdf_srtpkdf_free,006ec8a0,161,25,ok
kdf_srtpkdf_set_ctx_params,006ec950,1746,228,ok
kdf_srtpkdf_dup,006ed080,330,40,ok
kdf_srtpkdf_derive,006ed1e0,1541,222,ok
kdf_sshkdf_settable_ctx_params,006ed820,8,8,ok
kdf_sshkdf_gettable_ctx_params,006ed830,8,8,ok
kdf_sshkdf_get_ctx_params,006ed840,235,51,ok
kdf_sshkdf_reset,006ed940,140,21,ok
kdf_sshkdf_new,006ed9d0,49,19,ok
kdf_sshkdf_set_ctx_params,006eda10,1231,169,ok
kdf_sshkdf_derive,006edf30,957,112,ok
kdf_sshkdf_free,006ee320,165,25,ok
kdf_sshkdf_dup,006ee3d0,327,39,ok
sskdf_settable_ctx_params,006ee520,8,8,ok
sskdf_gettable_ctx_params,006ee530,8,8,ok
x963kdf_settable_ctx_params,006ee540,8,8,ok
x963kdf_gettable_ctx_params,006ee550,8,8,ok
SSKDF_hash_kdm,006ee560,653,78,ok
sskdf_reset,006ee800,159,29,ok
x963kdf_get_ctx_params,006ee8a0,360,71,ok
sskdf_common_set_ctx_params.isra.0,006eea30,219,43,ok
x963kdf_set_ctx_params,006eeb20,645,111,ok
x963kdf_derive,006eede0,290,40,ok
sskdf_set_ctx_params,006eef10,1082,172,ok
sskdf_derive,006ef390,1638,239,ok
sskdf_new,006efa20,49,19,ok
x963_new,006efa60,49,19,ok
sskdf_get_ctx_params,006efaa0,360,71,ok
sskdf_free,006efc30,184,33,ok
sskdf_dup,006efd00,395,64,ok
kdf_tls1_prf_settable_ctx_params,006efea0,8,8,ok
kdf_tls1_prf_gettable_ctx_params,006efeb0,8,8,ok
kdf_tls1_prf_get_ctx_params,006efec0,235,51,ok
kdf_tls1_prf_reset,006effc0,101,19,ok
kdf_tls1_prf_set_ctx_params,006f0030,1402,205,ok
tls1_prf_P_hash,006f05e0,652,107,ok
kdf_tls1_prf_derive,006f0890,835,125,ok
kdf_tls1_prf_new,006f0bf0,49,19,ok
kdf_tls1_prf_free,006f0c30,122,23,ok
kdf_tls1_prf_dup,006f0cc0,296,54,ok
x942kdf_settable_ctx_params,006f0e00,8,8,ok
x942kdf_gettable_ctx_params,006f0e10,8,8,ok
x942kdf_get_ctx_params,006f0e20,344,66,ok
x942kdf_new,006f0fa0,59,20,ok
der_encode_sharedinfo,006f0fe0,472,49,ok
x942kdf_reset,006f11d0,229,33,ok
x942kdf_free,006f12c0,36,13,ok
x942kdf_dup,006f12f0,349,37,ok
x942kdf_set_ctx_params,006f1450,2304,303,ok
x942kdf_derive,006f1da0,1660,176,ok
eckem_settable_ctx_params,006f2440,8,8,ok
eckey_check,006f2450,250,43,ok
eckem_set_ctx_params,006f2560,411,75,ok
eckem_freectx,006f2720,91,14,ok
generate_ecdhkm,006f2780,239,41,ok
eckem_newctx,006f2880,68,17,ok
eckem_auth_encapsulate_init,006f28d0,424,73,ok
derive_secret,006f2a80,724,102,ok
eckem_decapsulate,006f2d80,617,81,ok
dhkem_encap,006f3010,838,108,ok
eckem_encapsulate,006f3380,73,17,ok
eckem_decapsulate_init,006f33d0,176,42,ok
eckem_encapsulate_init,006f3490,173,42,ok
eckem_auth_decapsulate_init,006f3540,424,73,ok
ossl_ec_dhkem_derive_private,006f36f0,630,83,ok
ecxkem_settable_ctx_params,006f3990,8,8,ok
ecxkem_set_ctx_params,006f39a0,411,75,ok
ecxkem_auth_decapsulate_init,006f3b60,228,49,ok
ecxkem_freectx,006f3c50,91,14,ok
ecxkem_newctx,006f3cb0,68,17,ok
derive_secret,006f3d00,730,102,ok
ecxkem_encapsulate_init,006f4010,136,36,ok
ecxkem_decapsulate_init,006f40b0,143,36,ok
ecxkem_auth_encapsulate_init,006f4150,228,50,ok
ecxkem_decapsulate,006f4240,552,84,ok
ossl_ecx_dhkem_derive_private,006f44a0,363,50,ok
ecxkem_encapsulate,006f4610,920,116,ok
ossl_eckem_modename2id,006f49d0,37,14,ok
ml_kem_settable_ctx_params,006f4a00,8,8,ok
ml_kem_set_ctx_params,006f4a10,310,58,ok
ml_kem_freectx,006f4b60,44,12,ok
ml_kem_decapsulate,006f4b90,199,35,ok
ml_kem_encapsulate,006f4c70,596,81,ok
ml_kem_newctx,006f4ef0,58,16,ok
ml_kem_decapsulate_init,006f4f30,136,29,ok
ml_kem_encapsulate_init,006f4fc0,136,29,ok
mlx_kem_settable_ctx_params,006f5050,8,8,ok
mlx_kem_set_ctx_params,006f5060,6,8,ok
mlx_kem_freectx,006f5070,17,9,ok
mlx_kem_decapsulate,006f5090,900,117,ok
mlx_kem_decapsulate_init,006f5440,107,23,ok
mlx_kem_encapsulate_init,006f54c0,108,23,ok
mlx_kem_encapsulate,006f5540,1301,155,ok
mlx_kem_newctx,006f5a90,75,18,ok
rsakem_gettable_ctx_params,006f5ae0,8,8,ok
rsakem_settable_ctx_params,006f5af0,8,8,ok
rsakem_dupctx,006f5b00,139,32,ok
rsakem_freectx,006f5ba0,34,10,ok
rsakem_newctx,006f5bd0,78,22,ok
rsakem_get_ctx_params,006f5c20,51,22,ok
rsakem_recover,006f5c60,371,55,ok
rsakem_generate,006f5e00,586,77,ok
rsakem_set_ctx_params,006f6070,258,45,ok
rsakem_encapsulate_init,006f6190,131,24,ok
rsakem_decapsulate_init,006f6220,131,24,ok
dh_import_types,006f62b0,32,14,ok
dh_gettable_params,006f62d0,8,8,ok
dh_settable_params,006f62e0,8,8,ok
dh_gen_settable_params,006f62f0,8,8,ok
dhx_gen_settable_params,006f6300,8,8,ok
dhx_query_operation_name,006f6310,8,8,ok
dh_load,006f6320,55,17,ok
dh_dup,006f6360,45,16,ok
dh_export,006f6390,176,33,ok
dh_import,006f6450,93,19,ok
dh_gen_set_template,006f64c0,64,19,ok
dh_match,006f6510,307,57,ok
dh_has,006f6660,127,28,ok
dh_set_params,006f66f0,235,43,ok
dh_gen_set_params_decoder,006f67f0,938,147,ok
dh_get_params,006f6bf0,1960,360,ok
dh_freedata,006f73f0,5,29,ok
dh_gen,006f7400,735,128,ok
dh_gencb,006f7710,170,61,ok
dh_gen_common_set_params,006f77c0,313,58,ok
dhx_newdata_ex,006f7910,254,46,ok
dhx_gen_set_params,006f7a20,2014,291,ok
dh_gen_cleanup,006f8260,99,16,ok
dh_validate,006f82d0,313,62,ok
dh_export_types,006f8420,32,14,ok
dh_newdata_ex,006f8440,251,46,ok
dhx_gen_init,006f8550,214,43,ok
dh_gen_init,006f8630,214,43,ok
dh_newdata,006f8710,85,23,ok
dhx_newdata,006f8770,88,23,ok
dh_gen_set_params,006f87d0,382,72,ok
dsa_import_types,006f8960,32,14,ok
dsa_gettable_params,006f8980,8,8,ok
dsa_gen_settable_params,006f8990,8,8,ok
dsa_gen_gettable_params,006f89a0,8,8,ok
dsa_load,006f89b0,55,17,ok
dsa_dup,006f89f0,45,16,ok
dsa_gen_set_template,006f8a20,64,19,ok
dsa_import,006f8a70,93,19,ok
dsa_validate,006f8ae0,301,53,ok
dsa_match,006f8c30,307,57,ok
dsa_has,006f8d80,127,28,ok
dsa_get_params,006f8e10,1871,301,ok
dsa_freedata,006f95b0,5,28,ok
dsa_gen,006f95c0,499,71,ok
dsa_gencb,006f97d0,170,61,ok
dsa_gen_set_params,006f9880,1698,253,ok
dsa_newdata_ex,006f9f80,192,42,ok
dsa_gen_get_params,006fa060,51,22,ok
dsa_gen_init,006fa0a0,241,38,ok
dsa_export_types,006fa1a0,32,14,ok
dsa_newdata,006fa1c0,31,17,ok
dsa_gen_cleanup,006fa1f0,99,16,ok
dsa_export,006fa260,278,51,ok
ec_query_operation_name,006fa390,32,14,ok
sm2_query_operation_name,006fa3b0,20,14,ok
curve_sm2_query_operation_name,006fa3d0,20,14,ok
ec_import_types,006fa3f0,31,14,ok
ec_gettable_params,006fa410,8,8,ok
ec_settable_params,006fa420,8,8,ok
sm2_gettable_params,006fa430,8,8,ok
sm2_settable_params,006fa440,8,8,ok
ec_gen_settable_params,006fa450,8,8,ok
ec_gen_gettable_params,006fa460,8,8,ok
ec_gen_get_params,006fa470,9,8,ok
ec_dup,006fa480,45,16,ok
ec_has,006fa4b0,114,29,ok
ec_import,006fa530,189,34,ok
ec_validate,006fa600,344,70,ok
ec_match,006fa780,344,66,ok
ec_set_params,006fa8f0,219,46,ok
ec_freedata,006fa9f0,5,15,ok
ec_gen_set_group_from_params,006faa00,522,57,ok
ec_gen_set_params,006fac10,1197,197,ok
ec_gen_set_template,006fb0d0,143,24,ok
ec_newdata_ex,006fb170,218,48,ok
sm2_validate,006fb260,293,61,ok
sm2_newdata,006fb3b0,41,17,ok
common_get_params,006fb3e0,2013,269,ok
ec_get_params,006fbbd0,7,9,ok
sm2_get_params,006fbbe0,10,9,ok
ec_gen_cleanup.part.0,006fbbf0,224,23,ok
ec_gen_cleanup,006fbcd0,11,12,ok
ec_gen_init,006fbcf0,130,27,ok
sm2_gen,006fbd80,322,66,ok
sm2_load,006fbed0,89,24,ok
ec_load,006fbf40,89,24,ok
ec_gen,006fbfb0,473,95,ok
ec_newdata,006fc1b0,33,17,ok
ec_export_types,006fc1e0,31,14,ok
sm2_gen_init,006fc200,181,35,ok
sm2_import,006fc2c0,189,34,ok
ec_export,006fc390,986,118,ok
ecx_imexport_types,006fc780,20,14,ok
x25519_gettable_params,006fc7a0,8,8,ok
ed25519_gettable_params,006fc7b0,8,8,ok
ed25519_set_params,006fc7c0,6,8,ok
x25519_settable_params,006fc7d0,8,8,ok
ed25519_settable_params,006fc7e0,8,8,ok
ecx_gen_settable_params,006fc7f0,8,8,ok
ecx_load,006fc800,55,17,ok
ecx_has,006fc840,79,22,ok
ecx_dup,006fc8a0,45,16,ok
ecx_free_key,006fc8d0,5,23,ok
ecx_gen_set_params,006fc8e0,639,97,ok
ecx_set_params_decoder,006fcb90,258,49,ok
x25519_new_key,006fccb0,40,17,ok
x448_new_key,006fcce0,43,17,ok
ed25519_new_key,006fcd20,43,17,ok
ed448_new_key,006fcd60,43,17,ok
ecx_export,006fcda0,219,33,ok
ecx_import,006fce90,351,62,ok
ecx_match,006fd020,192,52,ok
ed448_settable_params,006fd0f0,8,8,ok
x448_settable_params,006fd100,8,8,ok
ed448_set_params,006fd110,6,8,ok
ed448_gettable_params,006fd120,8,8,ok
x448_gettable_params,006fd130,8,8,ok
ed25519_gen_init,006fd140,183,28,ok
ed25519_gen,006fd200,463,72,ok
x25519_set_params,006fd400,234,45,ok
x448_set_params,006fd500,234,45,ok
ecx_gen_cleanup,006fd600,82,15,ok
ecx_ed_common_get_params,006fd660,217,29,ok
ecx_get_params,006fd740,1107,163,ok
x25519_get_params,006fdbd0,21,9,ok
x448_get_params,006fdbf0,21,9,ok
ed_get_params,006fdc10,1048,158,ok
ed25519_get_params,006fe060,21,9,ok
ed448_get_params,006fe080,21,9,ok
ed448_gen_init,006fe0a0,183,28,ok
x25519_gen_init,006fe160,183,28,ok
x448_gen_init,006fe220,183,28,ok
x25519_validate,006fe2e0,185,44,ok
ed448_validate,006fe3b0,210,47,ok
x448_validate,006fe490,185,44,ok
ed25519_validate,006fe560,210,47,ok
x25519_gen,006fe640,463,72,ok
ed448_gen,006fe840,463,72,ok
x448_gen,006fea40,463,72,ok
kdf_has,006fec40,6,8,ok
kdf_freedata,006fec50,36,15,ok
kdf_newdata,006fec80,78,23,ok
ossl_kdf_data_new,006fecd0,78,23,ok
ossl_kdf_data_free,006fed20,36,15,ok
ossl_kdf_data_up_ref,006fed50,24,15,ok
mac_imexport_types,006fed80,20,14,ok
cmac_imexport_types,006feda0,20,14,ok
mac_gettable_params,006fedc0,8,8,ok
cmac_gettable_params,006fedd0,8,8,ok
mac_settable_params,006fede0,8,8,ok
mac_gen_settable_params,006fedf0,8,8,ok
cmac_gen_settable_params,006fee00,8,8,ok
mac_export,006fee10,234,42,ok
mac_key_fromdata,006fef10,344,59,ok
mac_import,006ff080,297,68,ok
mac_set_params,006ff1d0,222,41,ok
cmac_import,006ff2d0,419,84,ok
cmac_gen_set_params,006ff490,590,103,ok
mac_match,006ff710,164,59,ok
mac_has,006ff7c0,61,21,ok
cmac_gen_init,006ff810,168,29,ok
mac_gen_cleanup,006ff8c0,74,16,ok
mac_new,006ff920,68,24,ok
mac_new_cmac,006ff970,68,24,ok
mac_gen_set_params,006ff9c0,331,59,ok
mac_gen_init,006ffb20,168,29,ok
mac_free,006ffbd0,111,24,ok
mac_get_params,006ffc50,287,58,ok
cmac_get_params,006ffd80,399,79,ok
mac_gen,006fff40,513,72,ok
ossl_mac_key_new,00700160,71,22,ok
ossl_mac_key_free,007001b0,111,24,ok
ossl_mac_key_up_ref,00700230,24,15,ok
ml_dsa_imexport_types,00700250,20,14,ok
ml_dsa_gettable_params,00700270,8,8,ok
ml_dsa_gen_settable_params,00700280,8,8,ok
ml_dsa_dup_key,00700290,45,16,ok
ml_dsa_gen_set_params,007002c0,410,71,ok
ml_dsa_free_key,00700480,5,15,ok
ml_dsa_gen_init,00700490,120,24,ok
ml_dsa_get_params,00700510,1272,178,ok
ml_dsa_load,00700a40,265,56,ok
ml_dsa_export,00700b60,663,123,ok
ml_dsa_gen_cleanup,00700e10,74,14,ok
ml_dsa_import,00700e70,1389,200,ok
ml_dsa_match,00701410,57,16,ok
ml_dsa_has,00701450,68,19,ok
ml_dsa_validate,007014a0,81,25,ok
ml_dsa_44_new_key,00701500,211,43,ok
ml_dsa_65_new_key,007015e0,211,43,ok
ml_dsa_87_new_key,007016c0,211,43,ok
ossl_prov_ml_dsa_new,007017a0,216,43,ok
ml_dsa_87_gen,00701880,175,30,ok
ml_dsa_44_gen,00701940,175,30,ok
ml_dsa_65_gen,00701a00,175,30,ok
ml_kem_imexport_types,00701ac0,20,14,ok
ml_kem_gettable_params,00701ae0,8,8,ok
ml_kem_settable_params,00701af0,8,8,ok
ml_kem_gen_settable_params,00701b00,8,8,ok
ml_kem_export,00701b10,1307,188,ok
ml_kem_set_params,00702050,400,59,ok
check_prvenc,00702210,247,34,ok
ml_kem_pairwise_test,00702310,427,68,ok
ml_kem_dup,007024d0,45,16,ok
ml_kem_free_key,00702510,5,17,ok
ml_kem_gen_cleanup,00702520,80,16,ok
ml_kem_gen_set_params,00702580,486,81,ok
ml_kem_get_params,00702790,1940,295,ok
ml_kem_has,00702f60,83,22,ok
ml_kem_import,00702fd0,1494,229,ok
ml_kem_match,007035c0,51,15,ok
ml_kem_validate,00703600,109,27,ok
ml_kem_load,00703690,536,87,ok
ml_kem_1024_gen_init,007038d0,178,30,ok
ml_kem_512_gen_init,00703990,178,30,ok
ml_kem_768_gen_init,00703a50,178,30,ok
ml_kem_512_new,00703b10,270,45,ok
ml_kem_768_new,00703c30,270,45,ok
ml_kem_1024_new,00703d50,270,45,ok
ossl_prov_ml_kem_new,00703e70,275,45,ok
ml_kem_gen,00703fa0,185,38,ok
mlx_kem_imexport_types,00704060,20,14,ok
mlx_kem_gettable_params,00704080,8,8,ok
mlx_kem_settable_params,00704090,8,8,ok
mlx_kem_gen_settable_params,007040a0,8,8,ok
ml_kem_import_export_decoder,007040b0,243,50,ok
export_sub_cb,007041b0,328,49,ok
mlx_kem_gen_set_params,00704310,264,45,ok
mlx_kem_match,00704430,127,30,ok
mlx_kem_get_params,007044c0,1590,279,ok
mlx_kem_has,00704b30,82,22,ok
mlx_curve_sm2_kem_gen_init,00704ba0,176,28,ok
mlx_kem_gen,00704c60,362,55,ok
load_slot.constprop.0,00704de0,375,91,ok
mlx_kem_gen_cleanup,00704f60,61,13,ok
mlx_kem_key_free,00704fb0,79,15,ok
mlx_kem_export,00705010,726,114,ok
mlx_kem_set_params,00705310,676,109,ok
mlx_kem_dup,007055d0,389,62,ok
mlx_kem_import,00705770,1365,252,ok
mlx_p256_kem_gen_init,00705ce0,176,28,ok
mlx_p384_kem_gen_init,00705da0,176,28,ok
mlx_x25519_kem_gen_init,00705e60,176,28,ok
mlx_x448_kem_gen_init,00705f20,176,28,ok
mlx_curve_sm2_kem_new,00705fe0,155,32,ok
mlx_p256_kem_new,00706090,155,32,ok
mlx_p384_kem_new,00706140,155,32,ok
mlx_x25519_kem_new,007061f0,155,32,ok
mlx_x448_kem_new,007062a0,155,32,ok
rsa_import_types,00706350,20,14,ok
rsa_gettable_params,00706370,8,8,ok
rsa_gen_settable_params,00706380,8,8,ok
rsapss_gen_settable_params,00706390,8,8,ok
rsa_query_operation_name,007063a0,8,8,ok
rsa_dup,007063b0,50,16,ok
rsa_export,007063f0,199,34,ok
rsapss_load,007064d0,81,20,ok
rsa_validate,00706530,112,27,ok
rsa_has,007065c0,117,31,ok
rsa_get_params,00706650,658,111,ok
rsa_freedata,00706900,5,15,ok
rsa_gen,00706910,269,61,ok
rsa_gencb,00706a30,170,61,ok
rsapss_newdata_ex,00706ae0,234,45,ok
rsa_match,00706be0,226,42,ok
rsa_gen_cleanup,00706ce0,40,13,ok
rsa_export_types,00706d20,20,14,ok
rsa_load,00706d40,78,20,ok
rsa_import,00706da0,214,37,ok
rsa_gen_set_params,00706e80,474,72,ok
rsapss_gen_init,00707090,205,38,ok
rsa_newdata_ex,00707170,231,45,ok
rsa_newdata,00707270,74,22,ok
rsapss_newdata,007072c0,77,22,ok
rsa_gen_init,00707310,205,38,ok
slh_dsa_imexport_types,00707400,20,14,ok
slh_dsa_gettable_params,00707420,8,8,ok
slh_dsa_gen_settable_params,00707430,8,8,ok
slh_dsa_gen_set_params,00707440,423,75,ok
slh_dsa_load,00707610,55,17,ok
slh_dsa_shake_256f_gen,00707650,129,32,ok
slh_dsa_free_key,007076e0,5,18,ok
slh_dsa_gen_init,007076f0,126,25,ok
slh_dsa_get_params,00707770,1193,171,ok
slh_dsa_export,00707c60,304,51,ok
slh_dsa_import,00707da0,350,62,ok
slh_dsa_dup_key,00707f20,45,16,ok
slh_dsa_gen_cleanup,00707f50,74,14,ok
slh_dsa_shake_256s_new_key,00707fb0,48,18,ok
slh_dsa_match,00707ff0,57,16,ok
slh_dsa_has,00708030,68,19,ok
slh_dsa_validate,00708080,81,25,ok
slh_dsa_shake_256f_new_key,007080e0,48,18,ok
slh_dsa_sha2_128s_new_key,00708120,48,18,ok
slh_dsa_sha2_128f_new_key,00708160,48,18,ok
slh_dsa_sha2_192s_new_key,007081a0,48,18,ok
slh_dsa_sha2_192f_new_key,007081e0,48,18,ok
slh_dsa_sha2_256s_new_key,00708220,48,18,ok
slh_dsa_sha2_256f_new_key,00708260,48,18,ok
slh_dsa_shake_128s_new_key,007082a0,48,18,ok
slh_dsa_shake_128f_new_key,007082e0,48,18,ok
slh_dsa_shake_192s_new_key,00708320,48,18,ok
slh_dsa_shake_192f_new_key,00708360,48,18,ok
slh_dsa_sha2_128s_gen,007083a0,129,32,ok
slh_dsa_sha2_128f_gen,00708430,129,32,ok
slh_dsa_sha2_192s_gen,007084c0,129,32,ok
slh_dsa_sha2_192f_gen,00708550,129,32,ok
slh_dsa_sha2_256s_gen,007085e0,129,32,ok
slh_dsa_sha2_256f_gen,00708670,129,32,ok
slh_dsa_shake_128s_gen,00708700,129,32,ok
slh_dsa_shake_128f_gen,00708790,129,32,ok
slh_dsa_shake_192s_gen,00708820,129,32,ok
slh_dsa_shake_192f_gen,007088b0,129,32,ok
slh_dsa_shake_256s_gen,00708940,129,32,ok
blake2_gettable_ctx_params,007089d0,8,8,ok
blake2_mac_settable_ctx_params,007089e0,8,8,ok
blake2_get_ctx_params,007089f0,347,62,ok
blake2_mac_update,00708b70,16,14,ok
blake2_mac_dup,00708b90,60,29,ok
blake2_mac_new,00708bd0,59,19,ok
blake2_mac_set_ctx_params,00708c10,1116,168,ok
blake2_mac_final,00709090,57,17,ok
blake2_mac_free,007090d0,48,13,ok
blake2_mac_init,00709110,436,66,ok
blake2_gettable_ctx_params,007092e0,8,8,ok
blake2_mac_settable_ctx_params,007092f0,8,8,ok
blake2_get_ctx_params,00709300,347,62,ok
blake2_mac_update,00709480,16,14,ok
blake2_mac_dup,007094a0,184,106,ok
blake2_mac_new,00709560,59,19,ok
blake2_mac_set_ctx_params,007095a0,1116,168,ok
blake2_mac_final,00709a20,57,17,ok
blake2_mac_free,00709a60,48,13,ok
blake2_mac_init,00709aa0,436,66,ok
cmac_gettable_ctx_params,00709c70,8,8,ok
cmac_settable_ctx_params,00709c80,8,8,ok
cmac_set_ctx_params,00709c90,591,96,ok
cmac_update,00709f00,9,9,ok
cmac_new,00709f10,100,25,ok
cmac_final,00709f80,49,15,ok
cmac_init,00709fc0,152,25,ok
cmac_free,0070a060,49,14,ok
cmac_get_ctx_params,0070a0a0,419,81,ok
cmac_dup,0070a270,198,37,ok
gmac_gettable_params,0070a350,8,8,ok
gmac_settable_ctx_params,0070a360,8,8,ok
gmac_get_params,0070a370,211,32,ok
gmac_final,0070a450,211,38,ok
gmac_update,0070a530,141,27,ok
gmac_set_ctx_params,0070a5d0,879,138,ok
gmac_free,0070a970,49,14,ok
gmac_dup,0070a9b0,191,37,ok
gmac_init,0070aa80,192,29,ok
gmac_new,0070ab50,116,27,ok
hmac_gettable_ctx_params,0070abd0,8,8,ok
hmac_settable_ctx_params,0070abe0,8,8,ok
hmac_setkey,0070abf0,202,38,ok
hmac_set_ctx_params,0070acc0,601,89,ok
hmac_get_ctx_params,0070af50,381,72,ok
hmac_final,0070b0f0,122,33,ok
hmac_new,0070b170,100,25,ok
hmac_init,0070b1e0,116,22,ok
hmac_update,0070b260,193,41,ok
hmac_free,0070b340,83,16,ok
hmac_dup,0070b3a0,401,121,ok
kmac_gettable_ctx_params,0070b540,8,8,ok
kmac_settable_ctx_params,0070b550,8,8,ok
kmac_get_ctx_params,0070b560,362,65,ok
kmac_update,0070b6f0,9,9,ok
kmac_final,0070b700,150,33,ok
kmac_bytepad_encode_key.constprop.0,0070b7a0,154,24,ok
kmac_setkey,0070b840,189,28,ok
kmac_set_ctx_params,0070b910,781,117,ok
kmac_init,0070bc50,652,100,ok
kmac_free,0070bf00,78,16,ok
kmac_fetch_new,0070bf60,486,94,ok
kmac128_new,0070c160,12,9,ok
kmac256_new,0070c170,12,9,ok
kmac_dup,0070c180,310,52,ok
poly1305_gettable_params,0070c2d0,8,8,ok
poly1305_settable_ctx_params,0070c2e0,8,8,ok
poly1305_get_params,0070c2f0,211,32,ok
poly1305_final,0070c3d0,121,22,ok
poly1305_update,0070c450,41,13,ok
poly1305_free,0070c480,17,9,ok
poly1305_dup,0070c4a0,60,29,ok
poly1305_new,0070c4e0,49,20,ok
poly1305_set_ctx_params,0070c520,285,44,ok
poly1305_init,0070c650,177,25,ok
siphash_gettable_ctx_params,0070c710,8,8,ok
siphash_settable_ctx_params,0070c720,8,8,ok
siphash_get_ctx_params,0070c730,480,89,ok
siphash_final,0070c940,82,19,ok
siphash_update,0070c9a0,34,12,ok
siphash_free,0070c9d0,17,9,ok
siphash_dup,0070c9f0,131,84,ok
siphash_new,0070ca80,49,19,ok
siphash_set_params,0070cac0,740,127,ok
siphash_init,0070cde0,197,65,ok
get_parent_reseed_count,0070ceb0,312,51,ok
get_parent_strength,0070d000,363,66,ok
get_entropy,0070d180,392,60,ok
cleanup_entropy,0070d320,167,38,ok
ossl_drbg_lock,0070d3e0,6,8,ok
ossl_drbg_unlock,0070d3f0,1,8,ok
ossl_drbg_clear_seed,0070d400,23,9,ok
ossl_prov_drbg_nonce_ctx_new,0070d420,82,20,ok
ossl_prov_drbg_nonce_ctx_free,0070d480,39,13,ok
ossl_prov_drbg_instantiate,0070d4c0,1550,187,ok
ossl_prov_drbg_reseed_unlocked,0070daf0,915,122,ok
ossl_drbg_get_seed,0070dec0,981,141,ok
ossl_prov_drbg_uninstantiate,0070e2c0,16,9,ok
ossl_prov_drbg_reseed,0070e2d0,953,134,ok
ossl_prov_drbg_generate,0070e6d0,944,130,ok
ossl_drbg_enable_locking,0070eab0,164,31,ok
ossl_rand_drbg_new,0070eb70,582,132,ok
ossl_rand_drbg_free,0070edc0,39,13,ok
ossl_drbg_get_ctx_params,0070ee00,324,61,ok
ossl_drbg_get_ctx_params_no_lock,0070ef50,145,33,ok
ossl_drbg_set_ctx_params,0070eff0,78,20,ok
ossl_drbg_verify_digest,0070f040,83,17,ok
drbg_ctr_gettable_ctx_params,0070f0a0,8,8,ok
drbg_ctr_settable_ctx_params,0070f0b0,8,8,ok
drbg_ctr_verify_zeroization,0070f0c0,387,63,ok
drbg_ctr_get_ctx_params,0070f260,1757,387,ok
drbg_ctr_set_ctx_params_decoder,0070f960,678,103,ok
drbg_ctr_reseed_wrapper,0070fc30,5,134,ok
drbg_ctr_generate_wrapper,0070fc40,5,130,ok
drbg_ctr_uninstantiate,0070fc50,97,17,ok
drbg_ctr_free,0070fcc0,110,20,ok
drbg_ctr_new_wrapper,0070fd30,59,9,ok
drbg_ctr_set_ctx_params_locked,0070fd70,1407,209,ok
drbg_ctr_set_ctx_params,00710320,95,22,ok
drbg_ctr_instantiate_wrapper,00710390,151,31,ok
drbg_ctr_new,00710430,144,33,ok
drbg_ctr_uninstantiate_wrapper,007104c0,134,25,ok
ctr_BCC_update,00710550,804,173,ok
ctr_update,00710890,4357,770,ok
drbg_ctr_generate,007119a0,1862,198,ok
drbg_ctr_reseed,00712100,523,62,ok
drbg_ctr_instantiate,00712320,577,78,ok
drbg_hash_gettable_ctx_params,00712580,8,8,ok
drbg_hash_settable_ctx_params,00712590,8,8,ok
drbg_hash_verify_zeroization,007125a0,142,46,ok
drbg_hash_get_ctx_params,00712660,1558,357,ok
drbg_hash_set_ctx_params_decoder,00712cb0,621,94,ok
drbg_hash_reseed_wrapper,00712f40,5,134,ok
drbg_hash_generate_wrapper,00712f50,5,130,ok
drbg_hash_uninstantiate,00712f60,78,15,ok
drbg_hash_free,00712fb0,82,16,ok
drbg_hash_new_wrapper,00713010,59,9,ok
drbg_hash_new,00713050,114,21,ok
drbg_hash_set_ctx_params_locked,007130d0,383,62,ok
drbg_hash_set_ctx_params,00713270,95,22,ok
drbg_hash_instantiate_wrapper,007132e0,151,31,ok
add_hash_to_v,00713380,339,60,ok
hash_df.isra.0,007134f0,653,102,ok
drbg_hash_instantiate,007137a0,205,29,ok
drbg_hash_reseed,00713870,132,24,ok
drbg_hash_uninstantiate_wrapper,00713900,115,23,ok
drbg_hash_generate,00713980,770,135,ok
drbg_hmac_gettable_ctx_params,00713ca0,8,8,ok
drbg_hmac_settable_ctx_params,00713cb0,8,8,ok
do_hmac,00713cc0,356,36,ok
drbg_hmac_verify_zeroization,00713e30,116,40,ok
drbg_hmac_get_ctx_params,00713ec0,1559,357,ok
drbg_hmac_set_ctx_params_decoder,00714510,621,94,ok
drbg_hmac_reseed_wrapper,007147a0,5,134,ok
drbg_hmac_generate_wrapper,007147b0,5,130,ok
drbg_hmac_uninstantiate,007147c0,58,14,ok
drbg_hmac_free,00714800,83,16,ok
drbg_hmac_new_wrapper,00714860,59,9,ok
drbg_hmac_new,007148a0,103,20,ok
drbg_hmac_set_ctx_params_locked,00714910,549,84,ok
drbg_hmac_set_ctx_params,00714b50,95,22,ok
drbg_hmac_instantiate_wrapper,00714bc0,151,31,ok
drbg_hmac_uninstantiate_wrapper,00714c60,95,22,ok
drbg_hmac_reseed,00714cc0,377,39,ok
drbg_hmac_instantiate,00714e50,548,54,ok
ossl_drbg_hmac_init,00715090,544,51,ok
ossl_drbg_hmac_generate,007152d0,393,57,ok
drbg_hmac_generate,00715470,12,9,ok
seed_src_instantiate,00715480,13,9,ok
seed_src_uninstantiate,00715490,13,9,ok
seed_src_gettable_ctx_params,007154a0,8,8,ok
seed_src_verify_zeroization,007154b0,6,8,ok
seed_src_unlock,007154c0,1,8,ok
seed_clear_seed,007154d0,23,9,ok
seed_get_seed,007154f0,223,39,ok
seed_src_get_ctx_params,007155e0,503,73,ok
seed_src_generate,00715800,310,46,ok
seed_src_free,00715950,17,9,ok
seed_src_new,00715970,100,21,ok
seed_src_reseed,007159e0,76,20,ok
seed_src_lock,00715a40,6,8,ok
seed_src_enable_locking,00715a50,6,8,ok
test_rng_uninstantiate,00715a80,21,10,ok
test_rng_reseed,00715aa0,6,8,ok
test_rng_gettable_ctx_params,00715ab0,8,8,ok
test_rng_settable_ctx_params,00715ac0,8,8,ok
test_rng_verify_zeroization,00715ad0,6,8,ok
test_rng_get_seed,00715ae0,19,16,ok
test_rng_get_ctx_params,00715b00,607,90,ok
test_rng_set_ctx_params,00715d90,834,132,ok
test_rng_instantiate,00716100,66,20,ok
test_rng_unlock,00716150,20,12,ok
test_rng_lock,00716170,25,14,ok
test_rng_new,00716190,51,16,ok
test_rng_enable_locking,007161d0,108,20,ok
test_rng_nonce,00716250,157,40,ok
test_rng_generate,00716300,154,38,ok
test_rng_free,007163a0,87,15,ok
wait_random_seeded,00716410,473,96,ok
ossl_rand_pool_init,00716610,46,12,ok
ossl_rand_pool_cleanup,00716640,567,51,ok
ossl_rand_pool_keep_random_devices_open,00716890,28,14,ok
ossl_pool_acquire_entropy,007168b0,910,131,ok
ossl_pool_add_nonce_data,00716c80,120,32,ok
dsa_gettable_ctx_params,00716d00,8,8,ok
dsa_settable_ctx_params,00716d10,28,14,ok
dsa_sigalg_query_key_types,00716d30,8,8,ok
dsa_sigalg_settable_ctx_params,00716d40,24,14,ok
dsa_settable_ctx_md_params,00716d60,20,14,ok
dsa_set_ctx_md_params,00716d80,20,14,ok
dsa_gettable_ctx_md_params,00716da0,20,14,ok
dsa_get_ctx_md_params,00716dc0,20,14,ok
dsa_get_ctx_params,00716de0,467,81,ok
dsa_freectx,00716fe0,108,14,ok
dsa_sigalg_set_ctx_params,00717050,523,75,ok
dsa_sign_directly,00717280,221,44,ok
dsa_sign_message_final,00717370,145,22,ok
dsa_newctx,00717410,147,30,ok
dsa_verify_message_final,007174b0,187,47,ok
dsa_setup_md.isra.0,00717580,761,84,ok
dsa_set_ctx_params,007178a0,707,132,ok
dsa_signverify_message_update,00717b90,20,14,ok
dsa_digest_signverify_update,00717bb0,26,14,ok
dsa_digest_verify_final,00717bd0,174,58,ok
dsa_verify,00717ca0,311,77,ok
dsa_verify_init,00717df0,145,31,ok
dsa_sign_init,00717ea0,145,31,ok
dsa_digest_verify_init,00717f50,329,68,ok
dsa_dupctx,007180a0,366,73,ok
dsa_sha3_512_sign_message_init,00718220,290,67,ok
dsa_digest_sign_init,00718350,329,68,ok
dsa_digest_sign_final,007184a0,166,31,ok
dsa_sign,00718560,444,76,ok
dsa_sha3_512_sign_init,00718730,290,67,ok
dsa_sha1_verify_message_init,00718860,290,67,ok
dsa_sha1_verify_init,00718990,290,67,ok
dsa_sha1_sign_message_init,00718ac0,290,67,ok
dsa_sha1_sign_init,00718bf0,290,67,ok
dsa_sha224_verify_message_init,00718d20,290,67,ok
dsa_sha224_verify_init,00718e50,290,67,ok
dsa_sha224_sign_message_init,00718f80,290,67,ok
dsa_sha224_sign_init,007190b0,290,67,ok
dsa_sha256_verify_message_init,007191e0,290,67,ok
dsa_sha256_verify_init,00719310,290,67,ok
dsa_sha256_sign_message_init,00719440,290,67,ok
dsa_sha256_sign_init,00719570,290,67,ok
dsa_sha384_verify_message_init,007196a0,290,67,ok
dsa_sha384_verify_init,007197d0,290,67,ok
dsa_sha384_sign_message_init,00719900,290,67,ok
dsa_sha384_sign_init,00719a30,290,67,ok
dsa_sha512_verify_message_init,00719b60,290,67,ok
dsa_sha512_verify_init,00719c90,290,67,ok
dsa_sha512_sign_message_init,00719dc0,290,67,ok
dsa_sha512_sign_init,00719ef0,290,67,ok
dsa_sha3_224_verify_message_init,0071a020,290,67,ok
dsa_sha3_224_verify_init,0071a150,290,67,ok
dsa_sha3_224_sign_message_init,0071a280,290,67,ok
dsa_sha3_224_sign_init,0071a3b0,290,67,ok
dsa_sha3_256_verify_message_init,0071a4e0,290,67,ok
dsa_sha3_256_verify_init,0071a610,290,67,ok
dsa_sha3_256_sign_message_init,0071a740,290,67,ok
dsa_sha3_256_sign_init,0071a870,290,67,ok
dsa_sha3_384_verify_message_init,0071a9a0,290,67,ok
dsa_sha3_384_verify_init,0071aad0,290,67,ok
dsa_sha3_384_sign_message_init,0071ac00,290,67,ok
dsa_sha3_384_sign_init,0071ad30,290,67,ok
dsa_sha3_512_verify_message_init,0071ae60,290,67,ok
dsa_sha3_512_verify_init,0071af90,290,67,ok
ecdsa_gettable_ctx_params,0071b0c0,8,8,ok
ecdsa_settable_ctx_params,0071b0d0,8,8,ok
ecdsa_sigalg_query_key_types,0071b0e0,8,8,ok
ecdsa_sigalg_settable_ctx_params,0071b0f0,24,14,ok
ecdsa_settable_ctx_md_params,0071b110,20,14,ok
ecdsa_set_ctx_md_params,0071b130,20,14,ok
ecdsa_gettable_ctx_md_params,0071b150,20,14,ok
ecdsa_get_ctx_md_params,0071b170,20,14,ok
ecdsa_get_ctx_params,0071b190,670,106,ok
ecdsa_freectx,0071b460,132,16,ok
ecdsa_sigalg_set_ctx_params,0071b4f0,478,73,ok
ecdsa_sign_message_final,0071b6f0,364,57,ok
ecdsa_newctx,0071b880,147,31,ok
ecdsa_verify_message_final,0071b920,159,32,ok
ecdsa_digest_verify_final,0071b9d0,214,60,ok
ecdsa_setup_md.isra.0,0071bab0,793,91,ok
ecdsa_set_ctx_params,0071be00,886,165,ok
ecdsa_signverify_message_update,0071c1a0,20,14,ok
ecdsa_digest_signverify_update,0071c1c0,34,15,ok
ecdsa_verify,0071c1f0,290,66,ok
ecdsa_verify_init,0071c330,145,32,ok
ecdsa_sign_init,0071c3e0,145,32,ok
ecdsa_digest_verify_init,0071c490,329,69,ok
ecdsa_sha3_512_sign_message_init,0071c5e0,290,68,ok
ecdsa_digest_sign_init,0071c710,329,69,ok
ecdsa_dupctx,0071c860,442,87,ok
ecdsa_sign,0071ca20,406,65,ok
ecdsa_digest_sign_final,0071cbd0,402,68,ok
ecdsa_sha3_512_sign_init,0071cd90,290,68,ok
ecdsa_sha1_verify_message_init,0071cec0,290,68,ok
ecdsa_sha1_verify_init,0071cff0,290,68,ok
ecdsa_sha1_sign_message_init,0071d120,290,68,ok
ecdsa_sha1_sign_init,0071d250,290,68,ok
ecdsa_sha224_verify_message_init,0071d380,290,68,ok
ecdsa_sha224_verify_init,0071d4b0,290,68,ok
ecdsa_sha224_sign_message_init,0071d5e0,290,68,ok
ecdsa_sha224_sign_init,0071d710,290,68,ok
ecdsa_sha256_verify_message_init,0071d840,290,68,ok
ecdsa_sha256_verify_init,0071d970,290,68,ok
ecdsa_sha256_sign_message_init,0071daa0,290,68,ok
ecdsa_sha256_sign_init,0071dbd0,290,68,ok
ecdsa_sha384_verify_message_init,0071dd00,290,68,ok
ecdsa_sha384_verify_init,0071de30,290,68,ok
ecdsa_sha384_sign_message_init,0071df60,290,68,ok
ecdsa_sha384_sign_init,0071e090,290,68,ok
ecdsa_sha512_verify_message_init,0071e1c0,290,68,ok
ecdsa_sha512_verify_init,0071e2f0,290,68,ok
ecdsa_sha512_sign_message_init,0071e420,290,68,ok
ecdsa_sha512_sign_init,0071e550,290,68,ok
ecdsa_sha3_224_verify_message_init,0071e680,290,68,ok
ecdsa_sha3_224_verify_init,0071e7b0,290,68,ok
ecdsa_sha3_224_sign_message_init,0071e8e0,290,68,ok
ecdsa_sha3_224_sign_init,0071ea10,290,68,ok
ecdsa_sha3_256_verify_message_init,0071eb40,290,68,ok
ecdsa_sha3_256_verify_init,0071ec70,290,68,ok
ecdsa_sha3_256_sign_message_init,0071eda0,290,68,ok
ecdsa_sha3_256_sign_init,0071eed0,290,68,ok
ecdsa_sha3_384_verify_message_init,0071f000,290,68,ok
ecdsa_sha3_384_verify_init,0071f130,290,68,ok
ecdsa_sha3_384_sign_message_init,0071f260,290,68,ok
ecdsa_sha3_384_sign_init,0071f390,290,68,ok
ecdsa_sha3_512_verify_message_init,0071f4c0,290,68,ok
ecdsa_sha3_512_verify_init,0071f5f0,290,68,ok
ed25519_sigalg_query_key_types,0071f720,8,8,ok
ed448_sigalg_query_key_types,0071f730,8,8,ok
eddsa_gettable_ctx_params,0071f740,8,8,ok
eddsa_settable_ctx_params,0071f750,8,8,ok
eddsa_settable_variant_ctx_params,0071f760,8,8,ok
eddsa_set_ctx_params_internal,0071f770,637,95,ok
eddsa_set_ctx_params,0071fa00,312,67,ok
eddsa_set_variant_ctx_params,0071fb60,213,44,ok
eddsa_get_ctx_params,0071fc50,238,40,ok
ed25519_digest_signverify_init,0071fd50,654,89,ok
eddsa_freectx,00720000,34,10,ok
ed25519_verify,00720030,422,51,ok
ed25519_sign,00720200,640,78,ok
ed25519_newctx,007204a0,71,22,ok
ed448_sign,007204f0,665,87,ok
ed448_newctx,007207a0,71,22,ok
eddsa_dupctx,007207f0,192,45,ok
ed448_digest_verify,007208c0,445,65,ok
ed448_verify,00720aa0,445,64,ok
ed25519_digest_verify,00720c80,422,52,ok
ed448_digest_sign,00720e50,665,87,ok
ed25519_digest_sign,00721100,640,78,ok
ed448_signverify_init,007213a0,581,74,ok
ed448_signverify_message_init,00721600,581,74,ok
ed448ph_signverify_init,00721860,581,74,ok
ed448ph_signverify_message_init,00721ac0,581,74,ok
ed25519_signverify_init,00721d20,581,74,ok
ed25519_signverify_message_init,00721f80,581,74,ok
ed25519ph_signverify_init,007221e0,581,74,ok
ed25519ph_signverify_message_init,00722440,581,74,ok
ed25519ctx_signverify_message_init,007226a0,581,74,ok
ed448_digest_signverify_init,00722900,654,88,ok
mac_set_ctx_params,00722bb0,9,9,ok
mac_freectx,00722bc0,73,12,ok
mac_digest_sign_final,00722c10,82,17,ok
mac_digest_sign_update,00722c70,22,14,ok
mac_digest_sign_init,00722c90,235,54,ok
mac_cmac_newctx,00722d90,243,51,ok
mac_cmac_settable_ctx_params,00722ea0,80,18,ok
mac_hmac_settable_ctx_params,00722f00,80,18,ok
mac_siphash_settable_ctx_params,00722f60,80,18,ok
mac_poly1305_settable_ctx_params,00722fc0,80,18,ok
mac_dupctx,00723020,233,68,ok
mac_hmac_newctx,00723110,243,51,ok
mac_siphash_newctx,00723220,243,51,ok
mac_poly1305_newctx,00723330,243,51,ok
ml_dsa_settable_ctx_params,00723440,39,15,ok
ml_dsa_gettable_ctx_params,00723470,8,8,ok
ml_dsa_get_ctx_params,00723480,241,40,ok
ml_dsa_set_ctx_params,00723590,1133,167,ok
ml_dsa_freectx,00723a50,89,12,ok
ml_dsa_verify_msg_final,00723ab0,114,20,ok
ml_dsa_sign,00723b30,336,49,ok
ml_dsa_sign_msg_final,00723ca0,416,55,ok
ml_dsa_digest_verify,00723e70,93,17,ok
ml_dsa_signverify_msg_update,00723ed0,114,28,ok
ml_dsa_digest_signverify_init,00723f50,439,66,ok
ml_dsa_87_newctx,00724120,92,23,ok
ml_dsa_verify,00724180,93,16,ok
ml_dsa_44_newctx,007241e0,92,23,ok
ml_dsa_65_newctx,00724240,92,23,ok
ml_dsa_digest_sign,007242a0,336,49,ok
ml_dsa_verify_msg_init,00724410,345,51,ok
ml_dsa_sign_msg_init,00724570,345,51,ok
ml_dsa_dupctx,007246d0,229,38,ok
rsa_sigalg_query_key_types,00724800,8,8,ok
rsa_sigalg_settable_ctx_params,00724810,24,14,ok
rsa_settable_ctx_md_params,00724830,17,14,ok
rsa_set_ctx_md_params,00724850,17,14,ok
rsa_gettable_ctx_md_params,00724870,17,14,ok
rsa_get_ctx_md_params,00724890,17,14,ok
rsa_check_padding,007248b0,295,48,ok
rsa_setup_mgf1_md,007249f0,366,49,ok
rsa_sigalg_set_ctx_params,00724b80,276,40,ok
rsa_signverify_message_update,00724cb0,98,22,ok
rsa_setup_md.isra.0,00725690,645,82,ok
rsa_signverify_init.isra.0,00725930,904,126,ok
rsa_sign_init,00725ce0,21,9,ok
rsa_verify_init,00725d00,21,9,ok
rsa_verify_recover_init,00725d20,21,9,ok
rsa_digest_sign_init,00725d40,200,44,ok
rsa_sm3_verify_message_init,00725e20,230,51,ok
rsa_sm3_verify_recover_init,00725f10,230,51,ok
rsa_sm3_verify_init,00726000,230,51,ok
rsa_sm3_sign_message_init,007260f0,230,51,ok
rsa_sm3_sign_init,007261e0,230,51,ok
rsa_freectx.part.0,00726f80,183,26,ok
rsa_digest_verify_init,00727260,200,44,ok
rsa_digest_sign_update,00727340,102,24,ok
rsa_digest_verify_update,007273b0,102,24,ok
rsa_verify_recover,00727420,920,130,ok
rsa_verify_directly,007277f0,788,121,ok
rsa_verify_message_final,00727b30,168,32,ok
rsa_digest_verify_final,00727bf0,174,58,ok
rsa_ripemd160_verify_recover_init,00727cc0,230,51,ok
rsa_ripemd160_verify_message_init,00727db0,230,51,ok
rsa_ripemd160_verify_init,00727ea0,230,51,ok
rsa_ripemd160_sign_message_init,00727f90,230,51,ok
rsa_ripemd160_sign_init,00728080,230,51,ok
rsa_sha1_verify_recover_init,00728170,230,51,ok
rsa_sha1_verify_message_init,00728260,230,51,ok
rsa_sha1_verify_init,00728350,230,51,ok
rsa_sha1_sign_message_init,00728440,230,51,ok
rsa_sha1_sign_init,00728530,230,51,ok
rsa_sha224_verify_recover_init,00728620,230,51,ok
rsa_sha224_verify_message_init,00728710,230,51,ok
rsa_sha224_verify_init,00728800,230,51,ok
rsa_sha224_sign_message_init,007288f0,230,51,ok
rsa_sha224_sign_init,007289e0,230,51,ok
rsa_sha256_verify_recover_init,00728ad0,230,51,ok
rsa_sha256_verify_message_init,00728bc0,230,51,ok
rsa_sha256_verify_init,00728cb0,230,51,ok
rsa_sha256_sign_message_init,00728da0,230,51,ok
rsa_sha256_sign_init,00728e90,230,51,ok
rsa_sha384_verify_recover_init,00728f80,230,51,ok
rsa_sha384_verify_message_init,00729070,230,51,ok
rsa_sha384_verify_init,00729160,230,51,ok
rsa_sha384_sign_message_init,00729250,230,51,ok
rsa_sha384_sign_init,00729340,230,51,ok
rsa_sha512_verify_recover_init,00729430,230,51,ok
rsa_sha512_verify_message_init,00729520,230,51,ok
rsa_sha512_verify_init,00729610,230,51,ok
rsa_sha512_sign_message_init,00729700,230,51,ok
rsa_sha512_sign_init,007297f0,230,51,ok
rsa_sha512_224_verify_recover_init,007298e0,230,51,ok
rsa_sha512_224_verify_message_init,007299d0,230,51,ok
rsa_sha512_224_verify_init,00729ac0,230,51,ok
rsa_sha512_224_sign_message_init,00729bb0,230,51,ok
rsa_sha512_224_sign_init,00729ca0,230,51,ok
rsa_sha512_256_verify_recover_init,00729d90,230,51,ok
rsa_sha512_256_verify_message_init,00729e80,230,51,ok
rsa_sha512_256_verify_init,00729f70,230,51,ok
rsa_sha512_256_sign_message_init,0072a060,230,51,ok
rsa_sha512_256_sign_init,0072a150,230,51,ok
rsa_sha3_224_verify_recover_init,0072a240,230,51,ok
rsa_sha3_224_verify_message_init,0072a330,230,51,ok
rsa_sha3_224_verify_init,0072a420,230,51,ok
rsa_sha3_224_sign_message_init,0072a510,230,51,ok
rsa_sha3_224_sign_init,0072a600,230,51,ok
rsa_sha3_256_verify_recover_init,0072a6f0,230,51,ok
rsa_sha3_256_verify_message_init,0072a7e0,230,51,ok
rsa_sha3_256_verify_init,0072a8d0,230,51,ok
rsa_sha3_256_sign_message_init,0072a9c0,230,51,ok
rsa_sha3_256_sign_init,0072aab0,230,51,ok
rsa_sha3_384_verify_recover_init,0072aba0,230,51,ok
rsa_sha3_384_verify_message_init,0072ac90,230,51,ok
rsa_sha3_384_verify_init,0072ad80,230,51,ok
rsa_sha3_384_sign_message_init,0072ae70,230,51,ok
rsa_sha3_384_sign_init,0072af60,230,51,ok
rsa_sha3_512_verify_recover_init,0072b050,230,51,ok
rsa_sha3_512_verify_message_init,0072b140,230,51,ok
rsa_sha3_512_verify_init,0072b230,230,51,ok
rsa_sha3_512_sign_message_init,0072b320,230,51,ok
rsa_sha3_512_sign_init,0072b410,230,51,ok
rsa_verify,0072b500,402,80,ok
rsa_sign_directly,0072b6a0,1433,196,ok
rsa_sign_message_final,0072bc70,210,31,ok
rsa_digest_sign_final,0072bd50,235,39,ok
rsa_sign,0072be50,433,67,ok
slh_dsa_settable_ctx_params,0072c020,8,8,ok
slh_dsa_gettable_ctx_params,0072c030,8,8,ok
slh_dsa_get_ctx_params,0072c040,241,40,ok
slh_dsa_set_ctx_params,0072c150,683,107,ok
slh_dsa_freectx,0072c440,86,12,ok
slh_dsa_sign,0072c4a0,286,40,ok
slh_dsa_digest_verify,0072c5d0,80,18,ok
slh_dsa_digest_signverify_init,0072c620,449,69,ok
slh_dsa_verify,0072c800,80,17,ok
slh_dsa_digest_sign,0072c850,286,40,ok
slh_dsa_dupctx,0072c980,219,43,ok
slh_dsa_verify_msg_init,0072ca60,338,58,ok
slh_dsa_sign_msg_init,0072cbd0,338,58,ok
slh_dsa_shake_256s_newctx,0072cd40,235,35,ok
slh_dsa_shake_256f_newctx,0072ce30,235,35,ok
slh_dsa_sha2_128s_newctx,0072cf20,235,35,ok
slh_dsa_sha2_128f_newctx,0072d010,235,35,ok
slh_dsa_sha2_192s_newctx,0072d100,235,35,ok
slh_dsa_sha2_192f_newctx,0072d1f0,235,35,ok
slh_dsa_sha2_256s_newctx,0072d2e0,235,35,ok
slh_dsa_sha2_256f_newctx,0072d3d0,235,35,ok
slh_dsa_shake_128s_newctx,0072d4c0,235,35,ok
slh_dsa_shake_128f_newctx,0072d5b0,235,35,ok
slh_dsa_shake_192s_newctx,0072d6a0,235,35,ok
slh_dsa_shake_192f_newctx,0072d790,235,35,ok
sm2sig_gettable_ctx_params,0072d880,8,8,ok
sm2sig_settable_ctx_params,0072d890,8,8,ok
sm2sig_settable_ctx_md_params,0072d8a0,20,14,ok
sm2sig_set_ctx_md_params,0072d8c0,20,14,ok
sm2sig_gettable_ctx_md_params,0072d8e0,20,14,ok
sm2sig_get_ctx_md_params,0072d900,20,14,ok
sm2sig_set_mdname,0072d920,254,37,ok
sm2sig_set_ctx_params,0072da30,898,133,ok
sm2sig_get_ctx_params,0072ddd0,556,90,ok
sm2sig_freectx,0072e020,119,15,ok
sm2sig_sign,0072e0a0,140,30,ok
sm2sig_signature_init,0072e140,151,32,ok
sm2sig_newctx,0072e1f0,142,31,ok
sm2sig_digest_verify_final,0072e290,348,52,ok
sm2sig_verify,0072e3f0,45,16,ok
sm2sig_digest_signverify_init,0072e420,442,65,ok
sm2sig_dupctx,0072e600,414,93,ok
sm2sig_digest_signverify_update,0072e7b0,272,46,ok
sm2sig_digest_sign_final,0072e8d0,420,60,ok
aes_export,0072ea90,14,14,ok
aes_import,0072eab0,61,19,ok
generic_imp_settable_params,0072eb00,8,8,ok
generic_import,0072eb10,344,49,ok
generic_export,0072ec80,201,58,ok
generic_free,0072ed50,65,14,ok
file_settable_ctx_params,0072eda0,8,8,ok
file_load_construct,0072edb0,9,11,ok
file_load_cleanup,0072edc0,1,8,ok
file_eof,0072edd0,100,29,ok
file_set_ctx_params,0072ee40,884,131,ok
file_load,0072f1e0,1808,285,ok
file_attach,0072f920,125,26,ok
file_close,0072f9a0,173,27,ok
file_open,0072fa60,1011,138,ok
any2obj_settable_ctx_params,0072fe80,8,8,ok
any2obj_set_ctx_params,0072fe90,245,41,ok
any2obj_decode_final,0072ffa0,478,113,ok
raw2obj_decode,00730190,444,63,ok
any2obj_freectx,00730370,17,9,ok
any2obj_newctx,00730390,36,15,ok
pvk2obj_decode,007303c0,475,82,ok
msblob2obj_decode,007305b0,489,80,ok
der2obj_decode,007307b0,156,29,ok
tls1_md5_final_raw,00730860,104,24,ok
tls1_sha1_final_raw,007308d0,130,28,ok
tls1_sha256_final_raw,00730960,847,274,ok
tls1_sha512_final_raw,00730cc0,541,72,ok
ssl3_cbc_digest_record,00730ee0,4091,583,ok
blowfish_128_ecb_get_params,00731ef0,29,9,ok
blowfish_128_cbc_get_params,00731f10,32,9,ok
blowfish_128_ofb64_get_params,00731f30,32,9,ok
blowfish_128_cfb64_get_params,00731f50,32,9,ok
blowfish_dupctx,00731f70,60,29,ok
blowfish_freectx,00731fb0,35,10,ok
blowfish_128_ecb_newctx,00731fe0,106,21,ok
blowfish_128_cbc_newctx,00732050,109,21,ok
blowfish_128_ofb64_newctx,007320c0,109,21,ok
blowfish_128_cfb64_newctx,00732130,109,21,ok
cipher_hw_blowfish_cbc_cipher,007321a0,263,32,ok
cipher_hw_blowfish_initkey,007322b0,34,9,ok
cipher_hw_blowfish_ecb_cipher,007322e0,121,23,ok
cipher_hw_blowfish_ofb64_cipher,00732360,290,35,ok
cipher_hw_blowfish_cfb64_cipher,00732490,178,41,ok
ossl_prov_cipher_hw_blowfish_cbc,00732550,8,8,ok
ossl_prov_cipher_hw_blowfish_ecb,00732560,8,8,ok
ossl_prov_cipher_hw_blowfish_ofb64,00732570,8,8,ok
ossl_prov_cipher_hw_blowfish_cfb64,00732580,8,8,ok
cast5_128_ecb_get_params,00732590,29,9,ok
cast5_128_cbc_get_params,007325b0,32,9,ok
cast5_128_ofb64_get_params,007325d0,32,9,ok
cast5_128_cfb64_get_params,007325f0,32,9,ok
cast5_dupctx,00732610,60,29,ok
cast5_freectx,00732650,35,10,ok
cast5_128_ecb_newctx,00732680,106,21,ok
cast5_128_cbc_newctx,007326f0,109,21,ok
cast5_128_ofb64_newctx,00732760,109,21,ok
cast5_128_cfb64_newctx,007327d0,109,21,ok
cipher_hw_cast5_cbc_cipher,00732840,263,32,ok
cipher_hw_cast5_initkey,00732950,34,9,ok
cipher_hw_cast5_ecb_cipher,00732980,121,23,ok
cipher_hw_cast5_ofb64_cipher,00732a00,290,35,ok
cipher_hw_cast5_cfb64_cipher,00732b30,178,41,ok
ossl_prov_cipher_hw_cast5_cbc,00732bf0,8,8,ok
ossl_prov_cipher_hw_cast5_ecb,00732c00,8,8,ok
ossl_prov_cipher_hw_cast5_ofb64,00732c10,8,8,ok
ossl_prov_cipher_hw_cast5_cfb64,00732c20,8,8,ok
des_gettable_ctx_params,00732c30,8,8,ok
des_get_ctx_params,00732c40,152,30,ok
des_ecb_get_params,00732ce0,29,9,ok
des_cbc_get_params,00732d00,32,9,ok
des_ofb64_get_params,00732d20,32,9,ok
des_cfb64_get_params,00732d40,32,9,ok
des_freectx,00732d60,35,10,ok
des_dupctx,00732d90,76,19,ok
des_einit,00732de0,256,49,ok
des_cfb8_newctx,00732ef0,104,21,ok
des_cbc_newctx,00732f60,104,21,ok
des_ecb_newctx,00732fd0,101,21,ok
des_cfb1_get_params,00733040,32,9,ok
des_cfb8_get_params,00733060,32,9,ok
des_ofb64_newctx,00733080,104,21,ok
des_cfb64_newctx,007330f0,104,21,ok
des_cfb1_newctx,00733160,104,21,ok
des_dinit,007331d0,258,49,ok
cipher_hw_des_copyctx,007332e0,26,18,ok
cipher_hw_des_ecb_cipher,00733300,121,24,ok
cipher_hw_des_initkey,00733380,43,10,ok
cipher_hw_des_cbc_cipher,007333b0,304,39,ok
cipher_hw_des_ofb64_cipher,007334f0,290,35,ok
cipher_hw_des_cfb64_cipher,00733620,178,40,ok
cipher_hw_des_cfb1_cipher,007336e0,330,50,ok
cipher_hw_des_cfb8_cipher,00733830,270,38,ok
ossl_prov_cipher_hw_des_ecb,00733950,8,8,ok
ossl_prov_cipher_hw_des_cbc,00733960,8,8,ok
ossl_prov_cipher_hw_des_ofb64,00733970,8,8,ok
ossl_prov_cipher_hw_des_cfb64,00733980,8,8,ok
ossl_prov_cipher_hw_des_cfb1,00733990,8,8,ok
ossl_prov_cipher_hw_des_cfb8,007339a0,8,8,ok
tdes_desx_cbc_get_params,007339b0,32,9,ok
tdes_desx_cbc_newctx,007339d0,53,12,ok
cipher_hw_desx_copyctx,00733a10,26,18,ok
cipher_hw_desx_cbc,00733a30,340,41,ok
cipher_hw_desx_cbc_initkey,00733b90,61,11,ok
ossl_prov_cipher_hw_tdes_desx_cbc,00733bd0,8,8,ok
idea_128_ecb_get_params,00733be0,26,9,ok
idea_128_cbc_get_params,00733c00,29,9,ok
idea_128_ofb64_get_params,00733c20,29,9,ok
idea_128_cfb64_get_params,00733c40,29,9,ok
idea_dupctx,00733c60,60,29,ok
idea_freectx,00733ca0,35,10,ok
idea_128_ecb_newctx,00733cd0,103,21,ok
idea_128_cbc_newctx,00733d40,106,21,ok
idea_128_ofb64_newctx,00733db0,106,21,ok
idea_128_cfb64_newctx,00733e20,106,21,ok
cipher_hw_idea_cbc_cipher,00733e90,263,32,ok
cipher_hw_idea_initkey,00733fa0,109,17,ok
cipher_hw_idea_ofb64_cipher,00734010,290,33,ok
cipher_hw_idea_cfb64_cipher,00734140,178,40,ok
cipher_hw_idea_ecb_cipher,00734200,93,23,ok
ossl_prov_cipher_hw_idea_cbc,00734260,8,8,ok
ossl_prov_cipher_hw_idea_ofb64,00734270,8,8,ok
ossl_prov_cipher_hw_idea_cfb64,00734280,8,8,ok
ossl_prov_cipher_hw_idea_ecb,00734290,8,8,ok
rc2_gettable_ctx_params,007342a0,8,8,ok
rc2_settable_ctx_params,007342b0,8,8,ok
rc2_set_ctx_params,007342c0,538,76,ok
rc2_get_ctx_params,00734500,796,143,ok
rc2_128_ecb_get_params,00734860,29,9,ok
rc2_128_cbc_get_params,00734880,32,9,ok
rc2_40_cbc_get_params,007348a0,32,9,ok
rc2_64_cbc_get_params,007348c0,32,9,ok
rc2_128_ofb128_get_params,007348e0,32,9,ok
rc2_128_cfb128_get_params,00734900,32,9,ok
rc2_dupctx,00734920,60,29,ok
rc2_freectx,00734960,35,10,ok
rc2_128_ecb_newctx,00734990,105,22,ok
rc2_128_cbc_newctx,00734a00,108,22,ok
rc2_40_cbc_newctx,00734a70,108,22,ok
rc2_64_cbc_newctx,00734ae0,108,22,ok
rc2_128_ofb128_newctx,00734b50,108,22,ok
rc2_128_cfb128_newctx,00734bc0,108,22,ok
rc2_einit,00734c30,546,81,ok
rc2_dinit,00734e60,546,81,ok
cipher_hw_rc2_cbc_cipher,00735090,263,32,ok
cipher_hw_rc2_initkey,007351a0,41,10,ok
cipher_hw_rc2_ecb_cipher,007351d0,121,23,ok
cipher_hw_rc2_ofb64_cipher,00735250,290,35,ok
cipher_hw_rc2_cfb64_cipher,00735380,178,40,ok
ossl_prov_cipher_hw_rc2_cbc,00735440,8,8,ok
ossl_prov_cipher_hw_rc2_ecb,00735450,8,8,ok
ossl_prov_cipher_hw_rc2_ofb64,00735460,8,8,ok
ossl_prov_cipher_hw_rc2_cfb64,00735470,8,8,ok
rc4_40_get_params,00735480,26,9,ok
rc4_128_get_params,007354a0,26,9,ok
rc4_dinit,007354c0,50,17,ok
rc4_einit,00735500,50,17,ok
rc4_dupctx,00735540,60,29,ok
rc4_freectx,00735580,35,10,ok
rc4_40_newctx,007355b0,91,21,ok
rc4_128_newctx,00735610,91,21,ok
rc4_hmac_md5_gettable_ctx_params,00735670,8,8,ok
rc4_hmac_md5_settable_ctx_params,00735680,8,8,ok
rc4_hmac_md5_set_ctx_params,00735690,1089,164,ok
rc4_hmac_md5_get_ctx_params,00735af0,526,92,ok
rc4_hmac_md5_get_params,00735d20,26,9,ok
rc4_hmac_md5_dinit,00735d40,50,17,ok
rc4_hmac_md5_einit,00735d80,50,17,ok
rc4_hmac_md5_dupctx,00735dc0,30,15,ok
rc4_hmac_md5_freectx,00735df0,35,10,ok
rc4_hmac_md5_newctx,00735e20,91,21,ok
cipher_hw_rc4_hmac_md5_init_mackey,00735e80,341,60,ok
cipher_hw_rc4_hmac_md5_cipher,00735fe0,1262,191,ok
cipher_hw_rc4_hmac_md5_initkey,007364f0,198,60,ok
cipher_hw_rc4_hmac_md5_tls_init,007365c0,156,55,ok
ossl_prov_cipher_hw_rc4_hmac_md5,00736670,8,8,ok
cipher_hw_rc4_cipher,00736680,35,9,ok
cipher_hw_rc4_initkey,007366b0,34,9,ok
ossl_prov_cipher_hw_rc4,007366e0,8,8,ok
seed_128_ecb_get_params,007366f0,26,9,ok
seed_128_cbc_get_params,00736710,29,9,ok
seed_128_ofb128_get_params,00736730,29,9,ok
seed_128_cfb128_get_params,00736750,29,9,ok
seed_dupctx,00736770,60,29,ok
seed_freectx,007367b0,35,10,ok
seed_128_ecb_newctx,007367e0,103,21,ok
seed_128_cbc_newctx,00736850,106,21,ok
seed_128_ofb128_newctx,007368c0,106,21,ok
seed_128_cfb128_newctx,00736930,106,21,ok
cipher_hw_seed_cbc_cipher,007369a0,263,32,ok
cipher_hw_seed_initkey,00736ab0,32,9,ok
cipher_hw_seed_ecb_cipher,00736ad0,121,24,ok
cipher_hw_seed_ofb128_cipher,00736b50,290,35,ok
cipher_hw_seed_cfb128_cipher,00736c80,178,41,ok
ossl_prov_cipher_hw_seed_cbc,00736d40,8,8,ok
ossl_prov_cipher_hw_seed_ecb,00736d50,8,8,ok
ossl_prov_cipher_hw_seed_ofb128,00736d60,8,8,ok
ossl_prov_cipher_hw_seed_cfb128,00736d70,8,8,ok
md4_copyctx,00736d80,53,54,ok
md4_internal_init,00736dc0,33,16,ok
md4_get_params,00736df0,17,9,ok
md4_dupctx,00736e10,98,63,ok
md4_freectx,00736e80,22,9,ok
md4_internal_final,00736ea0,80,15,ok
md4_newctx,00736f00,46,16,ok
mdc2_settable_ctx_params,00736f40,8,8,ok
mdc2_copyctx,00736f50,17,26,ok
mdc2_set_ctx_params,00736f70,268,38,ok
mdc2_internal_init,00737090,59,19,ok
mdc2_get_params,007370d0,17,9,ok
mdc2_dupctx,007370f0,62,35,ok
mdc2_freectx,00737130,22,9,ok
mdc2_internal_final,00737150,80,16,ok
mdc2_newctx,007371b0,46,16,ok
wp_copyctx,007371f0,115,83,ok
wp_internal_init,00737270,33,16,ok
wp_get_params,007372a0,17,9,ok
wp_dupctx,007372c0,164,96,ok
wp_freectx,00737370,22,9,ok
wp_internal_final,00737390,80,17,ok
wp_newctx,007373f0,46,16,ok
kdf_pbkdf1_settable_ctx_params,00737430,8,8,ok
kdf_pbkdf1_gettable_ctx_params,00737440,8,8,ok
kdf_pbkdf1_get_ctx_params,00737450,215,35,ok
kdf_pbkdf1_new,00737540,49,19,ok
kdf_pbkdf1_reset,00737580,111,19,ok
kdf_pbkdf1_dup,007375f0,262,35,ok
kdf_pbkdf1_free,00737700,110,20,ok
kdf_pbkdf1_set_skey,00737780,398,67,ok
kdf_pbkdf1_set_ctx_params,00737930,922,135,ok
kdf_pbkdf1_derive,00737d00,653,81,ok
kdf_pbkdf1_derive_skey,00737fb0,273,40,ok
kdf_pvk_settable_ctx_params,007380d0,8,8,ok
kdf_pvk_gettable_ctx_params,007380e0,8,8,ok
kdf_pvk_get_ctx_params,007380f0,215,35,ok
kdf_pvk_free,007381e0,104,17,ok
kdf_pvk_dup,00738260,348,64,ok
kdf_pvk_reset,007383d0,207,47,ok
kdf_pvk_new,007384b0,199,48,ok
kdf_pvk_set_ctx_params,00738580,798,117,ok
kdf_pvk_derive,007388d0,527,67,ok
ossl_DER_w_algorithmIdentifier_DSA_with_MD,00738b00,321,67,ok
ossl_DER_w_algorithmIdentifier_ECDSA_with_MD,00738c70,321,67,ok
ossl_DER_w_algorithmIdentifier_X25519,00738de0,83,18,ok
ossl_DER_w_algorithmIdentifier_X448,00738e40,83,18,ok
ossl_DER_w_algorithmIdentifier_ED25519,00738ea0,83,18,ok
ossl_DER_w_algorithmIdentifier_ED448,00738f00,83,18,ok
ossl_DER_w_algorithmIdentifier_ML_DSA,00738f60,224,37,ok
ossl_der_oid_pq_dsa_prehash_digest,00739050,541,91,ok
ossl_DER_w_RSASSA_PSS_params,00739290,831,133,ok
ossl_DER_w_algorithmIdentifier_RSA_PSS,00739600,149,39,ok
ossl_DER_w_algorithmIdentifier_RSA,007396b0,205,41,ok
ossl_DER_w_algorithmIdentifier_SLH_DSA,00739790,248,60,ok
ossl_prov_ctx_new,007398d0,22,9,ok
ossl_prov_ctx_free,007398f0,17,9,ok
ossl_prov_ctx_set0_libctx,00739910,10,11,ok
ossl_prov_ctx_set0_handle,00739920,9,11,ok
ossl_prov_ctx_set0_core_bio_method,00739930,10,11,ok
ossl_prov_ctx_set0_core_get_params,00739940,10,11,ok
ossl_prov_ctx_get0_libctx,00739950,13,11,ok
ossl_prov_ctx_get0_handle,00739970,12,11,ok
ossl_prov_ctx_get0_core_bio_method,00739990,13,11,ok
ossl_prov_ctx_get0_core_get_params,007399b0,13,11,ok
ossl_prov_ctx_get_param,007399d0,151,33,ok
ossl_prov_ctx_get_bool_param,00739a70,314,50,ok
cipher_generic_set_ctx_params_decoder,00739bc0,555,86,ok
ossl_cipher_generic_gettable_params,00739e10,8,8,ok
ossl_cipher_generic_get_params,00739e20,1730,233,ok
ossl_cipher_generic_gettable_ctx_params,0073a520,8,8,ok
ossl_cipher_generic_settable_ctx_params,0073a530,8,8,ok
ossl_cipher_var_keylen_settable_ctx_params,0073a540,8,8,ok
ossl_cipher_generic_reset_ctx,0073a550,63,17,ok
ossl_cipher_generic_block_update,0073a5a0,1316,208,ok
ossl_cipher_generic_block_final,0073ab40,651,103,ok
ossl_cipher_generic_stream_update,0073ae00,367,65,ok
ossl_cipher_generic_stream_final,0073af90,104,21,ok
ossl_cipher_generic_cipher,0073b000,277,39,ok
ossl_cipher_common_get_ctx_params,0073b130,404,73,ok
ossl_cipher_generic_get_ctx_params,0073b2f0,860,154,ok
ossl_cipher_common_set_ctx_params,0073b6a0,389,63,ok
ossl_cipher_var_keylen_set_ctx_params,0073b850,985,145,ok
ossl_cipher_generic_skey_dinit,0073bc60,416,72,ok
ossl_cipher_generic_einit,0073be20,416,69,ok
ossl_cipher_generic_dinit,0073bfe0,416,69,ok
ossl_cipher_generic_skey_einit,0073c1a0,432,72,ok
ossl_cipher_generic_set_ctx_params,0073c370,73,26,ok
ossl_cipher_generic_initiv,0073c3d0,127,18,ok
ossl_cipher_generic_initkey,0073c460,105,28,ok
ossl_cipher_fillblock,0073c4d0,83,18,ok
ossl_cipher_trailingdata,0073c530,139,25,ok
ossl_cipher_padblock,0073c5d0,28,15,ok
ossl_cipher_unpadblock,0073c600,201,39,ok
ossl_cipher_tlsunpadblock,0073c6e0,158,42,ok
ccm_cipher_internal,0073c790,627,121,ok
ossl_ccm_settable_ctx_params,0073ca30,8,8,ok
ossl_ccm_set_ctx_params,0073ca40,1222,197,ok
ossl_ccm_gettable_ctx_params,0073cf30,8,8,ok
ossl_ccm_get_ctx_params,0073cf40,1333,207,ok
ossl_ccm_einit,0073d4b0,257,41,ok
ossl_ccm_dinit,0073d5c0,257,41,ok
ossl_ccm_stream_update,0073d6d0,136,28,ok
ossl_ccm_stream_final,0073d770,128,32,ok
ossl_ccm_cipher,0073d800,154,28,ok
ossl_ccm_initctx,0073d8b0,39,16,ok
ossl_ccm_generic_setiv,0073d8e0,26,11,ok
ossl_ccm_generic_setaad,0073d900,23,9,ok
ossl_ccm_generic_gettag,0073d920,27,11,ok
ossl_ccm_generic_auth_encrypt,0073d940,105,23,ok
ossl_ccm_generic_auth_decrypt,0073d9c0,135,30,ok
getivgen,0073da50,226,61,ok
gcm_cipher_internal,0073db40,740,130,ok
ossl_gcm_initctx,0073de60,67,19,ok
ossl_gcm_gettable_ctx_params,0073deb0,8,8,ok
ossl_gcm_get_ctx_params,0073dec0,1930,293,ok
ossl_gcm_settable_ctx_params,0073e690,8,8,ok
ossl_gcm_set_ctx_params,0073e6a0,1551,233,ok
ossl_gcm_dinit,0073ece0,289,48,ok
ossl_gcm_einit,0073ee10,287,48,ok
ossl_gcm_stream_update,0073ef40,162,33,ok
ossl_gcm_stream_final,0073f000,359,57,ok
ossl_gcm_cipher,0073f1a0,154,28,ok
ossl_gcm_setiv,0073f250,26,9,ok
ossl_gcm_aad_update,0073f270,29,11,ok
ossl_gcm_cipher_update,0073f290,72,15,ok
ossl_gcm_cipher_final,0073f2e0,68,16,ok
ossl_gcm_one_shot,0073f330,120,20,ok
ossl_cipher_hw_generic_cbc,0073f3b0,102,20,ok
ossl_cipher_hw_generic_ecb,0073f420,133,30,ok
ossl_cipher_hw_generic_ofb128,0073f4b0,69,16,ok
ossl_cipher_hw_generic_cfb128,0073f500,79,16,ok
ossl_cipher_hw_generic_cfb8,0073f550,79,16,ok
ossl_cipher_hw_generic_cfb1,0073f5a0,396,45,ok
ossl_cipher_hw_generic_ctr,0073f740,109,21,ok
ossl_cipher_hw_chunked_cbc,0073f7c0,344,57,ok
ossl_cipher_hw_chunked_cfb8,0073f930,166,42,ok
ossl_cipher_hw_chunked_cfb128,0073f9e0,166,42,ok
ossl_cipher_hw_chunked_ofb128,0073fa90,318,44,ok
ossl_digest_default_get_params,0073fbe0,681,107,ok
ossl_digest_default_gettable_params,0073feb0,8,8,ok
ssl3_cbc_copy_mac,0073fec0,671,96,ok
ssl3_cbc_remove_padding_and_mac,00740180,147,27,ok
tls1_cbc_remove_padding_and_mac,00740220,429,59,ok
ossl_aes_cfb128_vaes_eligible,00740400,49,14,ok
ossl_aes_cfb128_vaes_enc,00740440,56,20,ok
ossl_aes_cfb128_vaes_dec,00740740,56,20,ok
_x86_64_AES_encrypt,00740df0,479,63,ok
_x86_64_AES_encrypt_compact,00740fe0,591,69,ok
AES_encrypt,00741250,181,37,ok
_x86_64_AES_decrypt,00741310,461,65,ok
_x86_64_AES_decrypt_compact,007414f0,725,98,ok
AES_decrypt,007417e0,188,37,ok
AES_set_encrypt_key,007418a0,39,11,ok
_x86_64_AES_set_encrypt_key,007418d0,647,135,ok
AES_set_decrypt_key,00741b60,545,108,ok
AES_cbc_encrypt,00741d90,1387,314,ok
aesni_multi_cbc_encrypt,00742340,922,634,ok
aesni_multi_cbc_decrypt,00742720,936,701,ok
aesni_multi_cbc_encrypt_avx,00742b00,1796,433,ok
aesni_multi_cbc_decrypt_avx,00743220,2064,490,ok
aesni_cbc_sha1_enc,00743a40,57,986,ok
aesni_cbc_sha1_enc_ssse3,00743a80,4449,920,ok
aesni_cbc_sha1_enc_avx,00744c00,4375,735,ok
aesni_cbc_sha1_enc_shaext,00745d40,1302,340,ok
aesni_cbc_sha256_enc,00746280,89,1873,ok
aesni_cbc_sha256_enc_xop,00746300,327,37,ok
aesni_cbc_sha256_enc_avx,00747300,4396,602,ok
aesni_cbc_sha256_enc_avx2,00748440,6739,802,ok
aesni_cbc_sha256_enc_shaext,00749ec0,1539,560,ok
aesni_encrypt,0074a4e0,65,28,ok
aesni_decrypt,0074a530,65,28,ok
_aesni_encrypt2,0074a580,89,87,ok
_aesni_decrypt2,0074a5e0,89,87,ok
_aesni_encrypt3,0074a640,112,113,ok
_aesni_decrypt3,0074a6b0,112,113,ok
_aesni_encrypt4,0074a720,138,134,ok
_aesni_decrypt4,0074a7b0,138,134,ok
_aesni_encrypt6,0074a840,66,138,ok
_aesni_decrypt6,0074a920,203,138,ok
_aesni_encrypt8,0074aa00,70,180,ok
_aesni_decrypt8,0074ab10,255,180,ok
aesni_ecb_encrypt,0074ac20,1248,284,ok
aesni_ccm64_encrypt_blocks,0074b180,220,71,ok
aesni_ccm64_decrypt_blocks,0074b270,331,113,ok
aesni_ctr32_encrypt_blocks,0074b3e0,2295,473,ok
aesni_xts_encrypt,0074bd30,1837,524,ok
aesni_xts_decrypt,0074c4a0,1970,564,ok
aesni_ocb_encrypt,0074cc80,581,165,ok
__ocb_encrypt6,0074cf00,426,206,ok
__ocb_encrypt4,0074d0c0,268,142,ok
__ocb_encrypt1,0074d1e0,96,67,ok
aesni_ocb_decrypt,0074d260,698,187,ok
__ocb_decrypt6,0074d560,396,206,ok
__ocb_decrypt4,0074d700,248,142,ok
__ocb_decrypt1,0074d820,91,67,ok
aesni_cbc_encrypt,0074d890,2291,493,ok
aesni_set_decrypt_key,0074e200,103,62,ok
aesni_set_encrypt_key,0074e270,1108,359,ok
aesni_xts_avx512_eligible,0074e7e0,45,14,ok
aesni_xts_128_encrypt_avx512,0074e820,131,31,ok
aesni_xts_128_decrypt_avx512,0074fdc0,3834,783,ok
aesni_xts_256_encrypt_avx512,00752c20,167,35,ok
aesni_xts_256_decrypt_avx512,00754620,4654,927,ok
_bsaes_encrypt8,00758000,103,291,ok
_bsaes_encrypt8_bitslice,00758067,2017,285,ok
_bsaes_decrypt8,00758880,2291,333,ok
_bsaes_key_convert,00759180,329,217,ok
ossl_bsaes_cbc_encrypt,007592e0,1142,513,ok
ossl_bsaes_ctr32_encrypt_blocks,00759790,826,167,ok
ossl_bsaes_xts_encrypt,00759ae0,1944,460,ok
ossl_bsaes_xts_decrypt,0075a2c0,2059,478,ok
_vpaes_encrypt_core,0075ab10,343,71,ok
_vpaes_decrypt_core,0075ac70,403,74,ok
_vpaes_schedule_core,0075ae10,337,91,ok
_vpaes_schedule_192_smear,0075af70,31,12,ok
_vpaes_schedule_round,0075af90,33,48,ok
_vpaes_schedule_low_round,0075afb1,157,38,ok
_vpaes_schedule_transform,0075b050,46,22,ok
_vpaes_schedule_mangle,0075b080,246,49,ok
vpaes_set_encrypt_key,0075b180,38,10,ok
vpaes_set_decrypt_key,0075b1b0,54,15,ok
vpaes_encrypt,0075b1f0,24,15,ok
vpaes_decrypt,0075b210,24,15,ok
vpaes_cbc_encrypt,0075b230,111,47,ok
_vpaes_preheat,0075b2c0,50,8,ok
ossl_aria_encrypt,0075b300,1525,141,ok
ossl_aria_set_encrypt_key,0075b900,2782,258,ok
ossl_aria_set_decrypt_key,0075c3f0,612,148,ok
ASN1_BIT_STRING_set,0075c660,5,39,ok
ossl_i2c_ASN1_BIT_STRING,0075c670,163,49,ok
ossl_c2i_ASN1_BIT_STRING,0075c720,442,65,ok
ASN1_BIT_STRING_set_bit,0075c900,351,75,ok
ASN1_BIT_STRING_get_bit,0075ca90,51,16,ok
ASN1_BIT_STRING_check,0075cad0,81,27,ok
ASN1_BIT_STRING_get_length,0075cb30,96,43,ok
ASN1_BIT_STRING_set1,0075cba0,127,30,ok
ASN1_digest,0075cc30,245,31,ok
ossl_asn1_item_digest_ex,0075cd40,249,42,ok
ASN1_item_digest,0075ce50,242,40,ok
ASN1_dup,0075cf50,154,28,ok
ASN1_item_dup,0075d000,439,52,ok
in_utf8,0075d1c0,39,15,ok
cpy_asc,0075d1f0,16,10,ok
cpy_bmp,0075d200,20,10,ok
cpy_univ,0075d220,17,11,ok
cpy_utf8,0075d240,36,15,ok
type_str,0075d270,357,80,ok
out_utf8,0075d400,175,28,ok
ASN1_mbstring_ncopy,0075d4b0,3580,544,ok
ASN1_mbstring_copy,0075e330,19,11,ok
ASN1_sign,0075e350,865,111,ok
ASN1_item_sign_ctx,0075e6d0,1591,228,ok
ASN1_item_sign_ex,0075ed50,213,30,ok
ASN1_item_sign,0075ee30,204,29,ok
ASN1_verify,0075ef10,654,83,ok
ASN1_item_verify_ctx,0075f1c0,1118,148,ok
ASN1_item_verify_ex,0075f660,113,24,ok
ASN1_item_verify,0075f6e0,106,23,ok
ameth_cmp_BSEARCH_CMP_FN,0075f760,11,8,ok
pkey_asn1_find,0075f770,71,18,ok
evp_pkey_asn1_get_count,0075f7c0,6,8,ok
evp_pkey_asn1_get0,0075f7d0,23,11,ok
evp_pkey_asn1_find,0075f7f0,30,15,ok
evp_pkey_asn1_find_str,0075f820,136,35,ok
evp_pkey_asn1_get0_info,0075f8c0,73,29,ok
evp_pkey_get0_asn1,0075f920,5,8,ok
sk_BIO_freefunc_thunk,0075f930,8,11,ok
sk_MIME_PARAM_cmpfunc_thunk,0075f940,11,11,ok
mime_hdr_cmp,0075f950,43,18,ok
mime_param_cmp,0075f980,43,18,ok
mime_param_free,0075f9b0,71,11,ok
b64_read_asn1,0075fa00,253,34,ok
multi_split.constprop.0,0075fb10,1023,188,ok
mime_hdr_new,0075ff50,347,59,ok
mime_hdr_addparam.isra.0,007600b0,255,50,ok
sk_MIME_HEADER_cmpfunc_thunk,007601c0,11,11,ok
sk_MIME_PARAM_freefunc_thunk,007601d0,8,11,ok
sk_MIME_HEADER_freefunc_thunk,007601e0,8,11,ok
mime_hdr_free,007601f0,113,20,ok
mime_parse_hdr,00760270,2338,464,ok
SMIME_read_ASN1_ex,00760c10,1453,143,ok
SMIME_read_ASN1,007611f0,30,11,ok
SMIME_crlf_copy,00761210,695,113,ok
i2d_ASN1_bio_stream,00761500,198,32,ok
PEM_write_bio_ASN1_stream,007615e0,263,35,ok
SMIME_write_ASN1_ex,00761700,1966,395,ok
SMIME_write_ASN1,00761f00,26,12,ok
SMIME_text,00761f20,481,62,ok
ndef_prefix_free,00762120,83,20,ok
ndef_suffix_free,00762180,119,24,ok
ndef_suffix,00762200,205,44,ok
ndef_prefix,007622e0,150,31,ok
BIO_new_NDEF,00762390,456,61,ok
ASN1_TYPE_set_octetstring,00762570,103,20,ok
ASN1_TYPE_get_octetstring,007625e0,160,28,ok
ASN1_TYPE_set_int_octetstring,00762690,85,25,ok
ASN1_TYPE_get_int_octetstring,007626f0,233,40,ok
ossl_asn1_type_set_octetstring_int,007627e0,85,26,ok
ossl_asn1_type_get_octetstring_int,00762840,233,45,ok
i2a_ASN1_STRING,00762930,234,41,ok
a2i_ASN1_STRING,00762a30,819,123,ok
ASN1_buf_print,00762d80,208,39,ok
ASN1_bn_print,00762e60,406,64,ok
BF_cfb64_encrypt,00763000,329,75,ok
BF_options,00763170,8,10,ok
BF_ecb_encrypt,00763180,70,27,ok
BF_encrypt,007631d0,939,69,ok
BF_decrypt,00763580,939,69,ok
BF_cbc_encrypt,00763930,1131,219,ok
BF_ofb64_encrypt,00763e00,276,61,ok
BF_set_key,00763f50,312,77,ok
readbuffer_write,007640c0,3,8,ok
readbuffer_puts,007640d0,3,8,ok
readbuffer_callback_ctrl,007640e0,17,14,ok
readbuffer_new,00764100,121,24,ok
readbuffer_ctrl,00764180,178,58,ok
readbuffer_gets,00764260,487,113,ok
readbuffer_free,00764470,96,16,ok
readbuffer_read,007644e0,387,76,ok
BIO_f_readbuffer,00764670,8,8,ok
ossl_bio_core_globals_free,007648c0,17,9,ok
ossl_bio_core_globals_new,007648e0,22,9,ok
BIO_s_core,00764900,8,8,ok
BIO_new_from_core_bio,00764910,115,23,ok
ossl_bio_init_core,00764990,339,74,ok
core_bio_new.part.0,00764b20,19,9,ok
ossl_core_bio_up_ref,00764b40,9,9,ok
ossl_core_bio_free,00764b50,84,20,ok
ossl_core_bio_new_from_bio,00764bb0,129,29,ok
ossl_core_bio_new_file,00764c40,70,22,ok
ossl_core_bio_new_mem_buf,00764c90,70,22,ok
ossl_core_bio_read_ex,00764ce0,9,9,ok
ossl_core_bio_write_ex,00764cf0,9,9,ok
ossl_core_bio_gets,00764d00,9,9,ok
ossl_core_bio_puts,00764d10,9,9,ok
ossl_core_bio_ctrl,00764d20,9,9,ok
ossl_core_bio_vprintf,00764d30,9,9,ok
bn_mul_add_words,00764d40,326,140,ok
bn_mul_words,00764e90,301,121,ok
bn_sqr_words,00764fd0,224,83,ok
bn_div_words,007650c0,13,15,ok
bn_add_words,007650d0,41,26,ok
bn_sub_words,00765100,41,26,ok
bn_mul_comba8,00765130,1290,867,ok
bn_mul_comba4,00765640,354,227,ok
bn_sqr_comba8,007657b0,1054,647,ok
bn_sqr_comba4,00765bd0,294,185,ok
BN_uadd,00765d00,231,54,ok
BN_usub,00765df0,306,51,ok
BN_add,00765f30,160,32,ok
BN_sub,00765fe0,150,35,ok
BN_BLINDING_new,007660c0,333,59,ok
BN_BLINDING_free,00766210,75,17,ok
BN_BLINDING_invert,00766270,346,72,ok
BN_BLINDING_invert_ex,007663e0,377,70,ok
BN_BLINDING_is_current_thread,00766570,19,14,ok
BN_BLINDING_set_current_thread,00766590,14,12,ok
BN_BLINDING_lock,007665a0,9,9,ok
BN_BLINDING_unlock,007665b0,9,9,ok
BN_BLINDING_get_flags,007665c0,5,8,ok
BN_BLINDING_set_flags,007665d0,5,9,ok
BN_BLINDING_create_param,007665e0,543,96,ok
BN_BLINDING_update,00766830,340,67,ok
BN_BLINDING_convert_ex,007669b0,227,34,ok
BN_BLINDING_convert,00766aa0,172,36,ok
bn_div_fixed_top,00766b80,1223,183,ok
BN_div,00767060,255,36,ok
BN_mod_exp2_mont,00767170,2188,322,ok
int_bn_mod_inverse.part.0,00767a50,2420,281,ok
int_bn_mod_inverse,00768410,98,22,ok
BN_mod_inverse,00768480,257,34,ok
BN_are_coprime,00768590,114,22,ok
BN_gcd,00768610,794,111,ok
bn_compute_wNAF,00768940,795,123,ok
bn_get_top,00768ca0,4,8,ok
bn_get_dmax,00768cb0,4,8,ok
bn_set_all_zero,00768cc0,42,16,ok
bn_copy_words,00768d00,57,17,ok
bn_get_words,00768d50,4,8,ok
bn_set_static_words,00768d60,33,13,ok
bn_set_words,00768d90,118,20,ok
BN_kronecker,00768e10,649,104,ok
ossl_bn_rsa_fips186_5_derive_prime,007690b0,1203,117,ok
ossl_bn_rsa_fips186_5_gen_prob_primes,00769580,1244,143,ok
BN_mod_sqrt,00769ac0,2105,261,ok
ossl_rsaz_amm52x30_x1_ifma256,0076a320,14,11,ok
ossl_rsaz_amm52x30_x2_ifma256,0076af40,14,11,ok
ossl_extract_multiplier_2x30_win5,0076b980,4,11,ok
ossl_rsaz_amm52x30_x1_avxifma256,0076bba0,175,21,ok
ossl_rsaz_amm52x30_x2_avxifma256,0076cb00,175,21,ok
ossl_extract_multiplier_2x30_win5_avx,0076d7c0,527,219,ok
ossl_rsaz_amm52x40_x1_ifma256,0076d9e0,14,11,ok
ossl_rsaz_amm52x40_x2_ifma256,0076e560,14,11,ok
ossl_extract_multiplier_2x40_win5,0076f200,4,11,ok
ossl_rsaz_amm52x40_x1_avxifma256,0076f480,175,21,ok
ossl_rsaz_amm52x40_x2_avxifma256,00770400,175,21,ok
ossl_extract_multiplier_2x40_win5_avx,007715c0,603,251,ok
rsaz_512_sqr,00771820,2316,341,ok
rsaz_512_mul,00772160,282,20,ok
rsaz_512_mul_gather4,00772280,1581,511,ok
rsaz_512_mul_scatter4,00772900,348,65,ok
rsaz_512_mul_by_one,00772a80,210,40,ok
__rsaz_512_reduce,00772b80,233,14,ok
__rsaz_512_reducex,00772c80,205,14,ok
__rsaz_512_subtract,00772d60,175,64,ok
__rsaz_512_mul,00772e20,394,238,ok
__rsaz_512_mulx,00772fc0,482,213,ok
rsaz_512_scatter4,007731b0,36,21,ok
rsaz_512_gather4,007731e0,287,98,ok
Camellia_EncryptBlock,00773300,17,9,ok
Camellia_EncryptBlock_Rounds,00773320,119,26,ok
_x86_64_Camellia_encrypt,007733a0,712,107,ok
Camellia_DecryptBlock,00773670,17,9,ok
Camellia_DecryptBlock_Rounds,00773690,119,26,ok
_x86_64_Camellia_decrypt,00773710,711,109,ok
Camellia_Ekeygen,007739e0,1949,297,ok
Camellia_cbc_encrypt,00774190,671,202,ok
Camellia_set_key,007744a0,79,21,ok
Camellia_encrypt,00774500,19,9,ok
Camellia_decrypt,00774520,19,9,ok
CAST_cfb64_encrypt,00774540,329,75,ok
CAST_ecb_encrypt,007746b0,70,27,ok
CAST_encrypt,00774700,808,130,ok
CAST_decrypt,00774a30,900,133,ok
CAST_cbc_encrypt,00774dc0,1222,206,ok
CAST_ofb64_encrypt,007752c0,276,61,ok
CAST_set_key,00775410,3018,652,ok
ChaCha20_ctr32,00776000,929,2577,ok
ChaCha20_ssse3,007763c0,35,1,failed
ChaCha20_128,00776600,721,362,ok
ChaCha20_4x,00776900,3008,1,failed
ChaCha20_4xop,00777320,263,57,ok
ChaCha20_8x,00777a60,2778,622,ok
ChaCha20_avx512,007785c0,20,15,ok
ChaCha20_avx512vl,00778900,45,30,ok
ChaCha20_16x,00778b60,21,11,ok
ChaCha20_8xvl,00779560,62,23,ok
CMAC_CTX_new,00779d00,92,23,ok
CMAC_CTX_cleanup,00779d70,80,14,ok
CMAC_CTX_get0_cipher_ctx,00779dc0,4,8,ok
CMAC_CTX_free,00779dd0,113,19,ok
CMAC_CTX_copy,00779e50,156,27,ok
ossl_cmac_init,00779f00,598,117,ok
CMAC_Init,0077a170,620,104,ok
CMAC_Update,0077a3f0,520,86,ok
CMAC_Final,0077a620,1038,195,ok
CMAC_resume,0077aa50,33,15,ok
CMS_signed_get_attr_count,0077aa80,9,11,ok
CMS_signed_get_attr_by_NID,0077aa90,9,11,ok
CMS_signed_get_attr_by_OBJ,0077aaa0,9,11,ok
CMS_signed_get_attr,0077aab0,9,11,ok
CMS_signed_delete_attr,0077aac0,9,11,ok
CMS_signed_add1_attr,0077aad0,27,11,ok
CMS_signed_add1_attr_by_OBJ,0077aaf0,27,11,ok
CMS_signed_add1_attr_by_NID,0077ab10,27,11,ok
CMS_signed_add1_attr_by_txt,0077ab30,27,11,ok
CMS_signed_get0_data_by_OBJ,0077ab50,9,11,ok
CMS_unsigned_get_attr_count,0077ab60,9,11,ok
CMS_unsigned_get_attr_by_NID,0077ab70,9,11,ok
CMS_unsigned_get_attr_by_OBJ,0077ab80,9,11,ok
CMS_unsigned_get_attr,0077ab90,9,11,ok
CMS_unsigned_delete_attr,0077aba0,9,11,ok
CMS_unsigned_add1_attr,0077abb0,27,11,ok
CMS_unsigned_add1_attr_by_OBJ,0077abd0,27,11,ok
CMS_unsigned_add1_attr_by_NID,0077abf0,27,11,ok
CMS_unsigned_add1_attr_by_txt,0077ac10,27,11,ok
CMS_unsigned_get0_data_by_OBJ,0077ac30,9,11,ok
ossl_cms_si_check_attributes,0077ac40,971,124,ok
ossl_cms_DigestedData_create,0077b040,149,36,ok
ossl_cms_DigestedData_init_bio,0077b0e0,23,14,ok
ossl_cms_DigestedData_do_final,0077b100,330,53,ok
ossl_cms_dh_envelope,0077b260,2455,344,ok
ossl_cms_ecdh_envelope,0077bc30,2604,320,ok
ossl_cms_EncryptedContent_init_bio,0077c690,2156,287,ok
ossl_cms_EncryptedContent_init,0077cf60,116,26,ok
CMS_EncryptedData_set1_key,0077cfe0,557,84,ok
ossl_cms_EncryptedData_init_bio,0077d230,49,17,ok
COMP_brotli,0077d270,3,8,ok
COMP_brotli_oneshot,0077d280,3,8,ok
ossl_comp_brotli_cleanup,0077d290,1,8,ok
BIO_f_brotli,0077d2a0,3,8,ok
COMP_zlib,0077d2b0,3,10,ok
COMP_zlib_oneshot,0077d2c0,3,8,ok
ossl_comp_zlib_cleanup,0077d2d0,1,8,ok
BIO_f_zlib,0077d2e0,3,8,ok
COMP_zstd,0077d2f0,3,8,ok
COMP_zstd_oneshot,0077d300,3,8,ok
ossl_comp_zstd_cleanup,0077d310,1,8,ok
BIO_f_zstd,0077d320,3,8,ok
lh_CONF_VALUE_hash_thunk,0077d340,2,11,ok
lh_CONF_VALUE_comp_thunk,0077d350,2,11,ok
lh_CONF_VALUE_doall_thunk,0077d360,2,11,ok
lh_CONF_VALUE_doall_arg_thunk,0077d370,2,12,ok
lh_CONF_VALUE_doall_LH_CONF_VALUE_thunk,0077d380,2,12,ok
conf_value_cmp,0077d390,85,22,ok
conf_value_hash,0077d3f0,50,13,ok
value_free_hash,0077d430,22,12,ok
value_free_stack_doall,0077d450,173,32,ok
_CONF_get_section,0077d510,54,21,ok
_CONF_get_section_values,0077d550,68,23,ok
_CONF_add_string,0077d5b0,138,25,ok
_CONF_get_string,0077d650,192,44,ok
_CONF_new_data,0077d730,96,23,ok
_CONF_free_data,0077d7b0,101,20,ok
_CONF_new_section,0077d830,282,49,ok
sk_BIO_freefunc_thunk,0077d960,8,11,ok
eat_alpha_numeric,0077d970,90,41,ok
lh_CONF_VALUE_doall_BIO_thunk,0077d9e0,2,12,ok
def_is_number,0077d9f0,23,14,ok
def_to_int,0077da10,8,8,ok
def_dump,0077da20,40,11,ok
def_create,0077da50,94,19,ok
get_next_file,0077dac0,320,50,ok
str_copy,0077dc10,1567,292,ok
def_destroy_data,0077e280,27,12,ok
parsebool,0077e2b0,165,24,ok
def_destroy,0077e360,44,13,ok
def_init_default,0077e3a0,52,14,ok
def_init_WIN32,0077e3e0,52,14,ok
dump_value_doall_arg,0077e420,50,13,ok
def_load_bio,0077e460,4478,677,ok
def_load,0077f660,209,37,ok
NCONF_default,0077f740,8,10,ok
NCONF_WIN32,0077f750,8,10,ok
OPENSSL_load_builtin_modules,0077f760,38,16,ok
OPENSSL_config,0077f790,73,21,ok
ossl_config_int,0077f7e0,85,29,ok
ossl_no_config_int,0077f840,11,9,ok
ct_base64_decode.constprop.0,0077f850,213,38,ok
SCT_new_from_base64,0077f930,566,78,ok
CTLOG_new_from_base64_ex,0077fb90,308,51,ok
CTLOG_new_from_base64,0077fce0,308,48,ok
x509_ext_d2i_SCT_LIST,0077fe30,101,29,ok
s2i_poison,0077feb0,5,13,ok
i2s_poison,0077fec0,24,9,ok
i2r_SCT_LIST,0077fee0,37,9,ok
ocsp_ext_d2i_SCT_LIST,0077ff10,101,29,ok
DES_ede3_cfb64_encrypt,0077ffc0,339,56,ok
DES_ede3_cfb_encrypt,00780130,5364,750,ok
DES_cfb64_encrypt,007816c0,299,55,ok
DES_cfb_encrypt,00781820,2415,1,failed
DES_encrypt1,00782710,5168,436,ok
DES_encrypt2,00783b40,4977,406,ok
DES_encrypt3,00784ec0,265,45,ok
DES_decrypt3,00784fd0,265,45,ok
DES_ncbc_encrypt,007850e0,1312,219,ok
DES_ede3_cbc_encrypt,00785640,1473,230,ok
DES_ecb3_encrypt,00785c40,73,19,ok
DES_options,00785ca0,58,15,ok
DES_ecb_encrypt,00785cf0,45,13,ok
DES_ede3_ofb64_encrypt,00785d40,361,72,ok
DES_ofb64_encrypt,00785f00,223,62,ok
DES_set_odd_parity,00786000,136,19,ok
DES_check_key_parity,00786090,359,398,ok
DES_is_weak_key,00786200,87,21,ok
DES_set_key_unchecked,00786260,509,59,ok
DES_set_key,00786470,497,402,ok
DES_set_key_checked,00786670,484,408,ok
DES_key_sched,00786860,497,402,ok
DES_xcbc_encrypt,00786a60,1614,232,ok
dh_missing_parameters,007870f0,34,16,ok
dhx_pkey_ctrl,00787120,6,8,ok
dh_pkey_dirty_cnt,00787130,12,8,ok
int_dh_free,00787140,9,9,ok
dh_copy_parameters,00787150,107,31,ok
dh_bits,007871d0,9,9,ok
dh_private_print,007871e0,331,44,ok
dh_pkey_copy,00787340,107,23,ok
dhx_pkey_import_from,007873c0,194,34,ok
dh_pkey_export_to,007874a0,434,64,ok
dh_pkey_param_check,00787670,9,9,ok
dh_pkey_ctrl,00787680,120,30,ok
dh_cmp_parameters,00787710,37,10,ok
dh_security_bits,00787740,9,9,ok
int_dh_size,00787750,9,9,ok
dh_priv_decode,00787760,47,14,ok
dh_pub_cmp,00787790,89,18,ok
dh_pkey_public_check,007877f0,77,17,ok
dh_priv_encode,00787850,429,67,ok
dh_pub_decode,00787a20,465,67,ok
dh_param_decode,00787c10,79,22,ok
dh_param_encode,00787c70,30,13,ok
dh_pub_encode,00787ca0,340,59,ok
dh_pkey_import_from,00787e10,191,34,ok
dh_public_print,00787ee0,325,42,ok
dh_param_print,00788030,299,40,ok
DHparams_dup,00788170,88,25,ok
DHparams_print,007881e0,312,35,ok
ossl_dh_params_fromdata,00788330,119,27,ok
ossl_dh_key_fromdata,007883b0,197,28,ok
ossl_dh_params_todata,00788480,111,21,ok
ossl_dh_key_todata,00788500,157,29,ok
ossl_dh_is_foreign,007885b0,25,13,ok
ossl_dh_dup,007885d0,220,52,ok
ossl_dh_key_from_pkcs8,007886c0,400,64,ok
DH_check_params,00788870,294,52,ok
DH_check_params_ex,007889a0,299,40,ok
DH_check,00788af0,598,92,ok
DH_check_ex,00788d70,639,65,ok
DH_check_pub_key_ex,00789020,392,56,ok
DH_check_pub_key,007891c0,146,26,ok
ossl_dh_check_pub_key_partial,00789260,28,14,ok
ossl_dh_check_priv_key,00789280,253,56,ok
ossl_dh_check_pairwise,007893b0,299,55,ok
ossl_dh_generate_ffc_parameters,007894f0,97,25,ok
ossl_dh_get_named_group_uid_from_size,00789560,76,33,ok
DH_generate_parameters_ex,007895c0,864,96,ok
ossl_dh_kdf_X9_42_asn1,00789950,487,103,ok
DH_KDF_X9_42,00789b40,154,23,ok
ossl_dh_compute_key,00789c20,775,102,ok
dh_finish,00789f50,26,9,ok
dh_bn_mod_exp,00789f70,25,10,ok
DH_compute_key,00789f90,208,29,ok
DH_compute_key_padded,0078a060,111,27,ok
DH_OpenSSL,0078a0e0,8,10,ok
DH_get_default_method,0078a0f0,8,10,ok
DH_set_default_method,0078a100,8,9,ok
DH_generate_key,0078a110,10,13,ok
ossl_dh_generate_public_key,0078a120,183,36,ok
generate_key,0078a1f0,827,126,ok
ossl_dh_buf2key,0078a550,228,40,ok
ossl_dh_key2buf,0078a640,413,65,ok
dsa_missing_parameters,0078a7f0,41,16,ok
dsa_pkey_ctrl,0078a820,23,12,ok
dsa_pkey_dirty_cnt,0078a840,12,8,ok
dsa_pkey_copy,0078a850,98,23,ok
int_dsa_free,0078a8c0,9,9,ok
dsa_pkey_import_from,0078a8d0,168,32,ok
dsa_pkey_export_to,0078a990,352,53,ok
old_dsa_priv_encode,0078ab10,9,9,ok
dsa_sig_print,0078ab20,296,40,ok
dsa_bits,0078ac50,9,9,ok
dsa_priv_print,0078ac60,251,38,ok
dsa_cmp_parameters,0078ad70,26,9,ok
dsa_param_encode,0078ad90,9,9,ok
dsa_param_decode,0078ada0,52,15,ok
dsa_security_bits,0078ade0,9,9,ok
int_dsa_size,0078adf0,9,9,ok
dsa_priv_encode,0078ae00,505,70,ok
dsa_priv_decode,0078b010,46,14,ok
dsa_pub_cmp,0078b040,41,12,ok
dsa_pub_encode,0078b070,390,69,ok
dsa_pub_decode,0078b210,542,73,ok
old_dsa_priv_decode,0078b460,102,19,ok
dsa_copy_parameters,0078b4d0,89,26,ok
dsa_pub_print,0078b530,165,32,ok
dsa_param_print,0078b5e0,141,30,ok
ossl_dsa_key_fromdata,0078b680,213,34,ok
ossl_dsa_is_foreign,0078b760,25,13,ok
ossl_dsa_dup,0078b780,197,50,ok
ossl_dsa_key_from_pkcs8,0078b860,707,94,ok
ossl_dsa_check_params,0078bb40,337,43,ok
ossl_dsa_check_pub_key,0078bca0,314,42,ok
ossl_dsa_check_pub_key_partial,0078bdf0,314,42,ok
ossl_dsa_check_priv_key,0078bf40,312,41,ok
ossl_dsa_check_pairwise,0078c090,404,58,ok
ossl_dsa_generate_ffc_parameters,0078c240,91,25,ok
DSA_generate_parameters_ex,0078c2b0,292,47,ok
DSA_generate_key,0078c3f0,364,62,ok
ossl_dsa_generate_public_key,0078c580,115,20,ok
dlfcn_globallookup,0078c600,59,17,ok
dlfcn_merger,0078c640,297,44,ok
dlfcn_name_converter,0078c780,312,45,ok
dlfcn_bind_func,0078c8d0,324,44,ok
dlfcn_unload,0078ca30,166,29,ok
dlfcn_load,0078cae0,365,46,ok
dlfcn_pathbyaddr,0078cc70,157,37,ok
DSO_METHOD_openssl,0078cd20,8,10,ok
recode_wnaf.isra.0,0078cd40,359,87,ok
add_niels_to_pt,0078ced0,1917,164,ok
sub_niels_from_pt,0078d660,1919,164,ok
point_double_internal,0078ddf0,1949,201,ok
ossl_curve448_point_double,0078e590,7,9,ok
ossl_curve448_point_eq,0078e5a0,69,14,ok
ossl_curve448_point_valid,0078e5f0,263,30,ok
ossl_curve448_precomputed_scalarmul,0078e700,1283,167,ok
ossl_curve448_point_mul_by_ratio_and_encode_like_eddsa,0078ec10,777,209,ok
ossl_curve448_point_decode_like_eddsa_and_mul_by_ratio,0078ef20,854,116,ok
ossl_x448_int,0078f280,7763,464,ok
ossl_curve448_point_mul_by_ratio_and_encode_like_x448,007910e0,452,170,ok
ossl_x448_derive_public_key,007912b0,637,259,ok
ossl_curve448_base_double_scalarmul_non_secret,00791530,2535,398,ok
ossl_curve448_point_destroy,00791f50,10,9,ok
ossl_x448,00791f60,32,11,ok
ossl_x448_public_from_private,00791f80,5,259,ok
hash_init_with_dom.constprop.0,00791f90,198,35,ok
ossl_c448_ed448_convert_private_key_to_x448,00792060,165,28,ok
ossl_c448_ed448_derive_public_key,00792110,324,51,ok
ossl_c448_ed448_sign,00792270,916,115,ok
ossl_c448_ed448_sign_prehash,00792620,32,9,ok
ossl_c448_ed448_verify,00792640,455,62,ok
ossl_c448_ed448_verify_prehash,00792820,38,9,ok
ossl_ed448_sign,00792850,61,15,ok
ossl_ed448_pubkey_verify,00792890,35,15,ok
ossl_ed448_verify,007928c0,59,14,ok
ossl_ed448_public_from_private,00792900,23,11,ok
gf_lobit,00792940,460,52,ok
gf_strong_reduce,00792b10,883,100,ok
gf_serialize,00792e90,179,72,ok
gf_hibit,00792f50,480,46,ok
gf_sub,00793130,469,66,ok
gf_add,00793310,434,78,ok
gf_deserialize,007934d0,456,94,ok
gf_eq,007936b0,566,55,ok
gf_isr,007938f0,838,119,ok
sc_montmul,00793c40,1413,238,ok
ossl_curve448_scalar_mul,007941d0,28,10,ok
ossl_curve448_scalar_sub,007941f0,507,67,ok
ossl_curve448_scalar_add,007943f0,786,85,ok
ossl_curve448_scalar_decode,00794710,493,72,ok
ossl_curve448_scalar_destroy,00794900,10,9,ok
ossl_curve448_scalar_decode_long,00794910,1383,205,ok
ossl_curve448_scalar_encode,00794e80,474,64,ok
ossl_curve448_scalar_halve,00795060,367,45,ok
fe_tobytes,00795200,648,103,ok
fe_mul,00795490,2298,172,ok
fe_sq,00795d90,1287,117,ok
ge_p2_dbl,007962a0,1812,243,ok
ge_madd,007969c0,646,166,ok
ge_add,00796c50,662,165,ok
cmov,00796ef0,719,235,ok
slide,007971d0,343,92,ok
x25519_sc_reduce,00797360,2893,247,ok
hash_init_with_dom,00797eb0,184,46,ok
table_select,00797f70,490,96,ok
ge_frombytes_vartime,00798160,1799,249,ok
x25519_scalar_mult,00798870,4676,517,ok
fe_invert,00799ac0,2107,195,ok
ge_scalarmult_base,0079a300,1090,307,ok
ge_p3_tobytes,0079a750,189,31,ok
ossl_ed25519_sign,0079a810,8039,535,ok
ossl_ed25519_pubkey_verify,0079c780,43,15,ok
ossl_ed25519_verify,0079c7c0,7755,1,failed
ossl_ed25519_public_from_private,0079e620,375,52,ok
ossl_x25519,0079e7a0,39,12,ok
ossl_x25519_public_from_private,0079e7d0,269,80,ok
ossl_ec_GF2m_simple_set_compressed_coordinates,0079e8e0,662,91,ok
ossl_ec_GF2m_simple_point2oct,0079eb90,1024,146,ok
ossl_ec_GF2m_simple_oct2point,0079efc0,964,142,ok
ossl_ec_GF2m_simple_points_make_affine,0079f3c0,91,23,ok
ossl_ec_GF2m_simple_group_init,0079f430,90,23,ok
ossl_ec_GF2m_simple_group_finish,0079f490,32,11,ok
ossl_ec_GF2m_simple_point_init,0079f4b0,90,23,ok
ossl_ec_GF2m_simple_point_finish,0079f510,32,11,ok
ossl_ec_GF2m_simple_group_clear_finish,0079f530,52,13,ok
ossl_ec_GF2m_simple_point_clear_finish,0079f570,40,12,ok
ossl_ec_GF2m_simple_group_get_curve,0079f5a0,100,25,ok
ossl_ec_GF2m_simple_point_copy,0079f610,99,22,ok
ossl_ec_GF2m_simple_group_copy,0079f680,185,49,ok
ossl_ec_GF2m_simple_group_set_curve,0079f740,252,54,ok
ossl_ec_GF2m_simple_group_get_degree,0079f840,21,11,ok
ossl_ec_GF2m_simple_is_at_infinity,0079f860,9,9,ok
ossl_ec_GF2m_simple_group_check_discriminant,0079f870,183,38,ok
ossl_ec_GF2m_simple_point_set_to_infinity,0079f940,30,10,ok
ossl_ec_GF2m_simple_point_set_affine_coordinates,0079f960,195,34,ok
ossl_ec_GF2m_simple_point_get_affine_coordinates,0079fa30,226,43,ok
ec_GF2m_simple_ladder_step,0079fb30,460,57,ok
ossl_ec_GF2m_simple_add,0079fd10,1051,99,ok
ossl_ec_GF2m_simple_dbl,007a0150,11,9,ok
ossl_ec_GF2m_simple_field_mul,007a0160,21,10,ok
ossl_ec_GF2m_simple_field_sqr,007a0180,18,9,ok
ossl_ec_GF2m_simple_field_div,007a01a0,21,10,ok
ec_GF2m_simple_ladder_pre,007a01c0,515,83,ok
ossl_ec_GF2m_simple_cmp,007a03f0,399,57,ok
ossl_ec_GF2m_simple_is_on_curve,007a05a0,376,49,ok
ossl_ec_GF2m_simple_make_affine,007a0730,256,38,ok
ec_GF2m_simple_ladder_post,007a0840,922,88,ok
ec_GF2m_simple_field_inv,007a0c00,81,17,ok
ec_GF2m_simple_points_mul,007a0c60,420,58,ok
ossl_ec_GF2m_simple_invert,007a0e30,121,28,ok
EC_GF2m_simple_method,007a0eb0,8,8,ok
ec_pkey_dirty_cnt,007a0ec0,9,8,ok
eckey_priv_decode_ex,007a0ed0,48,15,ok
int_ec_free,007a0f00,9,9,ok
ec_pkey_import_from,007a0f10,184,28,ok
ec_missing_parameters,007a0fe0,38,14,ok
ec_bits,007a1010,25,12,ok
ec_pkey_export_to,007a1030,531,80,ok
ec_pkey_public_check,007a1250,9,9,ok
old_ec_priv_encode,007a1260,9,9,ok
old_ec_priv_decode,007a1270,44,14,ok
ec_cmp_parameters,007a12a0,75,22,ok
ec_copy_parameters,007a12f0,111,30,ok
eckey_param_encode,007a1370,9,9,ok
eckey_param_decode,007a1380,44,14,ok
ec_security_bits,007a13b0,25,12,ok
int_ec_size,007a13d0,9,9,ok
eckey_param2type,007a13e0,366,49,ok
eckey_priv_encode,007a1560,450,99,ok
eckey_pub_cmp,007a1730,111,25,ok
eckey_pub_encode,007a17b0,327,52,ok
eckey_pub_decode,007a1910,263,39,ok
ec_pkey_param_check,007a1a20,79,19,ok
ec_pkey_check,007a1a80,75,17,ok
ec_pkey_ctrl,007a1ad0,147,39,ok
ec_pkey_copy,007a1b70,99,24,ok
eckey_param_print,007a1be0,287,41,ok
eckey_pub_print,007a1d10,443,56,ok
eckey_priv_print,007a1ed0,589,74,ok
EC_KEY_print,007a2130,638,74,ok
ECParameters_print,007a23d0,293,40,ok
ossl_ec_encoding_name2id,007a2500,55,19,ok
ossl_ec_check_group_type_id2name,007a2540,49,15,ok
ossl_ec_set_check_group_type_from_name,007a2580,157,39,ok
ossl_ec_pt_format_name2id,007a2630,110,31,ok
ossl_ec_pt_format_id2name,007a26c0,44,15,ok
ossl_ec_group_todata,007a26f0,1624,197,ok
ossl_ec_set_ecdh_cofactor_mode,007a2d60,92,28,ok
ossl_ec_key_fromdata,007a2dd0,571,92,ok
ossl_ec_group_fromdata,007a3030,87,23,ok
ossl_ec_key_is_foreign,007a3090,25,13,ok
ossl_ec_key_dup,007a30b0,453,71,ok
ossl_ec_encoding_param2id,007a3290,137,40,ok
ossl_ec_pt_format_param2id,007a3330,200,56,ok
ossl_ec_key_otherparams_fromdata,007a3410,614,122,ok
ossl_x509_algor_is_sm2,007a36a0,169,33,ok
ossl_ec_key_param_from_x509_algor,007a3750,372,64,ok
ossl_ec_key_from_pkcs8,007a38e0,217,31,ok
ossl_ecdh_kdf_X9_63,007a39d0,411,93,ok
ECDH_KDF_X9_62,007a3b70,399,92,ok
print_bin,007a3d00,517,109,ok
EC_KEY_print_fp,007a3f30,158,23,ok
ECParameters_print_fp,007a3fd0,134,23,ok
ECPKParameters_print,007a4060,1376,179,ok
ECPKParameters_print_fp,007a45f0,158,23,ok
ecp_nistz256_mul_by_2,007a46c0,123,51,ok
ecp_nistz256_div_by_2,007a4740,169,40,ok
ecp_nistz256_mul_by_3,007a4800,199,77,ok
ecp_nistz256_add,007a48e0,126,51,ok
ecp_nistz256_sub,007a4960,125,49,ok
ecp_nistz256_neg,007a49e0,122,48,ok
ecp_nistz256_ord_mul_mont,007a4a60,835,708,ok
ecp_nistz256_ord_sqr_mont,007a4dc0,728,569,ok
ecp_nistz256_ord_mul_montx,007a50a0,934,362,ok
ecp_nistz256_ord_sqr_montx,007a5460,752,292,ok
ecp_nistz256_to_mont,007a5780,20,16,ok
ecp_nistz256_mul_mont,007a57a0,123,16,ok
__ecp_nistz256_mul_montq,007a5840,557,313,ok
ecp_nistz256_sqr_mont,007a5a80,111,14,ok
__ecp_nistz256_sqr_montq,007a5b00,417,237,ok
__ecp_nistz256_mul_montx,007a5cc0,579,289,ok
__ecp_nistz256_sqr_montx,007a5f20,447,233,ok
ecp_nistz256_from_mont,007a60e0,238,102,ok
ecp_nistz256_scatter_w5,007a61e0,73,88,ok
ecp_nistz256_gather_w5,007a6240,220,240,ok
ecp_nistz256_scatter_w7,007a6320,47,62,ok
ecp_nistz256_gather_w7,007a6360,178,191,ok
ecp_nistz256_avx2_gather_w5,007a6420,195,74,ok
ecp_nistz256_avx2_gather_w7,007a6500,229,69,ok
__ecp_nistz256_add_toq,007a6600,85,58,ok
__ecp_nistz256_sub_fromq,007a6660,80,55,ok
__ecp_nistz256_subq,007a66c0,62,11,ok
__ecp_nistz256_mul_by_2q,007a6700,82,53,ok
ecp_nistz256_point_double,007a6760,40,194,ok
ecp_nistz256_point_add,007a6a80,2581,708,ok
ecp_nistz256_point_add_affine,007a71c0,1396,340,ok
__ecp_nistz256_add_tox,007a7740,88,58,ok
__ecp_nistz256_sub_fromx,007a77a0,89,55,ok
__ecp_nistz256_subx,007a7800,71,11,ok
__ecp_nistz256_mul_by_2x,007a7860,85,53,ok
ecp_nistz256_point_doublex,007a78c0,770,116,ok
ecp_nistz256_point_addx,007a7be0,1805,403,ok
ecp_nistz256_point_add_affinex,007a8320,1366,204,ok
ossl_ecx_public_from_private,007a8880,190,39,ok
ossl_ecx_key_fromdata,007a8950,212,47,ok
ossl_ecx_key_dup,007a8a30,299,78,ok
ossl_ecx_key_op,007a8b70,985,148,ok
ossl_ecx_key_from_pkcs8,007a8f80,737,125,ok
ossl_ecx_key_new,007a92a0,228,37,ok
ossl_ecx_key_free,007a93a0,102,23,ok
ossl_ecx_key_set0_libctx,007a9420,4,9,ok
ossl_ecx_key_up_ref,007a9430,19,12,ok
ossl_ecx_key_allocate_privkey,007a9450,31,12,ok
ossl_ecx_compute_key,007a9470,361,51,ok
ecx_size,007a9600,41,14,ok
ecx_bits,007a9630,45,14,ok
ecx_security_bits,007a9670,36,11,ok
ecx_cmp_parameters,007a96a0,6,8,ok
ecd_ctrl,007a96b0,23,12,ok
ecx_pkey_dirty_cnt,007a96d0,6,8,ok
ecd_size25519,007a96e0,6,8,ok
ecd_size448,007a96f0,6,8,ok
ecx_priv_decode_ex,007a9700,49,14,ok
ecx_pkey_copy,007a9740,107,23,ok
ecx_free,007a97c0,9,9,ok
ed448_import_from,007a97d0,220,33,ok
ecx_pkey_export_to,007a98c0,162,40,ok
ecx_get_pub_key,007a9970,189,52,ok
ecx_get_priv_key,007a9a40,191,53,ok
ecx_set_pub_key,007a9b10,104,21,ok
ecx_set_priv_key,007a9b80,107,21,ok
ecx_ctrl,007a9bf0,248,43,ok
ecx_priv_encode,007a9d00,379,52,ok
ecx_pub_cmp,007a9e90,99,23,ok
ecx_pub_encode,007a9f10,337,47,ok
ecx_pub_decode,007aa080,117,23,ok
ecd_sig_info_set25519,007aa100,37,9,ok
ecd_sig_info_set448,007aa130,37,9,ok
ecd_item_verify,007aa160,147,22,ok
ecd_item_sign25519,007aa200,85,18,ok
ecd_item_sign448,007aa260,85,18,ok
ecx_pub_print,007aa2c0,229,36,ok
ecx_priv_print,007aa3c0,385,44,ok
x25519_import_from,007aa560,217,33,ok
x448_import_from,007aa640,220,33,ok
ed25519_import_from,007aa730,220,33,ok
x25519_fe51_mul,007aa820,420,83,ok
x25519_fe51_sqr,007aa9e0,249,55,ok
x25519_fe51_mul121666,007aabc0,94,21,ok
x25519_fe64_eligible,007aac20,25,14,ok
x25519_fe64_mul,007aac40,332,17,ok
x25519_fe64_sqr,007aada0,249,89,ok
x25519_fe64_mul121666,007aaf40,87,53,ok
x25519_fe64_add,007aafa0,79,34,ok
x25519_fe64_sub,007ab000,79,34,ok
x25519_fe64_tobytes,007ab060,99,30,ok
ossl_err_load_crypto_strings,007ab110,415,47,ok
ossl_err_load_ESS_strings,007ab2c0,51,15,ok
openssl_add_all_ciphers_int,007ab300,3058,343,ok
openssl_add_all_digests_int,007abf00,407,59,ok
fix_group_ecx,007ac0c0,169,30,ok
default_fixup_args.part.0,007ac180,2033,281,ok
lookup_translation.constprop.1,007ac9f0,291,60,ok
evp_pkey_ctx_setget_params_to_ctrl,007acb30,405,92,ok
default_check.isra.0,007acce0,359,61,ok
get_payload_group_name,007ace70,275,55,ok
get_rsa_payload_d,007acfa0,117,27,ok
get_rsa_payload_e,007ad020,117,27,ok
get_rsa_payload_n,007ad0a0,117,27,ok
get_payload_private_key,007ad120,206,42,ok
get_dh_dsa_payload_q,007ad200,125,33,ok
get_dh_dsa_payload_g,007ad290,125,33,ok
get_dh_dsa_payload_p,007ad320,194,37,ok
get_rsa_payload_f2,007ad400,117,27,ok
get_rsa_payload_f1,007ad480,117,27,ok
get_rsa_payload_e2,007ad500,117,27,ok
get_rsa_payload_e1,007ad580,117,27,ok
get_rsa_payload_f3,007ad600,161,29,ok
get_rsa_payload_f10,007ad6b0,166,31,ok
get_rsa_payload_f9,007ad760,166,31,ok
get_rsa_payload_f8,007ad810,166,31,ok
get_rsa_payload_f7,007ad8c0,166,31,ok
get_rsa_payload_f6,007ad970,166,31,ok
get_rsa_payload_f5,007ada20,166,31,ok
get_rsa_payload_f4,007adad0,166,31,ok
get_rsa_payload_c1,007adb80,117,27,ok
get_rsa_payload_e3,007adc00,175,30,ok
get_rsa_payload_e10,007adcc0,180,32,ok
get_rsa_payload_e9,007add80,180,32,ok
get_rsa_payload_e8,007ade40,180,32,ok
get_rsa_payload_e7,007adf00,180,32,ok
get_rsa_payload_e6,007adfc0,180,32,ok
get_rsa_payload_e5,007ae080,180,32,ok
get_rsa_payload_e4,007ae140,180,32,ok
get_payload_public_key,007ae200,469,79,ok
get_rsa_payload_c2,007ae400,176,30,ok
get_rsa_payload_c9,007ae4c0,183,32,ok
get_rsa_payload_c8,007ae580,183,32,ok
get_rsa_payload_c7,007ae640,180,32,ok
get_rsa_payload_c6,007ae700,180,32,ok
get_rsa_payload_c5,007ae7c0,180,32,ok
get_rsa_payload_c4,007ae880,180,32,ok
get_rsa_payload_c3,007ae940,180,32,ok
get_ec_decoded_from_explicit_params,007aea00,233,38,ok
get_ec_field_degree,007aeb00,247,41,ok
get_payload_public_key_ec,007aec10,354,51,ok
default_fixup_args,007aed80,341,58,ok
fix_distid_len,007aef00,419,65,ok
fix_dh_nid,007af0d0,517,81,ok
fix_ec_paramgen_curve_nid,007af310,561,89,ok
fix_dh_paramgen_type,007af570,519,84,ok
fix_ec_param_enc,007af7b0,600,115,ok
fix_hkdf_mode,007afa50,774,125,ok
fix_dh_nid5114,007afd90,610,105,ok
fix_ec_kdf_type,007b0030,841,154,ok
fix_dh_kdf_type,007b03e0,841,154,ok
fix_rsa_pss_saltlen,007b0780,833,144,ok
fix_rsa_padding_mode,007b0af0,1304,228,ok
fix_oid,007b1050,665,124,ok
fix_cipher,007b1320,847,136,ok
fix_md,007b16b0,847,136,ok
fix_ecdh_cofactor,007b1a40,624,116,ok
evp_pkey_ctx_ctrl_to_param,007b1d00,478,90,ok
evp_pkey_ctx_ctrl_str_to_param,007b1ee0,425,85,ok
evp_pkey_ctx_set_params_to_ctrl,007b20a0,23,14,ok
evp_pkey_ctx_get_params_to_ctrl,007b20c0,23,14,ok
evp_pkey_get_params_to_ctrl,007b20e0,284,55,ok
ossl_dh_gen_type_id2name,007b2210,55,15,ok
ossl_dh_gen_type_name2id,007b2250,163,38,ok
EVP_aes_128_cbc_hmac_sha1,007b2300,24,16,ok
EVP_aes_256_cbc_hmac_sha1,007b2320,24,16,ok
EVP_aes_128_cbc_hmac_sha256,007b2340,64,17,ok
EVP_aes_256_cbc_hmac_sha256,007b23a0,64,17,ok
EVP_aria_128_cbc,007b2400,8,8,ok
EVP_aria_128_cfb128,007b2410,8,8,ok
EVP_aria_128_ofb,007b2420,8,8,ok
EVP_aria_128_ecb,007b2430,8,8,ok
EVP_aria_192_cbc,007b2440,8,8,ok
EVP_aria_192_cfb128,007b2450,8,8,ok
EVP_aria_192_ofb,007b2460,8,8,ok
EVP_aria_192_ecb,007b2470,8,8,ok
EVP_aria_256_cbc,007b2480,8,8,ok
EVP_aria_256_cfb128,007b2490,8,8,ok
EVP_aria_256_ofb,007b24a0,8,8,ok
EVP_aria_256_ecb,007b24b0,8,8,ok
EVP_aria_128_cfb1,007b24c0,8,8,ok
EVP_aria_192_cfb1,007b24d0,8,8,ok
EVP_aria_256_cfb1,007b24e0,8,8,ok
EVP_aria_128_cfb8,007b24f0,8,8,ok
EVP_aria_192_cfb8,007b2500,8,8,ok
EVP_aria_256_cfb8,007b2510,8,8,ok
EVP_aria_128_ctr,007b2520,8,8,ok
EVP_aria_192_ctr,007b2530,8,8,ok
EVP_aria_256_ctr,007b2540,8,8,ok
EVP_aria_128_gcm,007b2550,8,8,ok
EVP_aria_192_gcm,007b2560,8,8,ok
EVP_aria_256_gcm,007b2570,8,8,ok
EVP_aria_128_ccm,007b2580,8,8,ok
EVP_aria_192_ccm,007b2590,8,8,ok
EVP_aria_256_ccm,007b25a0,8,8,ok
EVP_bf_cbc,007b25b0,8,10,ok
EVP_bf_cfb64,007b25c0,8,10,ok
EVP_bf_ofb,007b25d0,8,10,ok
EVP_bf_ecb,007b25e0,8,10,ok
EVP_camellia_128_cbc,007b25f0,8,10,ok
EVP_camellia_128_ecb,007b2600,8,10,ok
EVP_camellia_128_ofb,007b2610,8,10,ok
EVP_camellia_128_cfb128,007b2620,8,10,ok
EVP_camellia_128_cfb1,007b2630,8,10,ok
EVP_camellia_128_cfb8,007b2640,8,10,ok
EVP_camellia_128_ctr,007b2650,8,8,ok
EVP_camellia_192_cbc,007b2660,8,10,ok
EVP_camellia_192_ecb,007b2670,8,10,ok
EVP_camellia_192_ofb,007b2680,8,10,ok
EVP_camellia_192_cfb128,007b2690,8,10,ok
EVP_camellia_192_cfb1,007b26a0,8,10,ok
EVP_camellia_192_cfb8,007b26b0,8,10,ok
EVP_camellia_192_ctr,007b26c0,8,8,ok
EVP_camellia_256_cbc,007b26d0,8,10,ok
EVP_camellia_256_ecb,007b26e0,8,10,ok
EVP_camellia_256_ofb,007b26f0,8,10,ok
EVP_camellia_256_cfb128,007b2700,8,10,ok
EVP_camellia_256_cfb1,007b2710,8,10,ok
EVP_camellia_256_cfb8,007b2720,8,10,ok
EVP_camellia_256_ctr,007b2730,8,8,ok
EVP_cast5_cbc,007b2740,8,10,ok
EVP_cast5_cfb64,007b2750,8,10,ok
EVP_cast5_ofb,007b2760,8,10,ok
EVP_cast5_ecb,007b2770,8,10,ok
EVP_chacha20,007b2780,8,8,ok
EVP_chacha20_poly1305,007b2790,8,8,ok
EVP_des_cbc,007b27a0,8,10,ok
EVP_des_cfb64,007b27b0,8,10,ok
EVP_des_ofb,007b27c0,8,10,ok
EVP_des_ecb,007b27d0,8,10,ok
EVP_des_cfb1,007b27e0,8,10,ok
EVP_des_cfb8,007b27f0,8,10,ok
EVP_idea_cbc,007b2800,8,10,ok
EVP_idea_cfb64,007b2810,8,10,ok
EVP_idea_ofb,007b2820,8,10,ok
EVP_idea_ecb,007b2830,8,10,ok
EVP_rc2_cbc,007b2840,8,10,ok
EVP_rc2_cfb64,007b2850,8,10,ok
EVP_rc2_ofb,007b2860,8,10,ok
EVP_rc2_ecb,007b2870,8,10,ok
EVP_rc2_64_cbc,007b2880,8,10,ok
EVP_rc2_40_cbc,007b2890,8,10,ok
EVP_rc4,007b28a0,8,10,ok
EVP_rc4_40,007b28b0,8,10,ok
EVP_rc4_hmac_md5,007b28c0,8,10,ok
EVP_seed_cbc,007b28d0,8,10,ok
EVP_seed_cfb128,007b28e0,8,10,ok
EVP_seed_ofb,007b28f0,8,10,ok
EVP_seed_ecb,007b2900,8,10,ok
EVP_sm4_cbc,007b2910,8,8,ok
EVP_sm4_ecb,007b2920,8,8,ok
EVP_sm4_ofb,007b2930,8,8,ok
EVP_sm4_cfb128,007b2940,8,8,ok
EVP_sm4_ctr,007b2950,8,8,ok
EVP_desx_cbc,007b2960,8,10,ok
EVP_PKEY_CTX_set_ecdh_cofactor_mode,007b2970,315,69,ok
EVP_PKEY_CTX_get_ecdh_cofactor_mode,007b2ac0,289,71,ok
EVP_PKEY_CTX_set_ecdh_kdf_type,007b2bf0,26,9,ok
EVP_PKEY_CTX_get_ecdh_kdf_type,007b2c10,29,9,ok
EVP_PKEY_CTX_set_ecdh_kdf_md,007b2c30,26,9,ok
EVP_PKEY_CTX_get_ecdh_kdf_md,007b2c50,26,9,ok
EVP_PKEY_CTX_set_ecdh_kdf_outlen,007b2c70,311,69,ok
EVP_PKEY_CTX_get_ecdh_kdf_outlen,007b2dc0,316,72,ok
EVP_PKEY_CTX_set0_ecdh_kdf_ukm,007b2f10,327,74,ok
EVP_PKEY_CTX_get0_ecdh_kdf_ukm,007b3070,288,70,ok
EVP_PKEY_CTX_set_ec_paramgen_curve_nid,007b31b0,40,15,ok
EVP_PKEY_CTX_set_ec_param_enc,007b31e0,26,9,ok
lookup_pshufb_srp,007b3200,194,52,ok
lookup_pshufb_std,007b32d0,76,29,ok
insert_nl_gt16,007b3320,1401,374,ok
encode_base64_avx2,007b3a00,7989,1439,ok
evp_encodeblock_int,007b59a0,853,170,ok
alg_module_init,007b5d10,449,69,ok
EVP_add_alg_module,007b5ef0,21,11,ok
ossl_err_load_EVP_strings,007b5f10,51,15,ok
EVP_blake2b512,007b5f50,8,8,ok
EVP_blake2s256,007b5f60,8,8,ok
EVP_md4,007b5f70,8,10,ok
EVP_md5_sha1,007b5f80,8,8,ok
EVP_mdc2,007b5f90,8,8,ok
EVP_ripemd160,007b5fa0,8,10,ok
EVP_whirlpool,007b5fb0,8,10,ok
EVP_VerifyFinal_ex,007b5fc0,371,60,ok
EVP_VerifyFinal,007b6150,355,59,ok
ossl_ffc_generate_private_key,007b62d0,232,56,ok
ossl_ffc_validate_public_key_partial,007b63d0,236,44,ok
ossl_ffc_validate_public_key,007b64d0,366,65,ok
ossl_ffc_validate_private_key,007b6650,100,29,ok
generate_p,007b66d0,777,98,ok
generate_unverifiable_g,007b69f0,191,36,ok
ossl_ffc_params_FIPS186_4_gen_verify,007b6ac0,4547,481,ok
ossl_ffc_params_FIPS186_2_gen_verify,007b7cd0,2875,400,ok
ossl_ffc_params_FIPS186_4_generate,007b8830,33,11,ok
ossl_ffc_params_FIPS186_2_generate,007b8860,61,18,ok
ossl_ffc_params_validate_unverifiable_g,007b88b0,148,28,ok
ossl_ffc_params_FIPS186_4_validate,007b8950,114,25,ok
ossl_ffc_params_FIPS186_2_validate,007b89d0,132,24,ok
ossl_ffc_params_simple_validate,007b8a60,360,69,ok
ossl_ffc_params_full_validate,007b8be0,427,70,ok
internal_free_nop,007b8db0,1,8,ok
free_old_entry,007b8dc0,32,10,ok
free_old_neigh_table,007b8de0,55,10,ok
free_old_ht_value,007b8e20,17,9,ok
internal_ht_hash_fn,007b8e40,12,9,ok
free_oldmd,007b8e50,198,37,ok
grow_hashtable,007b8f20,971,165,ok
ossl_ht_new,007b92f0,636,132,ok
ossl_ht_read_lock,007b9580,22,14,ok
ossl_ht_read_unlock,007b95a0,17,12,ok
ossl_ht_write_lock,007b95c0,30,13,ok
ossl_ht_write_unlock,007b95f0,62,20,ok
ossl_ht_flush,007b9640,436,73,ok
ossl_ht_free,007b9810,762,127,ok
ossl_ht_count,007b9b40,5,8,ok
ossl_ht_foreach_until,007b9b50,146,32,ok
ossl_ht_filter,007b9bf0,252,45,ok
ossl_ht_value_list_free,007b9cf0,17,9,ok
ossl_ht_insert,007b9d10,2839,444,ok
ossl_ht_get,007ba870,1647,343,ok
ossl_ht_delete,007baf10,669,105,ok
ossl_ht_deref_value,007bb1e0,19,14,ok
ossl_ht_inner_value,007bb200,41,15,ok
ossl_err_load_HTTP_strings,007bb230,51,15,ok
IDEA_encrypt,007bb270,2573,351,ok
IDEA_cbc_encrypt,007bbd00,1494,225,ok
IDEA_cfb64_encrypt,007bc340,593,87,ok
IDEA_options,007bc600,8,8,ok
IDEA_ecb_encrypt,007bc610,181,23,ok
IDEA_ofb64_encrypt,007bc700,409,66,ok
IDEA_set_encrypt_key,007bc8c0,1127,184,ok
IDEA_set_decrypt_key,007bcd30,477,92,ok
ossl_malloc_align,007bcf30,206,32,ok
ossl_bsearch,007bd010,496,95,ok
sk_SSL_COMP_cmpfunc_thunk,007bd220,11,11,ok
sk_comp_cmp,007bd230,11,8,ok
cmeth_free,007bd240,17,9,ok
ossl_load_builtin_compressions,007bd260,168,31,ok
ossl_free_compression_methods_int,007bd310,12,9,ok
ossl_err_load_CRYPTO_strings,007bd320,51,15,ok
OPENSSL_cpuid_setup,007bd360,969,181,ok
ossl_get_openssldir,007bd760,8,8,ok
ossl_get_modulesdir,007bd770,8,8,ok
ossl_get_wininstallcontext,007bd780,8,8,ok
ossl_DER_w_precompiled,007bd790,180,48,ok
ossl_DER_w_boolean,007bd860,225,31,ok
ossl_DER_w_octet_string,007bd950,216,28,ok
ossl_DER_w_octet_string_uint32,007bda30,245,38,ok
ossl_DER_w_uint32,007bdb30,288,60,ok
ossl_DER_w_bn,007bdc60,604,123,ok
ossl_DER_w_null,007bded0,180,25,ok
ossl_DER_w_begin_sequence,007bdf90,44,19,ok
ossl_DER_w_end_sequence,007bdfd0,235,34,ok
ossl_punycode_decode,007be100,689,163,ok
ossl_a2ulabel,007be3e0,610,94,ok
trampoline,007be680,2,11,ok
sa_free_node,007be690,17,9,ok
sa_free_leaf,007be6b0,20,9,ok
ossl_sa_new,007be6d0,22,9,ok
ossl_sa_free,007be6f0,190,52,ok
ossl_sa_free_leaves,007be7d0,204,53,ok
ossl_sa_doall,007be8b0,218,56,ok
ossl_sa_doall_arg,007be9a0,339,83,ok
ossl_sa_num,007beb10,12,14,ok
ossl_sa_get,007beb20,112,33,ok
ossl_sa_set,007beb90,654,107,ok
md4_block_data_order.constprop.0,007bee50,1368,147,ok
MD4_Transform,007bf3b0,5,147,ok
MD4_Final,007bf3c0,324,76,ok
MD4_Init,007bf520,41,20,ok
md4_block_data_order,007bf550,1457,162,ok
MD4_Update,007bfb10,443,87,ok
MD5_Update,007bfcf0,448,87,ok
MD5_Transform,007bfed0,10,9,ok
MD5_Final,007bfee0,334,76,ok
MD5_Init,007c0040,41,20,ok
ossl_md5_sha1_init,007c0070,27,15,ok
ossl_md5_sha1_update,007c00a0,48,15,ok
ossl_md5_sha1_final,007c00e0,49,15,ok
ossl_md5_sha1_ctrl,007c0120,472,80,ok
mdc2_body,007c0310,551,53,ok
MDC2_Init,007c0540,47,12,ok
MDC2_Update,007c0570,220,45,ok
MDC2_Final,007c0660,109,25,ok
poly_decode_signed_4,007c0700,591,78,ok
poly_decode_signed_two_to_power_19,007c0960,369,55,ok
poly_decode_signed_two_to_power_17,007c0ae0,369,55,ok
poly_encode_signed_2,007c0c60,595,76,ok
poly_encode_signed_4,007c0ec0,206,38,ok
poly_encode_signed_two_to_power_17,007c0f90,365,49,ok
poly_encode_signed_two_to_power_19,007c1110,366,49,ok
poly_encode_6_bits,007c1290,157,34,ok
poly_encode_4_bits,007c1330,127,26,ok
poly_decode_signed_2,007c13b0,690,72,ok
ossl_ml_dsa_pk_encode,007c1670,500,70,ok
ossl_ml_dsa_pk_decode,007c1870,450,83,ok
ossl_ml_dsa_sk_encode,007c1a40,1118,137,ok
ossl_ml_dsa_sk_decode,007c1ec0,1385,215,ok
ossl_ml_dsa_sig_encode,007c2440,319,69,ok
ossl_ml_dsa_sig_decode,007c2590,402,92,ok
ossl_ml_dsa_poly_decode_expand_mask,007c2760,61,25,ok
ossl_ml_dsa_w1_encode,007c27b0,143,31,ok
public_from_private,007c2850,825,135,ok
keygen_internal.constprop.0,007c2b90,699,136,ok
ossl_ml_dsa_key_params,007c2e60,5,8,ok
ossl_ml_dsa_key_get_seed,007c2e70,8,8,ok
ossl_ml_dsa_key_get_prov_flags,007c2e80,7,8,ok
ossl_ml_dsa_set_prekey,007c2e90,368,52,ok
ossl_ml_dsa_key_pub_alloc,007c3010,95,21,ok
ossl_ml_dsa_key_priv_alloc,007c3080,161,29,ok
ossl_ml_dsa_key_reset,007c3130,316,37,ok
ossl_ml_dsa_key_free,007c3270,57,15,ok
ossl_ml_dsa_key_new,007c32c0,209,32,ok
ossl_ml_dsa_key_dup,007c33a0,853,181,ok
ossl_ml_dsa_key_equal,007c3700,140,39,ok
ossl_ml_dsa_key_has,007c37a0,44,22,ok
ossl_ml_dsa_key_public_from_private,007c37e0,419,65,ok
ossl_ml_dsa_key_pairwise_check,007c39a0,403,71,ok
ossl_ml_dsa_generate_key,007c3b40,331,51,ok
ossl_ml_dsa_key_matches,007c3ca0,14,8,ok
ossl_ml_dsa_key_get_pub,007c3cb0,8,8,ok
ossl_ml_dsa_key_get_pub_len,007c3cc0,9,8,ok
ossl_ml_dsa_key_get_collision_strength_bits,007c3cd0,9,8,ok
ossl_ml_dsa_key_get_security_category,007c3ce0,8,8,ok
ossl_ml_dsa_key_get_priv,007c3cf0,8,8,ok
ossl_ml_dsa_key_get_priv_len,007c3d00,9,8,ok
ossl_ml_dsa_key_get_sig_len,007c3d10,9,8,ok
ossl_ml_dsa_key_get0_libctx,007c3d20,12,11,ok
ossl_ml_dsa_key_get_name,007c3d40,8,8,ok
ossl_ml_dsa_key_compress_power2_round,007c3d50,137,23,ok
ossl_ml_dsa_key_compress_high_bits,007c3de0,63,15,ok
ossl_ml_dsa_key_compress_decompose,007c3e30,98,21,ok
ossl_ml_dsa_key_compress_low_bits,007c3ea0,91,19,ok
ossl_ml_dsa_key_compress_make_hint,007c3f10,214,26,ok
ossl_ml_dsa_key_compress_use_hint,007c3ff0,169,41,ok
ossl_ml_dsa_matrix_mult_vector,007c40b0,279,51,ok
ossl_ml_dsa_poly_ntt_mult,007c41d0,107,21,ok
ossl_ml_dsa_poly_ntt,007c4240,463,65,ok
ossl_ml_dsa_poly_ntt_inverse,007c4410,531,71,ok
ossl_ml_dsa_params_get,007c4630,28,17,ok
coeff_from_nibble_4,007c4680,73,16,ok
coeff_from_nibble_2,007c46d0,82,20,ok
rej_bounded_poly.constprop.0,007c4730,316,46,ok
ossl_ml_dsa_matrix_expand_A,007c4880,406,76,ok
ossl_ml_dsa_vector_expand_S,007c4a60,282,79,ok
ossl_ml_dsa_poly_expand_mask,007c4b80,163,26,ok
ossl_ml_dsa_poly_sample_in_ball,007c4c30,392,84,ok
ossl_ml_dsa_mu_init_int,007c4dc0,194,34,ok
ossl_ml_dsa_mu_init,007c4e90,188,36,ok
ossl_ml_dsa_mu_update,007c4f50,5,58,ok
ossl_ml_dsa_mu_finalize,007c4f60,70,17,ok
ossl_ml_dsa_sign,007c4fb0,4788,607,ok
ossl_ml_dsa_verify,007c6270,2454,318,ok
scalar_ntt,007c6c40,1769,284,ok
scalar_inverse_ntt,007c7330,1830,269,ok
scalar_mult,007c7a60,1237,523,ok
matrix_expand,007c7f40,433,93,ok
encode_pubkey,007c8100,269,88,ok
cbd_2,007c8220,733,510,ok
cbd_3,007c8500,593,60,ok
encrypt_cpa,007c8760,10261,2782,ok
encap,007caf90,389,92,ok
decap,007cb120,7640,2114,ok
parse_pubkey,007ccf10,501,98,ok
ossl_ml_kem_key_reset,007cd110,184,30,ok
ossl_ml_kem_get_vinfo,007cd1d0,50,15,ok
ossl_ml_kem_key_new,007cd210,495,62,ok
ossl_ml_kem_key_dup,007cd410,617,104,ok
ossl_ml_kem_key_free,007cd690,75,17,ok
ossl_ml_kem_encode_public_key,007cd6f0,44,15,ok
ossl_ml_kem_encode_private_key,007cd730,352,115,ok
ossl_ml_kem_encode_seed,007cd8a0,66,46,ok
ossl_ml_kem_set_seed,007cd8f0,164,59,ok
ossl_ml_kem_parse_public_key,007cd9b0,267,44,ok
ossl_ml_kem_parse_private_key,007cdad0,678,119,ok
ossl_ml_kem_genkey,007cdd90,5009,1630,ok
ossl_ml_kem_encap_seed,007cf150,321,40,ok
ossl_ml_kem_encap_rand,007cf2b0,137,23,ok
ossl_ml_kem_decap,007cf350,364,44,ok
ossl_ml_kem_pubkey_cmp,007cf4e0,97,24,ok
ossl_vaes_vpclmulqdq_capable,007cf560,31,16,ok
ossl_aes_gcm_init_avx512,007cf580,4,11,ok
ossl_aes_gcm_setiv_avx512,007cfa00,73,24,ok
ossl_aes_gcm_update_aad_avx512,007d2060,29,11,ok
ossl_aes_gcm_encrypt_avx512,007d4480,145,41,ok
ossl_aes_gcm_decrypt_avx512,00826b80,145,41,ok
ossl_aes_gcm_finalize_avx512,00879280,61,32,ok
ossl_gcm_gmult_avx512,008793c0,4,11,ok
_aesni_ctr32_ghash_6x,00879480,1376,604,ok
aesni_gcm_decrypt,00879a00,305,83,ok
_aesni_ctr32_6x,00879b40,358,130,ok
aesni_gcm_encrypt,00879cc0,1077,683,ok
CRYPTO_cbc128_encrypt,0087a100,1678,275,ok
CRYPTO_cbc128_decrypt,0087a7c0,1444,284,ok
CRYPTO_ccm128_init,0087ad70,55,15,ok
CRYPTO_ccm128_setiv,0087adb0,289,59,ok
CRYPTO_ccm128_aad,0087aef0,456,67,ok
CRYPTO_ccm128_encrypt,0087b0d0,2045,363,ok
CRYPTO_ccm128_decrypt,0087b8e0,1592,340,ok
CRYPTO_ccm128_encrypt_ccm64,0087bf30,1824,289,ok
CRYPTO_ccm128_decrypt_ccm64,0087c670,1600,314,ok
CRYPTO_ccm128_tag,0087ccc0,156,47,ok
CRYPTO_cfb128_encrypt,0087cd80,1865,347,ok
CRYPTO_cfb128_1_encrypt,0087d510,1028,97,ok
CRYPTO_cfb128_8_encrypt,0087d920,218,60,ok
CRYPTO_ctr128_encrypt,0087da00,1551,206,ok
CRYPTO_ctr128_encrypt_ctr32,0087e050,1411,182,ok
gcm_init_4bit,0087e600,414,60,ok
ossl_gcm_init_4bit,0087e7a0,46,495,ok
ossl_gcm_gmult_4bit,0087e7e0,46,138,ok
ossl_gcm_ghash_4bit,0087e820,46,2265,ok
CRYPTO_gcm128_init,0087e860,249,63,ok
CRYPTO_gcm128_setiv,0087e960,1077,203,ok
CRYPTO_gcm128_aad,0087eda0,591,103,ok
CRYPTO_gcm128_encrypt,0087f000,2025,296,ok
CRYPTO_gcm128_decrypt,0087f800,2010,299,ok
CRYPTO_gcm128_encrypt_ctr32,0087ffe0,1620,236,ok
CRYPTO_gcm128_decrypt_ctr32,00880650,1557,250,ok
CRYPTO_gcm128_finish,00880c80,371,57,ok
CRYPTO_gcm128_tag,00880e10,480,88,ok
CRYPTO_gcm128_new,00881020,293,67,ok
CRYPTO_gcm128_release,00881150,22,9,ok
gcm_gmult_4bit,00881180,272,49,ok
gcm_ghash_4bit,008812a0,2046,215,ok
gcm_init_clmul,00881aa0,604,279,ok
gcm_gmult_clmul,00881d00,4,87,ok
gcm_ghash_clmul,00881dc0,1583,827,ok
gcm_init_avx,00882420,404,172,ok
gcm_gmult_avx,008825c0,9,9,ok
gcm_ghash_avx,008825e0,1649,1205,ok
ocb_lookup_l,00882ca0,801,77,ok
CRYPTO_ocb128_init,00882fd0,1875,171,ok
CRYPTO_ocb128_new,00883730,137,20,ok
CRYPTO_ocb128_copy_ctx,008837c0,227,102,ok
CRYPTO_ocb128_setiv,008838b0,948,116,ok
CRYPTO_ocb128_aad,00883c70,415,103,ok
CRYPTO_ocb128_encrypt,00883e20,1181,212,ok
CRYPTO_ocb128_decrypt,008842d0,1199,214,ok
CRYPTO_ocb128_finish,00884790,122,23,ok
CRYPTO_ocb128_tag,00884810,127,22,ok
CRYPTO_ocb128_cleanup,008848a0,53,14,ok
CRYPTO_ofb128_encrypt,00884900,815,154,ok
ossl_siv128_new,00884c70,669,123,ok
ossl_siv128_init,00884f20,599,123,ok
ossl_siv128_copy_ctx,00885180,126,44,ok
ossl_siv128_aad,00885210,210,46,ok
ossl_siv128_encrypt,008852f0,470,91,ok
ossl_siv128_decrypt,008854d0,513,92,ok
ossl_siv128_finish,008856f0,4,8,ok
ossl_siv128_set_tag,00885700,22,21,ok
ossl_siv128_get_tag,00885720,22,21,ok
ossl_siv128_cleanup,00885740,111,20,ok
ossl_siv128_speed,008857c0,21,9,ok
crypto_128_unwrap_raw,008857e0,387,57,ok
CRYPTO_128_wrap.part.0,00885980,300,51,ok
CRYPTO_128_wrap,00885ab0,26,15,ok
CRYPTO_128_unwrap,00885ad0,112,23,ok
CRYPTO_128_wrap_pad,00885b50,274,41,ok
CRYPTO_128_unwrap_pad,00885c80,318,53,ok
CRYPTO_xts128_encrypt,00885dc0,2240,404,ok
ossl_crypto_xts128gb_encrypt,00886690,2498,469,ok
ossl_err_load_OBJ_strings,00887070,51,15,ok
ossl_err_load_OCSP_strings,008870b0,51,15,ok
i2r_ocsp_nocheck,008870f0,6,8,ok
i2r_ocsp_crlid,00887100,286,29,ok
i2r_ocsp_acutoff,00887230,72,17,ok
i2r_ocsp_nonce,00887280,77,17,ok
i2d_ocsp_nonce,008872d0,52,16,ok
ocsp_nonce_new,00887310,5,13,ok
ocsp_nonce_free,00887320,5,21,ok
s2i_ocsp_nocheck,00887330,5,13,ok
i2r_ocsp_serviceloc,00887340,238,29,ok
d2i_ocsp_nonce,00887440,221,43,ok
ossl_err_load_PEM_strings,00887530,51,15,ok
parse_bags.constprop.0,00887580,1230,171,ok
PKCS12_parse,00887a90,3257,384,ok
ossl_err_load_PKCS12_strings,008887b0,51,15,ok
PKCS7_add_attrib_smimecap,008887f0,168,32,ok
PKCS7_get_smimecap,008888b0,91,23,ok
PKCS7_simple_smimecap,00888910,416,67,ok
PKCS7_add_attrib_content_type,00888ac0,83,19,ok
PKCS7_add0_attrib_signing_time,00888b20,139,23,ok
PKCS7_add1_attrib_digest,00888bc0,112,22,ok
ossl_err_load_PKCS7_strings,00888c40,51,15,ok
Poly1305_ctx_size,00888c80,6,8,ok
Poly1305_Init,00888c90,91,20,ok
Poly1305_Update,00888cf0,375,72,ok
Poly1305_Final,00888e80,243,55,ok
ossl_err_load_PROP_strings,00888f80,51,15,ok
ossl_err_load_RAND_strings,00888fc0,51,15,ok
RC2_encrypt,00889000,290,67,ok
RC2_decrypt,00889130,335,66,ok
RC2_cbc_encrypt,00889290,1518,228,ok
RC2_ecb_encrypt,008898d0,164,24,ok
RC2_set_key,00889980,799,211,ok
RC2_cfb64_encrypt,00889cc0,525,72,ok
RC2_ofb64_encrypt,00889f00,333,50,ok
rc4_md5_enc,0088a070,4117,726,ok
RC4,0088b0c0,1606,451,ok
RC4_set_key,0088b730,174,69,ok
RC4_options,0088b7f0,41,21,ok
RIPEMD160_Init,0088b8c0,48,21,ok
ripemd160_block_data_order,0088b8f0,5071,554,ok
RIPEMD160_Update,0088ccc0,448,87,ok
RIPEMD160_Transform,0088cea0,10,9,ok
RIPEMD160_Final,0088ceb0,340,77,ok
ossl_err_load_RSA_strings,0088d020,51,15,ok
RSA_padding_add_none,0088d060,137,22,ok
RSA_padding_check_none,0088d100,114,20,ok
PKCS1_MGF1,0088d180,351,53,ok
ossl_rsa_padding_add_PKCS1_OAEP_mgf1_ex,0088d2f0,1345,243,ok
RSA_padding_check_PKCS1_OAEP_mgf1,0088d850,2265,363,ok
RSA_padding_check_PKCS1_OAEP,0088e140,23,11,ok
RSA_padding_add_PKCS1_OAEP,0088e160,1281,234,ok
RSA_padding_add_PKCS1_OAEP_mgf1,0088e680,1329,245,ok
RSA_sign_ASN1_OCTET_STRING,0088ebd0,265,38,ok
RSA_verify_ASN1_OCTET_STRING,0088ece0,323,43,ok
encode_pkcs1.constprop.0,0088ee30,716,127,ok
ossl_rsa_digestinfo_encoding,0088f140,360,77,ok
RSA_sign,0088f2d0,430,62,ok
ossl_rsa_verify,0088f490,1257,208,ok
RSA_verify,0088f9d0,44,17,ok
SEED_set_key,0088fa00,2226,235,ok
SEED_encrypt,008902c0,3398,320,ok
SEED_decrypt,00891010,3398,320,ok
SEED_cbc_encrypt,00891d60,29,13,ok
SEED_cfb128_encrypt,00891d90,25,10,ok
SEED_ecb_encrypt,00891db0,14,13,ok
SEED_ofb128_encrypt,00891dd0,20,9,ok
sha1_multi_block,00891e00,10925,7155,ok
sha1_multi_block_shaext,008948c0,1554,302,ok
sha1_multi_block_avx,00894f00,8510,3525,ok
sha1_multi_block_avx2,00897060,9035,1853,ok
sha1_block_data_order,008993c0,4211,2191,ok
sha1_block_data_order_shaext,0089a460,622,127,ok
sha1_block_data_order_ssse3,0089a6e0,3627,662,ok
sha1_block_data_order_avx,0089b520,3445,596,ok
sha1_block_data_order_avx2,0089c2b0,6367,1029,ok
ossl_sha1,0089dc40,113,23,ok
SHA1,0089dcc0,67,19,ok
SHA224,0089dd10,67,19,ok
SHA256,0089dd60,67,19,ok
SHA384,0089ddb0,67,19,ok
SHA512,0089de00,67,19,ok
SHA1_Update_thunk,0089de50,437,87,ok
SHA1_Transform,0089e020,10,9,ok
SHA1_Final,0089e030,357,91,ok
SHA1_Update,0089e1b0,437,87,ok
SHA1_Init,0089e380,48,21,ok
ossl_sha1_ctrl,0089e3b0,858,147,ok
sha256_multi_block,0089e740,10185,1,failed
sha256_multi_block_shaext,008a0f40,2183,693,ok
sha256_multi_block_avx,008a17e0,8384,3821,ok
sha256_multi_block_avx2,008a38e0,9112,1970,ok
sha256_block_data_order,008a5cc0,4546,2485,ok
sha256_block_data_order_shaext,008a6ec0,822,336,ok
sha256_block_data_order_ssse3,008a7200,3768,596,ok
sha256_block_data_order_avx,008a80c0,3814,523,ok
sha256_block_data_order_avx2,008a8fc0,5135,575,ok
SHA224_Init,008aa3f0,60,25,ok
SHA256_Init,008aa430,60,25,ok
ossl_sha256_192_init,008aa470,60,22,ok
SHA224_Update,008aa4b0,437,87,ok
SHA256_Update_thunk,008aa680,437,87,ok
SHA256_Transform,008aa850,10,9,ok
SHA256_Final,008aa860,687,191,ok
SHA224_Final,008aab30,5,191,ok
SHA256_Update,008aab40,437,87,ok
ossl_sha3_absorb_default,008aad10,12,9,ok
ossl_sha3_final_default,008aad20,141,20,ok
ossl_shake_squeeze_default,008aadb0,332,56,ok
ossl_sha3_reset,008aaf10,71,22,ok
ossl_sha3_init,008aaf60,140,30,ok
ossl_keccak_init,008aaff0,138,30,ok
ossl_sha3_absorb,008ab080,270,45,ok
ossl_sha3_final,008ab1a0,49,16,ok
ossl_sha3_squeeze,008ab1e0,34,15,ok
ossl_shake256_new,008ab210,160,38,ok
ossl_sp800_185_right_encode,008ab2b0,410,90,ok
ossl_sp800_185_encode_string,008ab460,198,52,ok
ossl_sp800_185_bytepad,008ab540,300,57,ok
sha512_224_init,008ab690,75,26,ok
sha512_256_init,008ab6e0,75,26,ok
SHA384_Init,008ab730,75,28,ok
SHA512_Init,008ab780,75,28,ok
SHA512_Final,008ab7d0,834,248,ok
SHA384_Final,008abb50,834,248,ok
SHA512_Update_thunk,008abed0,527,110,ok
SHA512_Update,008ac100,524,112,ok
SHA384_Update,008ac330,524,112,ok
SHA512_Transform,008ac560,10,9,ok
msg_encode.part.0.constprop.0,008ac580,363,49,ok
ossl_slh_dsa_sign,008ac700,1282,175,ok
ossl_slh_dsa_verify,008acc20,881,128,ok
ossl_slh_dsa_hash_ctx_new,008acfb0,200,37,ok
ossl_slh_dsa_hash_ctx_dup,008ad080,171,33,ok
ossl_slh_dsa_hash_ctx_prehash_pk_seed,008ad130,12,11,ok
ossl_slh_dsa_hash_ctx_free,008ad140,87,15,ok
slh_dsa_compute_pk_root,008ad1b0,273,57,ok
ossl_slh_dsa_key_get0_libctx,008ad2d0,16,11,ok
ossl_slh_dsa_key_new,008ad2f0,488,76,ok
ossl_slh_dsa_key_free,008ad4e0,124,18,ok
ossl_slh_dsa_key_dup,008ad570,507,148,ok
ossl_slh_dsa_key_equal,008ad770,134,33,ok
ossl_slh_dsa_key_has,008ad800,44,22,ok
ossl_slh_dsa_key_pairwise_check,008ad840,93,22,ok
ossl_slh_dsa_key_reset,008ad8b0,42,14,ok
ossl_slh_dsa_key_fromdata,008ad8f0,296,50,ok
ossl_slh_dsa_generate_key,008ada40,247,37,ok
ossl_slh_dsa_key_type_matches,008adb50,32,11,ok
ossl_slh_dsa_key_get_pub,008adb70,8,8,ok
ossl_slh_dsa_key_get_pub_len,008adb80,15,8,ok
ossl_slh_dsa_key_get_priv,008adb90,15,14,ok
ossl_slh_dsa_key_get_priv_len,008adba0,18,8,ok
ossl_slh_dsa_key_get_n,008adbc0,11,8,ok
ossl_slh_dsa_key_get_security_category,008adbd0,11,8,ok
ossl_slh_dsa_key_get_sig_len,008adbe0,11,8,ok
ossl_slh_dsa_key_get_name,008adbf0,11,8,ok
ossl_slh_dsa_key_get_type,008adc00,11,8,ok
ossl_slh_dsa_set_priv,008adc10,87,17,ok
ossl_slh_dsa_set_pub,008adc70,58,14,ok
ossl_slh_dsa_key_to_text,008adcb0,368,62,ok
slh_fors_node.constprop.0,008ade60,496,52,ok
ossl_slh_fors_sign,008ae060,495,95,ok
ossl_slh_fors_pk_from_sig,008ae270,940,132,ok
slh_t_sha512,008ae630,190,20,ok
slh_h_sha512,008ae6f0,186,21,ok
slh_hmsg_sha512,008ae7b0,258,30,ok
slh_wots_pk_gen_sha2,008ae8c0,626,111,ok
slh_h_sha256,008aeb40,189,49,ok
slh_f_sha256,008aec00,172,46,ok
slh_prf_sha256,008aecb0,164,47,ok
slh_prf_msg_sha2,008aed60,490,98,ok
slh_hmsg_sha256,008aef50,258,30,ok
slh_hash_sha256_dup,008af060,55,17,ok
slh_hash_sha256_precache,008af0a0,119,17,ok
slh_wots_pk_gen_shake,008af120,432,70,ok
slh_h_shake,008af2d0,138,30,ok
slh_f_shake,008af360,121,27,ok
slh_prf_shake,008af3e0,114,27,ok
slh_prf_msg_shake,008af460,148,21,ok
slh_hmsg_shake,008af500,159,23,ok
slh_hash_shake_dup,008af5a0,136,31,ok
slh_hash_shake_precache,008af630,147,22,ok
slh_t_sha256,008af6d0,172,46,ok
ossl_slh_get_hash_fn,008af780,30,14,ok
ossl_slh_ht_sign,008af7a0,406,63,ok
ossl_slh_ht_verify,008af940,297,42,ok
ossl_slh_dsa_params_get,008afa70,77,24,ok
ossl_slh_xmss_node,008afad0,342,42,ok
ossl_slh_xmss_sign,008afc30,598,72,ok
ossl_slh_xmss_pk_from_sig,008afe90,397,64,ok
SM2_Ciphertext_it,008b0040,8,8,ok
d2i_SM2_Ciphertext,008b0050,12,9,ok
i2d_SM2_Ciphertext,008b0060,12,9,ok
SM2_Ciphertext_new,008b0070,12,9,ok
SM2_Ciphertext_free,008b0080,12,9,ok
ossl_sm2_plaintext_size,008b0090,151,23,ok
ossl_sm2_ciphertext_size,008b0130,211,35,ok
ossl_sm2_encrypt,008b0210,3087,405,ok
ossl_sm2_decrypt,008b0e40,2792,355,ok
ossl_err_load_SM2_strings,008b1960,51,15,ok
ossl_sm2_key_private_check,008b19a0,269,49,ok
sm2_sig_gen,008b1ac0,1064,147,ok
sm2_sig_verify,008b1f20,816,114,ok
ossl_sm2_compute_z_digest,008b2270,1478,208,ok
sm2_compute_msg_hash,008b2880,624,83,ok
ossl_sm2_do_sign,008b2b10,64,19,ok
ossl_sm2_do_verify,008b2b60,91,19,ok
ossl_sm2_internal_sign,008b2bc0,316,55,ok
ossl_sm2_internal_verify,008b2d10,434,62,ok
EVP_sm3,008b2ed0,8,8,ok
ossl_sm3_block_data_order,008b2ee0,10631,851,ok
ossl_sm3_update,008b5870,526,95,ok
ossl_sm3_transform,008b5ab0,39,17,ok
ossl_sm3_final,008b5ae0,443,101,ok
ossl_sm3_init,008b5cb0,53,21,ok
hw_x86_64_sm4_set_key,008b5d00,34,18,ok
hw_x86_64_sm4_encrypt,008b5dc0,21,16,ok
hw_x86_64_sm4_decrypt,008b5e20,28,18,ok
ossl_sm4_set_key,008b5ed0,427,59,ok
ossl_sm4_encrypt,008b6080,2606,208,ok
ossl_sm4_decrypt,008b6ab0,2606,208,ok
ossl_err_load_OSSL_STORE_strings,008b74e0,51,15,ok
ossl_err_load_TS_strings,008b7520,51,15,ok
TS_ASN1_INTEGER_print_bio,008b7560,152,30,ok
TS_OBJ_print_bio,008b7600,65,12,ok
TS_ext_print_bio,008b7650,292,43,ok
TS_X509_ALGOR_print_bio,008b7790,53,17,ok
TS_MSG_IMPRINT_print_bio,008b77d0,128,23,ok
ossl_err_load_UI_strings,008b7860,51,15,ok
WHIRLPOOL_Init,008b78c0,52,19,ok
WHIRLPOOL_BitUpdate,008b7900,1044,190,ok
WHIRLPOOL_Update,008b7d30,210,27,ok
WHIRLPOOL_Final,008b7e10,572,141,ok
WHIRLPOOL,008b8060,278,42,ok
sk_X509_POLICY_DATA_freefunc_thunk,008b8180,8,11,ok
sk_X509_POLICY_DATA_cmpfunc_thunk,008b8190,11,12,ok
policy_data_cmp,008b81a0,19,9,ok
ossl_policy_cache_free,008b81c0,70,17,ok
ossl_policy_cache_set,008b8210,1076,158,ok
ossl_policy_cache_find_data,008b8660,42,15,ok
ossl_policy_data_free,008b86a0,79,17,ok
ossl_policy_data_new,008b8700,301,50,ok
ossl_policy_cache_set_mapping,008b8840,272,60,ok
sk_X509_POLICY_NODE_freefunc_thunk,008b8970,8,11,ok
X509_policy_tree_free.part.0,008b8980,190,30,ok
sk_X509_POLICY_DATA_freefunc_thunk,008b8a40,8,11,ok
exnode_free,008b8a50,31,12,ok
X509_policy_tree_free,008b8a80,11,12,ok
X509_policy_check,008b8aa0,3271,544,ok
OSSL_ALLOWED_ATTRIBUTES_CHOICE_it,008b97b0,8,8,ok
OSSL_ALLOWED_ATTRIBUTES_ITEM_it,008b97c0,8,8,ok
OSSL_ALLOWED_ATTRIBUTES_SYNTAX_it,008b97d0,8,8,ok
i2r_ALLOWED_ATTRIBUTES_SYNTAX,008b97e0,663,104,ok
d2i_OSSL_ALLOWED_ATTRIBUTES_CHOICE,008b9a80,12,9,ok
i2d_OSSL_ALLOWED_ATTRIBUTES_CHOICE,008b9a90,12,9,ok
OSSL_ALLOWED_ATTRIBUTES_CHOICE_new,008b9aa0,12,9,ok
OSSL_ALLOWED_ATTRIBUTES_CHOICE_free,008b9ab0,12,9,ok
d2i_OSSL_ALLOWED_ATTRIBUTES_ITEM,008b9ac0,12,9,ok
i2d_OSSL_ALLOWED_ATTRIBUTES_ITEM,008b9ad0,12,9,ok
OSSL_ALLOWED_ATTRIBUTES_ITEM_new,008b9ae0,12,9,ok
OSSL_ALLOWED_ATTRIBUTES_ITEM_free,008b9af0,12,9,ok
d2i_OSSL_ALLOWED_ATTRIBUTES_SYNTAX,008b9b00,12,9,ok
i2d_OSSL_ALLOWED_ATTRIBUTES_SYNTAX,008b9b10,12,9,ok
OSSL_ALLOWED_ATTRIBUTES_SYNTAX_new,008b9b20,12,9,ok
OSSL_ALLOWED_ATTRIBUTES_SYNTAX_free,008b9b30,12,9,ok
OSSL_TARGET_CERT_it,008b9b60,8,8,ok
OSSL_TARGET_it,008b9b70,8,8,ok
OSSL_TARGETS_it,008b9b80,8,8,ok
OSSL_TARGETING_INFORMATION_it,008b9b90,8,8,ok
i2r_TARGETING_INFORMATION,008b9ba0,1307,143,ok
d2i_OSSL_TARGET,008ba0f0,12,9,ok
i2d_OSSL_TARGET,008ba100,12,9,ok
OSSL_TARGET_new,008ba110,12,9,ok
OSSL_TARGET_free,008ba120,12,9,ok
d2i_OSSL_TARGETS,008ba130,12,9,ok
i2d_OSSL_TARGETS,008ba140,12,9,ok
OSSL_TARGETS_new,008ba150,12,9,ok
OSSL_TARGETS_free,008ba160,12,9,ok
d2i_OSSL_TARGETING_INFORMATION,008ba170,12,9,ok
i2d_OSSL_TARGETING_INFORMATION,008ba180,12,9,ok
OSSL_TARGETING_INFORMATION_new,008ba190,12,9,ok
OSSL_TARGETING_INFORMATION_free,008ba1a0,12,9,ok
NAMING_AUTHORITY_it,008ba1b0,8,8,ok
PROFESSION_INFO_it,008ba1c0,8,8,ok
ADMISSIONS_it,008ba1d0,8,8,ok
ADMISSION_SYNTAX_it,008ba1e0,8,8,ok
PROFESSION_INFO_free,008ba1f0,12,9,ok
ADMISSIONS_free,008ba200,12,9,ok
i2r_NAMING_AUTHORITY.isra.0,008ba210,432,54,ok
i2r_ADMISSION_SYNTAX,008ba3d0,1050,99,ok
d2i_NAMING_AUTHORITY,008ba800,12,9,ok
i2d_NAMING_AUTHORITY,008ba810,12,9,ok
NAMING_AUTHORITY_new,008ba820,12,9,ok
NAMING_AUTHORITY_free,008ba830,12,9,ok
d2i_PROFESSION_INFO,008ba840,12,9,ok
i2d_PROFESSION_INFO,008ba850,12,9,ok
PROFESSION_INFO_new,008ba860,12,9,ok
d2i_ADMISSIONS,008ba870,12,9,ok
i2d_ADMISSIONS,008ba880,12,9,ok
ADMISSIONS_new,008ba890,12,9,ok
d2i_ADMISSION_SYNTAX,008ba8a0,12,9,ok
i2d_ADMISSION_SYNTAX,008ba8b0,12,9,ok
ADMISSION_SYNTAX_new,008ba8c0,12,9,ok
ADMISSION_SYNTAX_free,008ba8d0,12,9,ok
NAMING_AUTHORITY_get0_authorityId,008ba8e0,4,8,ok
NAMING_AUTHORITY_set0_authorityId,008ba8f0,30,10,ok
NAMING_AUTHORITY_get0_authorityURL,008ba910,5,8,ok
NAMING_AUTHORITY_set0_authorityURL,008ba920,32,10,ok
NAMING_AUTHORITY_get0_authorityText,008ba940,5,8,ok
NAMING_AUTHORITY_set0_authorityText,008ba950,32,10,ok
ADMISSION_SYNTAX_get0_admissionAuthority,008ba970,4,8,ok
ADMISSION_SYNTAX_set0_admissionAuthority,008ba980,30,10,ok
ADMISSION_SYNTAX_get0_contentsOfAdmissions,008ba9a0,5,8,ok
ADMISSION_SYNTAX_set0_contentsOfAdmissions,008ba9b0,39,10,ok
ADMISSIONS_get0_admissionAuthority,008ba9e0,4,8,ok
ADMISSIONS_set0_admissionAuthority,008ba9f0,30,10,ok
ADMISSIONS_get0_namingAuthority,008baa10,5,8,ok
ADMISSIONS_set0_namingAuthority,008baa20,39,10,ok
ADMISSIONS_get0_professionInfos,008baa50,5,8,ok
ADMISSIONS_set0_professionInfos,008baa60,39,10,ok
PROFESSION_INFO_get0_addProfessionInfo,008baa90,5,8,ok
PROFESSION_INFO_set0_addProfessionInfo,008baaa0,32,10,ok
PROFESSION_INFO_get0_namingAuthority,008baac0,4,8,ok
PROFESSION_INFO_set0_namingAuthority,008baad0,37,10,ok
PROFESSION_INFO_get0_professionItems,008bab00,5,8,ok
PROFESSION_INFO_set0_professionItems,008bab10,39,10,ok
PROFESSION_INFO_get0_professionOIDs,008bab40,5,8,ok
PROFESSION_INFO_set0_professionOIDs,008bab50,39,10,ok
PROFESSION_INFO_get0_registrationNumber,008bab80,5,8,ok
PROFESSION_INFO_set0_registrationNumber,008bab90,32,10,ok
v2i_AUTHORITY_KEYID,008babc0,1763,276,ok
i2v_AUTHORITY_KEYID,008bb2d0,513,74,ok
OSSL_HASH_it,008bb500,8,8,ok
OSSL_INFO_SYNTAX_POINTER_it,008bb510,8,8,ok
OSSL_INFO_SYNTAX_it,008bb520,8,8,ok
OSSL_PRIVILEGE_POLICY_ID_it,008bb530,8,8,ok
OSSL_ATTRIBUTE_DESCRIPTOR_it,008bb540,8,8,ok
i2r_OSSL_ATTRIBUTE_DESCRIPTOR,008bb550,949,90,ok
d2i_OSSL_HASH,008bb910,12,9,ok
i2d_OSSL_HASH,008bb920,12,9,ok
OSSL_HASH_new,008bb930,12,9,ok
OSSL_HASH_free,008bb940,12,9,ok
d2i_OSSL_INFO_SYNTAX,008bb950,12,9,ok
i2d_OSSL_INFO_SYNTAX,008bb960,12,9,ok
OSSL_INFO_SYNTAX_new,008bb970,12,9,ok
OSSL_INFO_SYNTAX_free,008bb980,12,9,ok
d2i_OSSL_INFO_SYNTAX_POINTER,008bb990,12,9,ok
i2d_OSSL_INFO_SYNTAX_POINTER,008bb9a0,12,9,ok
OSSL_INFO_SYNTAX_POINTER_new,008bb9b0,12,9,ok
OSSL_INFO_SYNTAX_POINTER_free,008bb9c0,12,9,ok
d2i_OSSL_PRIVILEGE_POLICY_ID,008bb9d0,12,9,ok
i2d_OSSL_PRIVILEGE_POLICY_ID,008bb9e0,12,9,ok
OSSL_PRIVILEGE_POLICY_ID_new,008bb9f0,12,9,ok
OSSL_PRIVILEGE_POLICY_ID_free,008bba00,12,9,ok
d2i_OSSL_ATTRIBUTE_DESCRIPTOR,008bba10,12,9,ok
i2d_OSSL_ATTRIBUTE_DESCRIPTOR,008bba20,12,9,ok
OSSL_ATTRIBUTE_DESCRIPTOR_new,008bba30,12,9,ok
OSSL_ATTRIBUTE_DESCRIPTOR_free,008bba40,12,9,ok
OSSL_ATAV_it,008bba50,8,8,ok
OSSL_ATTRIBUTE_TYPE_MAPPING_it,008bba60,8,8,ok
OSSL_ATTRIBUTE_VALUE_MAPPING_it,008bba70,8,8,ok
OSSL_ATTRIBUTE_MAPPING_it,008bba80,8,8,ok
OSSL_ATTRIBUTE_MAPPINGS_it,008bba90,8,8,ok
i2r_ATTRIBUTE_MAPPINGS,008bbaa0,456,85,ok
d2i_OSSL_ATAV,008bbc80,12,9,ok
i2d_OSSL_ATAV,008bbc90,12,9,ok
OSSL_ATAV_new,008bbca0,12,9,ok
OSSL_ATAV_free,008bbcb0,12,9,ok
d2i_OSSL_ATTRIBUTE_TYPE_MAPPING,008bbcc0,12,9,ok
i2d_OSSL_ATTRIBUTE_TYPE_MAPPING,008bbcd0,12,9,ok
OSSL_ATTRIBUTE_TYPE_MAPPING_new,008bbce0,12,9,ok
OSSL_ATTRIBUTE_TYPE_MAPPING_free,008bbcf0,12,9,ok
d2i_OSSL_ATTRIBUTE_VALUE_MAPPING,008bbd00,12,9,ok
i2d_OSSL_ATTRIBUTE_VALUE_MAPPING,008bbd10,12,9,ok
OSSL_ATTRIBUTE_VALUE_MAPPING_new,008bbd20,12,9,ok
OSSL_ATTRIBUTE_VALUE_MAPPING_free,008bbd30,12,9,ok
d2i_OSSL_ATTRIBUTE_MAPPING,008bbd40,12,9,ok
i2d_OSSL_ATTRIBUTE_MAPPING,008bbd50,12,9,ok
OSSL_ATTRIBUTE_MAPPING_new,008bbd60,12,9,ok
OSSL_ATTRIBUTE_MAPPING_free,008bbd70,12,9,ok
d2i_OSSL_ATTRIBUTE_MAPPINGS,008bbd80,12,9,ok
i2d_OSSL_ATTRIBUTE_MAPPINGS,008bbd90,12,9,ok
OSSL_ATTRIBUTE_MAPPINGS_new,008bbda0,12,9,ok
OSSL_ATTRIBUTE_MAPPINGS_free,008bbdb0,12,9,ok
OSSL_AUTHORITY_ATTRIBUTE_ID_SYNTAX_it,008bbdc0,8,8,ok
i2r_auth_attr_id,008bbdd0,399,56,ok
d2i_OSSL_AUTHORITY_ATTRIBUTE_ID_SYNTAX,008bbf80,12,9,ok
i2d_OSSL_AUTHORITY_ATTRIBUTE_ID_SYNTAX,008bbf90,12,9,ok
OSSL_AUTHORITY_ATTRIBUTE_ID_SYNTAX_new,008bbfa0,12,9,ok
OSSL_AUTHORITY_ATTRIBUTE_ID_SYNTAX_free,008bbfb0,12,9,ok
OSSL_BASIC_ATTR_CONSTRAINTS_it,008bbfc0,8,8,ok
i2v_OSSL_BASIC_ATTR_CONSTRAINTS,008bbfd0,67,14,ok
v2i_OSSL_BASIC_ATTR_CONSTRAINTS,008bc020,345,49,ok
d2i_OSSL_BASIC_ATTR_CONSTRAINTS,008bc190,12,9,ok
i2d_OSSL_BASIC_ATTR_CONSTRAINTS,008bc1a0,12,9,ok
OSSL_BASIC_ATTR_CONSTRAINTS_new,008bc1b0,12,9,ok
OSSL_BASIC_ATTR_CONSTRAINTS_free,008bc1c0,12,9,ok
i2v_ASN1_BIT_STRING,008bc1d0,113,29,ok
v2i_ASN1_BIT_STRING,008bc250,382,57,ok
i2s_ASN1_ENUMERATED_TABLE,008bc3e0,96,25,ok
i2r_GROUP_AC,008bc470,6,8,ok
r2i_GROUP_AC,008bc480,5,13,ok
i2s_GROUP_AC,008bc490,24,9,ok
s2i_GROUP_AC,008bc4b0,5,13,ok
i2s_ASN1_IA5STRING,008bc4c0,91,23,ok
s2i_ASN1_IA5STRING,008bc530,186,33,ok
i2r_INDIRECT_ISSUER,008bc600,6,8,ok
r2i_INDIRECT_ISSUER,008bc610,5,13,ok
i2s_INDIRECT_ISSUER,008bc620,24,9,ok
s2i_INDIRECT_ISSUER,008bc640,5,13,ok
s2i_asn1_int,008bc650,8,9,ok
i2r_ISSUED_ON_BEHALF_OF,008bc660,96,18,ok
ossl_err_load_X509V3_strings,008bc6d0,51,15,ok
ossl_err_load_X509_strings,008bc710,51,15,ok
ossl_DER_w_algorithmIdentifier_MDWithRSAEncryption,008bc750,403,105,ok
ossl_DER_w_algorithmIdentifier_SM2_with_MD,008bc980,89,21,ok
ossl_digest_md_to_nid,008bc9f0,91,25,ok
ossl_digest_get_approved_nid,008bca60,74,22,ok
ossl_rsa_key_op_get_protect,008bcac0,329,62,ok
ossl_rsa_check_key_size,008bcc30,44,14,ok
ossl_kdf_check_key_size,008bcc60,14,8,ok
ossl_mac_check_key_size,008bcc70,14,8,ok
ossl_ec_check_curve_allowed,008bcc80,34,16,ok
ossl_ec_check_security_strength,008bccb0,44,16,ok
ossl_dsa_check_key,008bcce0,184,36,ok
ossl_dh_check_key,008bcdb0,123,29,ok
ossl_fips_config_securitycheck_enabled,008bce40,3,8,ok
ossl_digest_rsa_sign_get_md_nid,008bce50,36,15,ok
pref_cmp,008bce80,28,16,ok
ossl_ml_common_pkcs8_fmt_order,008bcea0,822,85,ok
ossl_err_load_PROV_strings,008bd200,51,15,ok
ossl_err_load_ASN1_strings,008bd240,51,15,ok
oid_module_finish,008bd280,1,8,ok
oid_module_init,008bd290,536,87,ok
ASN1_add_oid_module,008bd4d0,26,11,ok
stbl_module_finish,008bd4f0,5,18,ok
stbl_module_init,008bd500,967,124,ok
ASN1_add_stable_module,008bd8f0,26,9,ok
asn1_bio_callback_ctrl,008bd910,49,16,ok
asn1_bio_free,008bd950,165,27,ok
asn1_bio_flush_ex,008bda10,183,41,ok
asn1_bio_ctrl,008bdae0,507,123,ok
asn1_bio_gets,008bdd00,81,18,ok
asn1_bio_read,008bdd60,81,18,ok
asn1_bio_new,008bddc0,145,25,ok
asn1_bio_write,008bde60,491,97,ok
asn1_bio_puts,008be080,59,16,ok
BIO_f_asn1,008be0c0,8,10,ok
BIO_asn1_set_prefix,008be0d0,33,15,ok
BIO_asn1_get_prefix,008be100,58,17,ok
BIO_asn1_set_suffix,008be140,33,15,ok
BIO_asn1_get_suffix,008be170,58,17,ok
ossl_err_load_ASYNC_strings,008be1b0,51,15,ok
ossl_err_load_BIO_strings,008be1f0,51,15,ok
ossl_err_load_BN_strings,008be230,51,15,ok
BN_GF2m_add,008be280,411,99,ok
BN_GF2m_mod_arr,008be430,827,163,ok
BN_GF2m_mod_sqr_arr,008be780,1169,94,ok
BN_GF2m_mod_mul_arr,008bec20,532,93,ok
BN_GF2m_mod_solve_quad_arr.part.0,008bee40,857,97,ok
BN_GF2m_mod_exp_arr,008bf1c0,302,50,ok
BN_GF2m_mod_sqrt_arr,008bf310,134,28,ok
BN_GF2m_mod_solve_quad_arr,008bf3a0,30,15,ok
BN_GF2m_poly2arr,008bf3d0,198,62,ok
BN_GF2m_mod,008bf4b0,121,20,ok
BN_GF2m_mod_mul,008bf530,218,31,ok
BN_GF2m_mod_sqr,008bf620,210,30,ok
BN_GF2m_mod_exp,008bf700,218,31,ok
BN_GF2m_mod_sqrt,008bf7f0,292,41,ok
BN_GF2m_mod_solve_quad,008bf930,229,34,ok
BN_GF2m_mod_inv,008bfa30,1910,311,ok
BN_GF2m_mod_div,008c01d0,131,26,ok
BN_GF2m_mod_inv_arr,008c0260,130,33,ok
BN_GF2m_mod_div_arr,008c02f0,210,47,ok
BN_GF2m_arr2poly,008c03e0,75,23,ok
_mul_1x1,008c0440,711,93,ok
bn_GF2m_mul_2x2,008c0710,341,74,ok
ossl_err_load_BUF_strings,008c08c0,48,15,ok
ossl_err_load_CMP_strings,008c0900,51,15,ok
ossl_err_load_CMS_strings,008c0940,51,15,ok
ossl_err_load_COMP_strings,008c0980,51,15,ok
ossl_err_load_CONF_strings,008c09c0,51,15,ok
ossl_err_load_CRMF_strings,008c0a00,51,15,ok
ossl_err_load_CT_strings,008c0a40,51,15,ok
ossl_err_load_DH_strings,008c0a80,51,15,ok
ossl_err_load_DSA_strings,008c0ac0,51,15,ok
ossl_err_load_DSO_strings,008c0b00,51,15,ok
ossl_gf_mul,008c0b40,811,262,ok
ossl_gf_mulw_unsigned,008c0e80,376,88,ok
ossl_gf_sqr,008c1000,1063,260,ok
ossl_err_load_EC_strings,008c1430,51,15,ok
ossl_md5_block_asm_data_order,008c1470,2283,163,ok
poly1305_blocks,008c1e20,4,83,ok
poly1305_emit,008c1f20,4,23,ok
__poly1305_block,008c1f60,109,46,ok
__poly1305_init_avx,008c1fe0,485,73,ok
poly1305_blocks_avx,008c21e0,2561,641,ok
poly1305_emit_avx,008c2d00,216,48,ok
poly1305_blocks_avx2,008c2da0,705,503,ok
poly1305_blocks_avx512,008c3580,4,11,ok
poly1305_init_base2_44,008c3ea0,148,26,ok
poly1305_blocks_vpmadd52,008c3f40,77,28,ok
poly1305_blocks_vpmadd52_4x,008c40e0,20,14,ok
poly1305_blocks_vpmadd52_8x,008c4880,20,14,ok
poly1305_emit_base2_44,008c4ea0,93,31,ok
xor128_encrypt_n_pad,008c4f40,98,65,ok
xor128_decrypt_n_pad,008c4fb0,114,63,ok
__KeccakF1600,008c5040,718,147,ok
KeccakF1600,008c5320,109,25,ok
SHA3_absorb,008c53a0,178,48,ok
SHA3_squeeze,008c5480,97,38,ok
sha512_block_data_order,008c5500,4672,1826,ok
sha512_block_data_order_xop,008c6780,328,47,ok
sha512_block_data_order_avx,008c7700,4470,580,ok
sha512_block_data_order_avx2,008c88c0,5866,685,ok
sha512_block_data_order_sha512ext,008c9fc0,90,31,ok
slh_adrs_copy_keypair_address,008ca460,7,9,ok
slh_adrsc_set_layer_address,008ca470,4,9,ok
slh_adrsc_copy_keypair_address,008ca480,7,9,ok
slh_adrsc_copy,008ca490,16,20,ok
slh_adrs_copy,008ca4a0,17,26,ok
slh_adrsc_zero,008ca4c0,16,10,ok
slh_adrsc_set_type_and_clear,008ca4d0,20,11,ok
slh_adrs_zero,008ca4f0,12,10,ok
slh_adrsc_set_hash_address,008ca500,6,10,ok
slh_adrsc_set_chain_address,008ca510,6,10,ok
slh_adrsc_set_keypair_address,008ca520,6,10,ok
slh_adrs_set_hash_address,008ca530,6,10,ok
slh_adrs_set_chain_address,008ca540,6,10,ok
slh_adrs_set_keypair_address,008ca550,6,10,ok
slh_adrs_set_type_and_clear,008ca560,21,12,ok
slh_adrs_set_layer_address,008ca580,5,10,ok
slh_adrsc_set_tree_address,008ca590,8,12,ok
slh_adrs_set_tree_address,008ca5a0,8,12,ok
ossl_slh_get_adrs_fn,008ca5b0,19,8,ok
slh_wots_chain,008ca600,317,47,ok
ossl_slh_wots_pk_gen,008ca760,199,30,ok
ossl_slh_wots_sign,008ca830,1308,454,ok
ossl_slh_wots_pk_from_sig,008cad60,1405,473,ok
ossl_hwsm3_block_data_order,008cb300,157,43,ok
whirlpool_block,008cb710,2256,266,ok
sk_X509_POLICY_NODE_cmpfunc_thunk,008cbff0,11,12,ok
sk_X509_POLICY_DATA_freefunc_thunk,008cc000,8,11,ok
node_cmp,008cc010,25,9,ok
ossl_policy_node_cmp_new,008cc030,35,12,ok
ossl_policy_tree_find_sk,008cc060,46,17,ok
ossl_policy_level_find_node,008cc090,104,26,ok
ossl_policy_level_add_node,008cc100,542,88,ok
ossl_policy_node_free,008cc340,17,9,ok
ossl_policy_node_match,008cc360,110,29,ok
